,obs,reward,return_list,action_list,metrics,vcnt,potential
0,"[0.5        0.002      1.         1.         0.33333333 0.54166667
 0.95833333 1.         0.66666667 1.         0.33333333 0.83333333
 0.33333333 0.33333333 0.83333333 0.83333333 0.83333333 0.83333333
 0.66666667 0.66666667 0.16666667 0.33333333 0.33333333 0.66666667
 0.16666667 0.33333333 0.16666667 0.5        0.83333333 0.66666667
 0.33333333 0.83333333 1.         0.33333333 1.         0.015625
 0.0625     1.         0.02702703 1.         1.         0.01351351
 0.01351351 1.         0.66666667 0.83333333 0.33333333 0.16666667
 0.83333333 0.83333333 0.5        0.83333333 1.         1.
 0.66666667 0.66666667 1.         0.5        0.16666667 1.
 0.83333333 0.83333333 1.         0.125      1.         0.25
 0.0625     1.         0.0045045  0.02702703 1.         0.02702703
 0.01351351 1.         0.83333333 1.         0.83333333 0.5
 0.66666667 0.83333333 0.5        0.83333333 0.83333333 0.5
 0.5        0.66666667 0.83333333 0.33333333 0.5        1.
 1.         1.         0.25       0.125      1.         0.015625
 0.125      1.         1.         0.01818182 1.         0.2
 0.5        1.         0.16666667 0.83333333 0.83333333 1.
 0.16666667 1.         1.         0.66666667 0.83333333 0.5
 0.5        1.         0.33333333 0.16666667 0.16666667 0.5
 0.66666667 0.83333333 0.015625   0.0625     1.         0.25
 0.015625   1.         0.09090909 0.1        1.         0.5
 0.00909091 1.         0.16666667 0.66666667 0.5        0.5
 0.5        0.83333333 1.         0.83333333 0.5        0.16666667
 0.16666667 1.         0.16666667 1.         0.16666667 0.83333333
 0.33333333 0.66666667 0.25       0.5        1.         0.25
 0.5        1.         0.03703704 0.03703704 1.         0.5
 0.05555556 1.         0.83333333 0.16666667 0.66666667 0.83333333
 0.66666667 1.         0.33333333 0.83333333 0.16666667 1.
 0.83333333 1.         0.83333333 0.16666667 0.33333333 0.16666667
 1.         0.66666667 0.5        0.015625   1.         1.
 0.0625     1.         0.05555556 0.11111111 1.         1.
 0.5        1.         1.         1.         0.83333333 0.66666667
 0.16666667 1.         0.5        0.5        0.16666667 0.5
 0.16666667 0.16666667 0.83333333 1.         0.16666667 0.83333333
 0.66666667 0.5        0.5        0.0078125  1.         0.0625
 0.0078125  1.         0.07692308 1.         1.         0.07692308
 0.03846154 1.         0.5        1.         1.         1.
 0.33333333 0.16666667 0.33333333 0.16666667 0.33333333 0.16666667
 1.         0.5        0.66666667 0.33333333 0.66666667 0.33333333
 0.5        0.66666667 0.0625     0.00195312 1.         0.015625
 0.125      1.         0.03846154 0.5        1.         0.07692308
 0.03846154 1.         0.66666667 1.         0.33333333 0.16666667
 1.         0.33333333 0.5        0.33333333 1.         0.5
 0.5        0.16666667 1.         0.33333333 0.83333333 0.5
 1.         0.33333333 0.0625     0.0625     1.         0.5
 0.0078125  1.         0.25       0.08333333 1.         0.5
 0.16666667 1.        ]",9.287926353837173,"[6.9976453982184035, 7.0046500482666705, 7.011661709976647, 7.018680390367014, 7.025706096463478, 7.032738835298776, 7.039778613912689, 7.046825439352041, 7.053879318670711, 7.060940258929641, 7.068008267196838, 7.075083350547385, 7.082165516063449, 7.089254770834283, 7.096351121956239, 7.103454576532772, 7.110565141674447, 7.117682824498946, 7.124807632131077, 7.131939571702779, 7.139078650353133, 7.146224875228361, 7.153378253481843, 7.160538792274116, 7.16770649877289, 7.174881380153042, 7.182063443596639, 7.1892526962929315, 7.19644914543837, 7.2036527982366065, 7.210863661898505, 7.218081743642147, 7.225307050692839, 7.232539590283122, 7.239779369652775, 7.247026396048823, 7.254280676725549, 7.261542218944493, 7.268811029974468, 7.276087117091559, 7.2833704875791385, 7.2906611487278665, 7.297959107835703, 7.305264372207911, 7.312576949157068, 7.31989684600307, 7.327224070073143, 7.334558628701845, 7.341900529231076, 7.349249779010086, 7.356606385395482, 7.363970355751233, 7.371341697448682, 7.378720417866549, 7.386106524390939, 7.393500024415355, 7.400900925340696, 7.408309234575271, 7.415724959534806, 7.423148107642449, 7.4305786863287775, 7.438016703031809, 7.445462165197006, 7.452915080277283, 7.460375455733017, 7.467843299032049, 7.475318617649699, 7.4828014190687675, 7.490291710779547, 7.497789500279827, 7.505294795074902, 7.512807602677579, 7.520327930608188, 7.527855786394582, 7.535391177572154, 7.542934111683838, 7.550484596280118, 7.558042638919037, 7.565608247166203, 7.573181428594798, 7.580762190785584, 7.588350541326911, 7.595946487814725, 7.603550037852577, 7.611161199051629, 7.618779979030659, 7.626406385416075, 7.634040425841917, 7.641682107949867, 7.649331439389257, 7.6569884278170735, 7.664653080897971, 7.672325406304275, 7.6800054117159915, 7.687693104820812, 7.695388493314126, 7.703091584899025, 7.710802387286312, 7.718520908194506, 7.7262471553498555, 7.733981136486342, 7.741722859345688, 7.7494723316773655, 7.757229561238604, 7.764994555794398, 7.772767323117515, 7.780547870988504, 7.7883362071957, 7.796132339535235, 7.803936275811045, 7.81174802383488, 7.819567591426306, 7.8273949864127195, 7.835230216629349, 7.8430732899192686, 7.850924214133402, 7.8587829971305325, 7.86664964677731, 7.874524170948258, 7.882406577525784, 7.8902968744001845, 7.898195069469654, 7.906101170640294, 7.914015185826121, 7.921937122949069, 7.929866989939009, 7.937804794733743, 7.945750545279021, 7.95370424952855, 7.9616659154439935, 7.9696355509949885, 7.9776131641591475, 7.98559876292207, 7.993592355277348, 8.001593949226574, 8.009603552779353, 8.017621173953307, 8.025646820774082, 8.033680501275358, 8.041722223498857, 8.049771995494352, 8.057829825319672, 8.065895721040713, 8.073969690731444, 8.082051742473917, 8.090141884358275, 8.098240124482757, 8.10634647095371, 8.114460931885596, 8.122583515400997, 8.130714229630629, 8.138853082713341, 8.147000082796138, 8.155155238034173, 8.163318556590763, 8.1714900466374, 8.179669716353754, 8.187857573927682, 8.196053627555237, 8.204257885440677, 8.212470355796475, 8.220691046843317, 8.228919966810126, 8.237157123934061, 8.245402526460522, 8.253656182643164, 8.261918100743907, 8.27018828903294, 8.27846675578873, 8.286753509298027, 8.295048557855882, 8.303351909765647, 8.311663573338986, 8.319983556895883, 8.328311868764647, 8.33664851728193, 8.344993510792722, 8.353346857650372, 8.361708566216588, 8.370078644861449, 8.378457101963413, 8.386843945909321, 8.395239185094416, 8.403642827922338, 8.412054882805144, 8.420475358163307, 8.428904262425732, 8.437341604029761, 8.445787391421183, 8.454241633054236, 8.462704337391628, 8.471175512904532, 8.479655168072604, 8.488143311383988, 8.496639951335323, 8.505145096431756, 8.513658755186942, 8.522180936123064, 8.530711647770834, 8.539250898669504, 8.54779869736687, 8.55635505241929, 8.564919972391682, 8.573493465857538, 8.582075541398938, 8.590666207606544, 8.599265473079624, 8.60787334642605, 8.616489836262312, 8.625114951213526, 8.63374869991344, 8.642391091004445, 8.651042133137583, 8.659701834972555, 8.668370205177732, 8.677047252430162, 8.685732985415578, 8.694427412828407, 8.70313054337178, 8.711842385757537, 8.720562948706243, 8.72929224094719, 8.738030271218408, 8.746777048266674, 8.755532580847522, 8.764296877725247, 8.77306994767292, 8.781851799472392, 8.790642441914306, 8.799441883798105, 8.808250133932036, 8.817067201133169, 8.825893094227396, 8.834727822049446, 8.84357139344289, 8.85242381726015, 8.861285102362512, 8.870155257620132, 8.879034291912044, 8.88792221412617, 8.89681903315933, 8.905724757917248, 8.914639397314563, 8.923562960274838, 8.93249545573057, 8.941436892623193, 8.950387279903095, 8.959346626529625, 8.968314941471096, 8.977292233704802, 8.98627851221702, 8.995273786003022, 9.004278064067089, 9.013291355422512, 9.022313669091604, 9.03134501410571, 9.040385399505215, 9.049434834339555, 9.058493327667223, 9.067560888555779, 9.07663752608186, 9.085723249331192, 9.09481806739859, 9.103921989387977, 9.11303502441239, 9.122157181593984, 9.131288470064048, 9.14042889896301, 9.149578477440452, 9.158737214655106, 9.16790511977488, 9.177082201976857, 9.186268470447304, 9.195463934381687, 9.204668602984672, 9.213882485470142, 9.223105591061204, 9.232337928990194, 9.241579508498694, 9.250830338837531, 9.260090429266798, 9.269359789055853, 9.278638427483337, 9.287926353837173]","[13, 2, 0, 0, 0, 12, 22, 23, 3, 5, 1, 4, 1, 1, 4, 4, 4, 4, 3, 3, 0, 1, 1, 3, 0, 1, 0, 2, 4, 3, 1, 4, 1, 0, 0, 0, 2, 0, 3, 7, 0, 2, 2, 0, 3, 4, 1, 0, 4, 4, 2, 4, 5, 5, 3, 3, 5, 2, 0, 5, 4, 4, 6, 3, 0, 4, 2, 0, 0, 3, 0, 3, 2, 0, 4, 5, 4, 2, 3, 4, 2, 4, 4, 2, 2, 3, 4, 1, 2, 5, 5, 5, 4, 3, 0, 1, 4, 0, 7, 1, 0, 5, 6, 0, 0, 4, 4, 5, 0, 5, 5, 3, 4, 2, 2, 5, 1, 0, 0, 2, 3, 4, 1, 3, 0, 5, 1, 0, 3, 4, 0, 6, 0, 0, 0, 3, 2, 2, 2, 4, 5, 4, 2, 0, 0, 5, 0, 5, 0, 4, 1, 3, 5, 6, 0, 6, 7, 0, 1, 1, 0, 6, 2, 0, 4, 0, 3, 4, 3, 5, 1, 4, 0, 5, 4, 5, 4, 0, 1, 0, 5, 3, 7, 2, 0, 8, 4, 0, 2, 3, 0, 7, 6, 0, 5, 5, 4, 3, 0, 5, 2, 2, 0, 2, 0, 0, 4, 5, 0, 4, 3, 2, 7, 1, 0, 5, 2, 0, 1, 3, 0, 1, 0, 0, 2, 5, 5, 5, 1, 0, 1, 0, 1, 0, 5, 2, 3, 1, 3, 1, 2, 3, 5, 0, 0, 3, 6, 0, 0, 2, 0, 1, 0, 0, 3, 5, 1, 0, 5, 1, 2, 1, 5, 2, 2, 0, 5, 1, 4, 2, 5, 1, 5, 5, 0, 8, 2, 0, 2, 0, 0, 4, 1, 0]","{'latency': 330499826, 'energy': 36788265.0, 'area': 20377500.0, 'power': 0.22213000000000005, 'cnt_pes': 48, 'l1_mem': 54, 'l2_mem': 978, 'edp': 1.215851518134189e+16}",498,0.42979397473190856
1,"[0.5        0.002      1.         1.         1.         0.04166667
 0.08333333 0.91666667 0.66666667 0.83333333 0.33333333 1.
 0.83333333 0.33333333 0.83333333 0.83333333 1.         0.83333333
 0.66666667 0.66666667 1.         0.33333333 0.33333333 0.66666667
 0.16666667 0.33333333 0.16666667 0.5        0.83333333 0.66666667
 0.33333333 0.83333333 1.         0.33333333 1.         0.015625
 0.0625     1.         0.02702703 1.         1.         0.01351351
 0.01351351 1.         0.66666667 0.83333333 0.33333333 0.16666667
 0.83333333 0.83333333 0.5        0.83333333 1.         1.
 0.66666667 0.66666667 1.         0.5        0.16666667 1.
 0.83333333 0.83333333 1.         0.125      1.         0.25
 0.0625     1.         0.0045045  0.02702703 1.         0.02702703
 0.01351351 1.         0.83333333 1.         0.83333333 0.5
 0.66666667 0.83333333 0.5        0.83333333 0.83333333 0.5
 0.5        0.66666667 0.83333333 0.33333333 0.5        1.
 1.         1.         0.25       0.125      1.         0.015625
 0.125      1.         1.         0.01818182 1.         0.2
 0.5        1.         0.16666667 0.83333333 0.83333333 1.
 0.16666667 1.         1.         0.66666667 0.83333333 0.5
 0.5        1.         0.33333333 0.16666667 0.16666667 0.5
 0.66666667 0.83333333 0.015625   0.0625     1.         0.25
 0.015625   1.         0.09090909 0.1        1.         0.5
 0.00909091 1.         0.16666667 0.66666667 0.5        0.5
 0.5        0.83333333 1.         0.83333333 0.5        0.16666667
 0.16666667 1.         0.16666667 1.         0.16666667 0.83333333
 0.33333333 0.66666667 0.25       0.5        1.         0.25
 0.5        1.         0.03703704 0.03703704 1.         0.5
 0.05555556 1.         0.83333333 0.16666667 0.66666667 0.83333333
 0.66666667 1.         0.33333333 0.83333333 0.16666667 1.
 0.83333333 1.         0.83333333 0.16666667 0.33333333 0.16666667
 1.         0.66666667 0.5        0.015625   1.         1.
 0.0625     1.         0.05555556 0.11111111 1.         1.
 0.5        1.         1.         1.         0.83333333 0.66666667
 0.16666667 1.         0.5        0.5        0.16666667 0.5
 0.16666667 0.16666667 0.83333333 1.         0.16666667 0.83333333
 0.66666667 0.5        0.5        0.0078125  1.         0.0625
 0.0078125  1.         0.07692308 1.         1.         0.07692308
 0.03846154 1.         0.5        1.         1.         1.
 0.33333333 0.16666667 0.33333333 0.16666667 0.33333333 0.16666667
 1.         0.5        0.66666667 0.33333333 0.66666667 0.33333333
 0.5        0.66666667 0.0625     0.00195312 1.         0.015625
 0.125      1.         0.03846154 0.5        1.         0.07692308
 0.03846154 1.         0.66666667 1.         0.33333333 0.16666667
 1.         0.33333333 0.5        0.33333333 1.         0.5
 0.5        0.16666667 1.         0.33333333 0.83333333 0.5
 1.         0.33333333 0.0625     0.0625     1.         0.5
 0.0078125  1.         0.25       0.08333333 1.         0.5
 0.16666667 1.        ]",0.45668008794983966,"[0.34406876133120057, 0.3444131745057063, 0.34475793243814445, 0.3451030354736181, 0.34544848395757566, 0.3457942782358115, 0.34614041865446593, 0.346486905560026, 0.3468337392993253, 0.3471809202195449, 0.3475284486682131, 0.3478763249932063, 0.34822454954274906, 0.34857312266541446, 0.34892204471012456, 0.3492713160261507, 0.3496209369631138, 0.3499709078709848, 0.35032122910008484, 0.3506719010010859, 0.35102292392501094, 0.3513742982232342, 0.3517260242474817, 0.3520781023498315, 0.3524305328827142, 0.3527833161989131, 0.3531364526515647, 0.35348994259415883, 0.35384378638053937, 0.3541979843649043, 0.3545525369018061, 0.35490744434615223, 0.35526270705320545, 0.355618325378584, 0.3559742996782623, 0.3563306303085708, 0.356687317626197, 0.3570443619881852, 0.3574017637519371, 0.3577595232752123, 0.35811764091612847, 0.3584761170331616, 0.35883495198514676, 0.35919414613127804, 0.35955369983110913, 0.3599136134445537, 0.3602738873318856, 0.36063452185373934, 0.36099551737111046, 0.36135687424535584, 0.361718592838194, 0.36208067351170575, 0.36244311662833406, 0.36280592255088495, 0.3631690916425275, 0.3635326242667943, 0.3638965207875819, 0.36426078156915104, 0.36462540697612716, 0.36499039737350064, 0.36535575312662727, 0.3657214746012285, 0.3660875621633919, 0.36645401617957146, 0.3668208370165881, 0.36718802504162973, 0.36755558062225197, 0.36792350412637836, 0.36829179592230066, 0.36866045637867934, 0.36902948586454387, 0.36939888474929317, 0.3697686534026959, 0.37013879219489076, 0.37050930149638717, 0.37088018167806525, 0.3712514331111764, 0.37162305616734376, 0.3719950512185623, 0.3723674186371995, 0.37274015879599554, 0.3731132720680636, 0.3734867588268905, 0.3738606194463368, 0.37423485430063747, 0.37460946376440185, 0.37498444821261445, 0.37535980802063507, 0.37573554356419925, 0.3761116552194187, 0.37648814336278147, 0.3768650083711526, 0.3772422506217744, 0.3776198704922667, 0.3779978683606273, 0.37837624460523256, 0.3787549996048374, 0.37913413373857596, 0.37951364738596194, 0.3798935409268888, 0.38027381474163047, 0.3806544692108413, 0.38103550471555686, 0.38141692163719404, 0.3817987203575516, 0.3821809012588104, 0.3825634647235339, 0.3829464111346686, 0.38332974087554417, 0.383713454329874, 0.38409755188175576, 0.38448203391567143, 0.3848669008164879, 0.38525215296945736, 0.3856377907602176, 0.3860238145747924, 0.386410224799592, 0.3867970218214134, 0.38718420602744086, 0.3875717778052461, 0.3879597375427889, 0.3883480856284173, 0.3887368224508682, 0.3891259483992675, 0.38951546386313063, 0.389905369232363, 0.39029566489726025, 0.39068635124850876, 0.3910774286771859, 0.39146889757476067, 0.39186075833309375, 0.3922530113444382, 0.3926456570014396, 0.39303869569713673, 0.3934321278249617, 0.3938259537787404, 0.3942201739526931, 0.3946147887414345, 0.3950097985399745, 0.3954052037437182, 0.39580100474846663, 0.3961972019504171, 0.3965937957461632, 0.3969907865326959, 0.39738817470740334, 0.3977859606680714, 0.39818414481288433, 0.39858272754042473, 0.3989817092496744, 0.3993810903400144, 0.39978087121122563, 0.4001810522634891, 0.4005816338973865, 0.4009826165139004, 0.4013840005144148, 0.40178578630071554, 0.40218797427499053, 0.40259056483983036, 0.4029935583982286, 0.40339695535358217, 0.40380075610969185, 0.4042049610707626, 0.404609570641404, 0.40501458522663064, 0.4054200052318625, 0.4058258310629254, 0.4062320631260515, 0.40663870182787937, 0.4070457475754548, 0.40745320077623104, 0.4078610618380691, 0.4082693311692383, 0.40867800917841673, 0.4090870962746914, 0.40949659286755896, 0.4099064993669259, 0.410316816183109, 0.41072754372683584, 0.41113868240924506, 0.41155023264188695, 0.4119621948367237, 0.4123745694061298, 0.4127873567628927, 0.4132005573202129, 0.4136141714917046, 0.414028199691396, 0.41444264233372974, 0.4148574998335633, 0.41527277260616946, 0.41568846106723667, 0.4161045656328695, 0.4165210867195891, 0.41693802474433345, 0.4173553801244579, 0.4177731532777356, 0.41819134462235796, 0.4186099545769349, 0.4190289835604954, 0.4194484319924879, 0.41986830029278066, 0.4202885888816623, 0.42070929817984215, 0.4211304286084506, 0.42155198058903964, 0.4219739545435832, 0.4223963508944777, 0.4228191700645422, 0.42324241247701927, 0.42366607855557487, 0.42409016872429917, 0.42451468340770687, 0.4249396230307376, 0.4253649880187564, 0.42579077879755395, 0.4262169957933473, 0.4266436394327801, 0.427070710142923, 0.4274982083512743, 0.42792613448576006, 0.42835448897473477, 0.42878327224698176, 0.4292124847317135, 0.42964212685857206, 0.43007219905762967, 0.43050270175938904, 0.4309336353947838, 0.431365000395179, 0.43179679719237135, 0.43222902621858994, 0.43266168790649645, 0.4330947826891856, 0.4335283110001858, 0.43396227327345926, 0.43439666994340265, 0.4348315014448475, 0.43526676821306054, 0.4357024706837443, 0.4361386092930373, 0.43657518447751487, 0.43701219667418906, 0.4374496463205096, 0.43788753385436396, 0.43832585971407806, 0.43876462433841645, 0.43920382816658304, 0.43964347163822126, 0.4400835551934147, 0.4405240792726874, 0.4409650443170044, 0.4414064507677722, 0.44184829906683903, 0.44229058965649554, 0.442733322979475, 0.44317649947895393, 0.44362011959855246, 0.4440641837823348, 0.4445086924748096, 0.4449536461209305, 0.44539904516609663, 0.4458448900561528, 0.4462911812373902, 0.44673791915654676, 0.44718510426080754, 0.44763273699780537, 0.448080817815621, 0.44852934716278375, 0.44897832548827205, 0.4494277532415136, 0.44987763087238597, 0.4503279588312172, 0.45077873756878595, 0.4512299675363223, 0.4516816491855078, 0.4521337829684763, 0.4525863693378141, 0.4530394087465607, 0.4534929016482089, 0.4539468484967056, 0.454401249746452, 0.45485610585230435, 0.4553114172695739, 0.4557671844540279, 0.4562234078618898, 0.45668008794983966]","[13, 2, 0, 0, 2, 0, 1, 21, 3, 4, 1, 5, 4, 1, 4, 4, 5, 4, 3, 3, 5, 1, 1, 3, 0, 1, 0, 2, 4, 3, 1, 4, 1, 0, 0, 0, 2, 0, 3, 7, 0, 2, 2, 0, 3, 4, 1, 0, 4, 4, 2, 4, 5, 5, 3, 3, 5, 2, 0, 5, 4, 4, 6, 3, 0, 4, 2, 0, 0, 3, 0, 3, 2, 0, 4, 5, 4, 2, 3, 4, 2, 4, 4, 2, 2, 3, 4, 1, 2, 5, 5, 5, 4, 3, 0, 1, 4, 0, 7, 1, 0, 5, 6, 0, 0, 4, 4, 5, 0, 5, 5, 3, 4, 2, 2, 5, 1, 0, 0, 2, 3, 4, 1, 3, 0, 5, 1, 0, 3, 4, 0, 6, 0, 0, 0, 3, 2, 2, 2, 4, 5, 4, 2, 0, 0, 5, 0, 5, 0, 4, 1, 3, 5, 6, 0, 6, 7, 0, 1, 1, 0, 6, 2, 0, 4, 0, 3, 4, 3, 5, 1, 4, 0, 5, 4, 5, 4, 0, 1, 0, 5, 3, 7, 2, 0, 8, 4, 0, 2, 3, 0, 7, 6, 0, 5, 5, 4, 3, 0, 5, 2, 2, 0, 2, 0, 0, 4, 5, 0, 4, 3, 2, 7, 1, 0, 5, 2, 0, 1, 3, 0, 1, 0, 0, 2, 5, 5, 5, 1, 0, 1, 0, 1, 0, 5, 2, 3, 1, 3, 1, 2, 3, 5, 0, 0, 3, 6, 0, 0, 2, 0, 1, 0, 0, 3, 5, 1, 0, 5, 1, 2, 1, 5, 2, 2, 0, 5, 1, 4, 2, 5, 1, 5, 5, 0, 8, 2, 0, 2, 0, 0, 4, 1, 0]","{'latency': 2325841308, 'energy': 22404355.0, 'area': 199347000.0, 'power': 2.586656153846154, 'cnt_pes': 352, 'l1_mem': 54, 'l2_mem': 870400, 'edp': 5.210897433809634e+16}",26,0.08956233384328853
2,"[0.015625   0.256      1.         1.         0.33333333 1.
 0.08333333 0.66666667 0.83333333 1.         0.33333333 0.5
 0.83333333 0.16666667 0.83333333 0.83333333 0.16666667 0.83333333
 0.16666667 0.16666667 0.16666667 0.5        0.66666667 0.66666667
 0.5        0.33333333 0.16666667 0.5        0.33333333 0.83333333
 0.16666667 1.         1.         0.33333333 1.         0.03125
 0.25       1.         0.5        0.5        1.         0.01351351
 0.5        1.         0.66666667 0.83333333 0.5        0.16666667
 0.5        0.33333333 0.33333333 0.5        0.16666667 1.
 0.66666667 0.66666667 0.83333333 0.5        0.16666667 0.66666667
 0.5        1.         1.         0.5        1.         0.25
 0.5        1.         0.0045045  0.02702703 1.         0.00900901
 0.00900901 1.         0.16666667 1.         0.16666667 0.16666667
 0.66666667 0.66666667 0.5        0.5        0.66666667 1.
 0.83333333 0.66666667 1.         0.33333333 0.16666667 0.5
 0.66666667 1.         0.5        0.125      1.         0.03125
 0.125      1.         0.5        0.2        1.         0.09090909
 0.5        1.         0.16666667 0.33333333 0.83333333 0.83333333
 0.16666667 0.5        0.5        0.66666667 0.66666667 1.
 0.16666667 1.         0.33333333 0.83333333 0.33333333 0.66666667
 0.16666667 0.5        0.015625   0.0625     1.         0.25
 0.5        1.         0.2        0.09090909 1.         0.2
 0.1        1.         0.66666667 0.66666667 0.66666667 0.33333333
 0.66666667 0.33333333 0.5        0.83333333 0.5        0.5
 0.33333333 0.66666667 0.83333333 0.66666667 1.         0.5
 0.33333333 1.         0.125      0.03125    1.         0.015625
 0.00390625 1.         0.33333333 0.33333333 1.         0.05555556
 0.05555556 1.         0.83333333 0.16666667 0.66666667 0.83333333
 0.16666667 1.         0.83333333 0.66666667 0.16666667 1.
 0.5        1.         0.83333333 0.16666667 0.16666667 1.
 0.16666667 0.83333333 1.         0.125      1.         0.0078125
 0.00390625 1.         0.01851852 0.33333333 1.         0.11111111
 0.33333333 1.         0.83333333 0.33333333 0.83333333 0.66666667
 0.5        0.66666667 0.5        0.66666667 0.16666667 0.5
 0.83333333 0.83333333 0.83333333 0.16666667 0.66666667 0.83333333
 0.66666667 1.         0.5        0.125      1.         0.03125
 0.03125    1.         0.07692308 0.5        1.         0.07692308
 0.03846154 1.         0.5        0.5        0.33333333 1.
 0.16666667 0.33333333 0.16666667 0.16666667 0.33333333 0.66666667
 1.         0.5        0.66666667 0.83333333 1.         0.16666667
 0.5        0.5        0.25       0.0625     1.         0.015625
 0.00390625 1.         1.         1.         1.         1.
 0.03846154 1.         0.5        1.         0.16666667 0.33333333
 0.66666667 1.         0.5        1.         0.5        0.5
 0.5        1.         0.83333333 0.83333333 0.83333333 0.66666667
 0.33333333 0.33333333 0.5        0.0625     1.         1.
 0.0078125  1.         0.33333333 0.16666667 1.         0.25
 0.16666667 1.        ]",7.074708164343249,"[5.330177818378358, 5.335513331710068, 5.340854185895964, 5.346200386282246, 5.351551938220466, 5.356908847067534, 5.36227111818572, 5.367638756942663, 5.373011768711374, 5.378390158870244, 5.383773932803047, 5.389163095898946, 5.394557653552498, 5.399957611163662, 5.405362974137799, 5.410773747885685, 5.416189937823508, 5.421611549372881, 5.427038587960841, 5.4324710590198615, 5.437908967987849, 5.443352320308158, 5.448801121429588, 5.454255376806394, 5.459715091898293, 5.465180272170463, 5.470650923093557, 5.476127050143701, 5.481608658802503, 5.48709575455706, 5.49258834289996, 5.498086429329289, 5.503590019348638, 5.509099118467105, 5.5146137321993045, 5.52013386606537, 5.525659525590961, 5.531190716307268, 5.536727443751019, 5.542269713464483, 5.547817530995479, 5.5533709018973765, 5.558929831729105, 5.5644943260551605, 5.570064390445606, 5.575640030476082, 5.5812212517278095, 5.586808059787597, 5.592400460247845, 5.597998458706551, 5.603602060767319, 5.609211272039358, 5.614826098137496, 5.620446544682179, 5.626072617299478, 5.631704321621099, 5.637341663284383, 5.642984647932315, 5.648633281213528, 5.65428756878231, 5.659947516298609, 5.665613129428037, 5.671284413841879, 5.676961375217096, 5.682644019236332, 5.6883323515879205, 5.694026377965886, 5.699726104069956, 5.705431535605562, 5.711142678283846, 5.716859537821668, 5.72258211994161, 5.728310430371981, 5.734044474846828, 5.739784259105934, 5.745529788894829, 5.751281069964794, 5.757038108072867, 5.762800908981848, 5.768569478460309, 5.774343822282591, 5.78012394622882, 5.785909856084905, 5.791701557642548, 5.797499056699247, 5.803302359058305, 5.809111470528834, 5.81492639692576, 5.82074714406983, 5.826573717787618, 5.832406123911529, 5.838244368279809, 5.844088456736546, 5.8499383951316775, 5.855794189320998, 5.8616558451661644, 5.867523368534699, 5.873396765299999, 5.87927604134134, 5.885161202543884, 5.891052254798683, 5.896949204002685, 5.902852056058744, 5.90876081687562, 5.914675492367987, 5.920596088456444, 5.9265226110675115, 5.932455066133645, 5.938393459593239, 5.944337797390629, 5.950288085476105, 5.9562443298059105, 5.9622065363422525, 5.968174711053305, 5.974148859913218, 5.980128988902121, 5.986115104006127, 5.992107211217345, 5.998105316533879, 6.004109425959839, 6.010119545505344, 6.016135681186531, 6.022157839025557, 6.028186025050607, 6.034220245295903, 6.0402605058017045, 6.0463068126143185, 6.0523591717861045, 6.05841758937548, 6.064482071446927, 6.070552624070999, 6.076629253324323, 6.082711965289612, 6.088800766055668, 6.094895661717385, 6.10099665837576, 6.107103762137898, 6.1132169791170154, 6.119336315432448, 6.125461777209657, 6.131593370580237, 6.137731101681919, 6.143874976658578, 6.1500250016602385, 6.156181182843081, 6.162343526369451, 6.168512038407859, 6.174686725132992, 6.1808675927257175, 6.187054647373091, 6.193247895268359, 6.19944734261097, 6.2056529956065765, 6.211864860467044, 6.2180829434104545, 6.2243072506611155, 6.230537788449565, 6.2367745630125775, 6.243017580593171, 6.2492668474406114, 6.255522369810422, 6.261784153964387, 6.268052206170557, 6.2743265327032605, 6.280607139843103, 6.2868940338769805, 6.293187221098079, 6.299486707805885, 6.305792500306191, 6.312104604911102, 6.318423027939041, 6.324747775714756, 6.331078854569325, 6.337416270840166, 6.343760030871037, 6.350110141012049, 6.3564666076196685, 6.3628294370567255, 6.369198635692418, 6.37557420990232, 6.381956166068388, 6.388344510578967, 6.394739249828795, 6.401140390219014, 6.407547938157172, 6.413961900057229, 6.420382282339569, 6.426809091430999, 6.433242333764764, 6.439682015780544, 6.446128143924469, 6.452580724649118, 6.459039764413531, 6.465505269683215, 6.471977246930145, 6.478455702632777, 6.484940643276053, 6.491432075351404, 6.497930005356761, 6.504434439796557, 6.510945385181739, 6.517462848029769, 6.523986834864634, 6.530517352216851, 6.537054406623475, 6.543598004628103, 6.550148152780883, 6.556704857638522, 6.563268125764286, 6.569837963728014, 6.57641437810612, 6.582997375481602, 6.589586962444046, 6.596183145589635, 6.602785931521156, 6.609395326848004, 6.6160113381861905, 6.622633972158349, 6.629263235393743, 6.6358991345282705, 6.642541676204475, 6.649190867071547, 6.6558467137853325, 6.662509223008341, 6.66917840140975, 6.675854255665416, 6.682536792457874, 6.689226018476351, 6.695921940416768, 6.7026245649817495, 6.70933389888063, 6.71604994882946, 6.722772721551011, 6.7295022237747855, 6.736238462237022, 6.742981443680703, 6.749731174855559, 6.756487662518077, 6.763250913431508, 6.770020934365874, 6.776797732097972, 6.783581313411383, 6.7903716850964795, 6.79716885395043, 6.803972826777207, 6.8107836103875945, 6.817601211599194, 6.8244256372364305, 6.831256894130561, 6.838094989119681, 6.84493992904873, 6.851791720769499, 6.858650371140639, 6.865515887027667, 6.87238827530297, 6.879267542845816, 6.886153696542358, 6.893046743285644, 6.89994668997562, 6.906853543519139, 6.913767310829969, 6.9206879988287975, 6.927615614443241, 6.934550164607848, 6.9414916562641125, 6.948440096360473, 6.955395491852325, 6.962357849702028, 6.969327176878907, 6.976303480359266, 6.983286767126392, 6.990277044170563, 6.997274318489052, 7.004278597086138, 7.0112898869731115, 7.01830819516828, 7.025333528696977, 7.032365894591568, 7.03940529989146, 7.046451751643103, 7.053505256900003, 7.060565822722726, 7.067633456178905, 7.074708164343249]","[8, 9, 0, 0, 0, 23, 1, 15, 4, 5, 1, 2, 4, 0, 4, 4, 0, 4, 0, 0, 0, 2, 3, 3, 2, 1, 0, 2, 1, 4, 0, 5, 1, 0, 0, 1, 4, 0, 6, 6, 0, 2, 6, 0, 3, 4, 2, 0, 2, 1, 1, 2, 0, 5, 3, 3, 4, 2, 0, 3, 2, 5, 6, 5, 0, 4, 5, 0, 0, 3, 0, 1, 1, 0, 0, 5, 0, 0, 3, 3, 2, 2, 3, 5, 4, 3, 5, 1, 0, 2, 3, 5, 5, 3, 0, 2, 4, 0, 6, 5, 0, 3, 6, 0, 0, 1, 4, 4, 0, 2, 2, 3, 3, 5, 0, 5, 1, 4, 1, 3, 0, 2, 1, 3, 0, 5, 6, 0, 5, 3, 0, 5, 4, 0, 3, 3, 3, 1, 3, 1, 2, 4, 2, 2, 1, 3, 4, 3, 5, 2, 1, 5, 4, 2, 0, 2, 0, 0, 5, 5, 0, 2, 2, 0, 4, 0, 3, 4, 0, 5, 4, 3, 0, 5, 2, 5, 4, 0, 0, 5, 0, 4, 8, 5, 0, 1, 0, 0, 0, 5, 0, 3, 5, 0, 4, 1, 4, 3, 2, 3, 2, 3, 0, 2, 4, 4, 4, 0, 3, 4, 3, 5, 7, 5, 0, 4, 4, 0, 1, 2, 0, 1, 0, 0, 2, 2, 1, 5, 0, 1, 0, 0, 1, 3, 5, 2, 3, 4, 5, 0, 2, 2, 7, 5, 0, 3, 1, 0, 3, 3, 0, 3, 0, 0, 2, 5, 0, 1, 3, 5, 2, 5, 2, 2, 2, 5, 4, 4, 4, 3, 1, 1, 8, 5, 0, 9, 2, 0, 3, 1, 0, 2, 1, 0]","{'latency': 433891826, 'energy': 33684681.0, 'area': 13571900.0, 'power': 0.14985300000000001, 'cnt_pes': 32, 'l1_mem': 54, 'l2_mem': 658, 'edp': 1.4615507747317506e+16}",112,0.7039597733403776
3,"[5.00000000e-01 5.00000000e-04 1.00000000e+00 1.00000000e+00
 6.66666667e-01 9.16666667e-01 1.66666667e-01 2.50000000e-01
 8.33333333e-01 3.33333333e-01 6.66666667e-01 1.00000000e+00
 8.33333333e-01 8.33333333e-01 5.00000000e-01 1.00000000e+00
 1.00000000e+00 6.66666667e-01 1.66666667e-01 5.00000000e-01
 1.66666667e-01 1.66666667e-01 8.33333333e-01 6.66666667e-01
 1.00000000e+00 3.33333333e-01 6.66666667e-01 5.00000000e-01
 5.00000000e-01 5.00000000e-01 3.33333333e-01 1.00000000e+00
 1.00000000e+00 3.33333333e-01 1.00000000e+00 6.25000000e-02
 6.25000000e-02 1.00000000e+00 2.70270270e-02 4.50450450e-03
 1.00000000e+00 4.50450450e-03 1.00000000e+00 1.00000000e+00
 1.00000000e+00 5.00000000e-01 1.00000000e+00 8.33333333e-01
 1.00000000e+00 1.66666667e-01 5.00000000e-01 1.66666667e-01
 1.66666667e-01 3.33333333e-01 8.33333333e-01 1.66666667e-01
 8.33333333e-01 6.66666667e-01 1.66666667e-01 8.33333333e-01
 5.00000000e-01 1.66666667e-01 1.00000000e+00 3.12500000e-02
 1.00000000e+00 1.56250000e-02 5.00000000e-01 1.00000000e+00
 4.50450450e-03 1.66666667e-01 1.00000000e+00 1.66666667e-01
 5.00000000e-01 1.00000000e+00 6.66666667e-01 5.00000000e-01
 8.33333333e-01 1.66666667e-01 6.66666667e-01 1.66666667e-01
 1.66666667e-01 5.00000000e-01 8.33333333e-01 8.33333333e-01
 3.33333333e-01 6.66666667e-01 3.33333333e-01 3.33333333e-01
 8.33333333e-01 8.33333333e-01 1.00000000e+00 6.66666667e-01
 3.12500000e-02 1.25000000e-01 1.00000000e+00 1.56250000e-02
 1.56250000e-02 1.00000000e+00 5.00000000e-01 1.81818182e-02
 1.00000000e+00 1.00000000e-01 2.00000000e-01 1.00000000e+00
 1.00000000e+00 8.33333333e-01 5.00000000e-01 1.00000000e+00
 1.66666667e-01 3.33333333e-01 8.33333333e-01 6.66666667e-01
 6.66666667e-01 3.33333333e-01 1.66666667e-01 6.66666667e-01
 1.66666667e-01 5.00000000e-01 1.00000000e+00 5.00000000e-01
 6.66666667e-01 8.33333333e-01 1.56250000e-02 6.25000000e-02
 1.00000000e+00 7.81250000e-03 2.50000000e-01 1.00000000e+00
 2.00000000e-01 1.81818182e-02 1.00000000e+00 1.00000000e-01
 9.09090909e-02 1.00000000e+00 1.00000000e+00 1.00000000e+00
 5.00000000e-01 1.00000000e+00 3.33333333e-01 8.33333333e-01
 1.00000000e+00 8.33333333e-01 5.00000000e-01 8.33333333e-01
 5.00000000e-01 3.33333333e-01 1.00000000e+00 1.00000000e+00
 3.33333333e-01 5.00000000e-01 6.66666667e-01 6.66666667e-01
 1.25000000e-01 3.12500000e-02 1.00000000e+00 1.00000000e+00
 6.25000000e-02 1.00000000e+00 1.66666667e-01 1.11111111e-01
 1.00000000e+00 1.00000000e+00 3.33333333e-01 1.00000000e+00
 3.33333333e-01 5.00000000e-01 3.33333333e-01 1.66666667e-01
 5.00000000e-01 5.00000000e-01 6.66666667e-01 8.33333333e-01
 6.66666667e-01 8.33333333e-01 1.66666667e-01 1.00000000e+00
 3.33333333e-01 1.66666667e-01 8.33333333e-01 5.00000000e-01
 5.00000000e-01 1.00000000e+00 1.25000000e-01 1.25000000e-01
 1.00000000e+00 5.00000000e-01 5.00000000e-01 1.00000000e+00
 1.66666667e-01 1.66666667e-01 1.00000000e+00 3.70370370e-02
 1.00000000e+00 1.00000000e+00 1.00000000e+00 1.00000000e+00
 8.33333333e-01 8.33333333e-01 5.00000000e-01 6.66666667e-01
 1.66666667e-01 5.00000000e-01 1.00000000e+00 1.66666667e-01
 8.33333333e-01 5.00000000e-01 3.33333333e-01 1.66666667e-01
 3.33333333e-01 3.33333333e-01 8.33333333e-01 5.00000000e-01
 3.90625000e-03 2.50000000e-01 1.00000000e+00 1.56250000e-02
 7.81250000e-03 1.00000000e+00 1.00000000e+00 7.69230769e-02
 1.00000000e+00 3.84615385e-02 1.00000000e+00 1.00000000e+00
 1.00000000e+00 1.66666667e-01 1.00000000e+00 6.66666667e-01
 1.66666667e-01 5.00000000e-01 6.66666667e-01 1.66666667e-01
 5.00000000e-01 1.66666667e-01 1.00000000e+00 1.00000000e+00
 1.00000000e+00 8.33333333e-01 5.00000000e-01 8.33333333e-01
 5.00000000e-01 5.00000000e-01 1.56250000e-02 2.50000000e-01
 1.00000000e+00 6.25000000e-02 3.90625000e-03 1.00000000e+00
 3.84615385e-02 5.00000000e-01 1.00000000e+00 1.00000000e+00
 5.00000000e-01 1.00000000e+00 6.66666667e-01 5.00000000e-01
 6.66666667e-01 5.00000000e-01 5.00000000e-01 1.00000000e+00
 5.00000000e-01 5.00000000e-01 8.33333333e-01 1.66666667e-01
 8.33333333e-01 8.33333333e-01 1.00000000e+00 3.33333333e-01
 3.33333333e-01 6.66666667e-01 6.66666667e-01 1.00000000e+00
 1.00000000e+00 3.12500000e-02 1.00000000e+00 1.25000000e-01
 2.50000000e-01 1.00000000e+00 1.00000000e+00 8.33333333e-02
 1.00000000e+00 8.33333333e-02 1.66666667e-01 1.00000000e+00]",3.4853534564120427,"[2.6259109564698755, 2.6285394959658412, 2.6311706666324737, 2.633804471103577, 2.6364409120155927, 2.6390799920076002, 2.6417217137213216, 2.644366079801123, 2.6470130928940168, 2.6496627556496666, 2.652315070720387, 2.6549700407611483, 2.6576276684295776, 2.6602879563859636, 2.662950907293257, 2.665616523817074, 2.6682848086257, 2.67095576439009, 2.673629393783874, 2.676305699483357, 2.6789846841675247, 2.681666350518043, 2.684350701219262, 2.68703773895822, 2.6897274664246447, 2.6924198863109554, 2.6951150013122676, 2.6978128141263937, 2.7005133274538475, 2.7032165439978453, 2.7059224664643096, 2.7086310975618715, 2.7113424400018733, 2.7140564964983716, 2.7167732697681397, 2.7194927625306704, 2.7222149775081785, 2.724939917425604, 2.7276675850106145, 2.7303979829936083, 2.733131114107716, 2.7358669810888046, 2.73860558667548, 2.741346933609089, 2.744091024633723, 2.7468378624962195, 2.7495874499461657, 2.7523397897359017, 2.7550948846205223, 2.7578527373578803, 2.760613350708589, 2.7633767274360252, 2.7661428703063318, 2.7689117820884204, 2.7716834655539744, 2.774457923477452, 2.777235158636088, 2.7800151738098977, 2.7827979717816795, 2.7855835553370167, 2.788371927264281, 2.791163090354636, 2.7939570474020377, 2.796753801203241, 2.7995533545577986, 2.8023557102680665, 2.8051608711392055, 2.8079688399791847, 2.8107796195987835, 2.813593212811595, 2.816409622434029, 2.819228851285314, 2.8220509021875015, 2.824875777965467, 2.827703481446914, 2.8305340154623764, 2.8333673828452217, 2.8362035864316533, 2.839042629060714, 2.8418845135742883, 2.8447292428171056, 2.847576819636742, 2.850427246883626, 2.853280527411037, 2.856136664075112, 2.858995659734847, 2.861857517252099, 2.8647222394915905, 2.8675898293209117, 2.8704602896105222, 2.873333623233756, 2.876209833066823, 2.879088921988812, 2.8819708928816934, 2.884855748630324, 2.8877434921224463, 2.890634126248695, 2.8935276539025976, 2.896424077980578, 2.89932340138196, 2.902225627008969, 2.9051307577667353, 2.9080387965632988, 2.9109497463096083, 2.913863609919528, 2.9167803903098375, 2.9197000904002377, 2.922622713113351, 2.925548261374726, 2.9284767381128387, 2.931408146259098, 2.9343424887478458, 2.9372797685163623, 2.940219988504867, 2.9431631516565235, 2.946109260917441, 2.9490583192366775, 2.9520103295662437, 2.954965294861105, 2.957923218079184, 2.9608841021813657, 2.9638479501314974, 2.9668147648963936, 2.9697845494458393, 2.972757306752592, 2.9757330397923845, 2.9787117515439285, 2.9816934449889176, 2.9846781231120296, 2.9876657889009306, 2.9906564453462767, 2.9936500954417182, 2.996646742183902, 2.9996463885724745, 3.0026490376100847, 3.0056546923023872, 3.008663355658045, 3.0116750306887337, 3.0146897204091427, 3.0177074278369798, 3.020728155992973, 3.023751907900874, 3.0267786865874613, 3.029808495082544, 3.032841336418963, 3.0358772136325953, 3.0389161297623577, 3.0419580878502077, 3.0450030909411487, 3.048051142083232, 3.0511022443275593, 3.0541564007282878, 3.0572136143426305, 3.0602738882308613, 3.063337225456318, 3.066403629085403, 3.0694731021875907, 3.072545647835426, 3.0756212691045306, 3.0786999690736043, 3.0817817508244287, 3.0848666174418704, 3.087954572013884, 3.0910456176315155, 3.0941397573889042, 3.0972369943832874, 3.1003373317150023, 3.10344077248749, 3.106547319807297, 3.109656976784081, 3.1127697465306117, 3.1158856321627746, 3.1190046367995743, 3.1221267635631373, 3.1252520155787162, 3.1283803959746908, 3.1315119078825733, 3.13464655443701, 3.137784338775786, 3.1409252640398257, 3.144069333373199, 3.147216549923122, 3.1503669168399617, 3.153520437277239, 3.156677114391631, 3.159836951342974, 3.1629999512942684, 3.16616611741168, 3.1693354528645443, 3.17250796082537, 3.1756836444698395, 3.178862506976816, 3.1820445515283446, 3.1852297813096544, 3.1884181995091634, 3.1916098093184817, 3.194804613932414, 3.1980026165489632, 3.2012038203693325, 3.2044082285979303, 3.2076158444423726, 3.210826671113486, 3.2140407118253114, 3.2172579697951065, 3.22047844824335, 3.2237021503937435, 3.2269290794732166, 3.2301592387119284, 3.2333926313432717, 3.2366292606038756, 3.2398691297336093, 3.243112241975585, 3.246358600576161, 3.249608208784946, 3.252861069854801, 3.2561171870418426, 3.259376563605448, 3.2626392028082565, 3.2659051079161725, 3.269174282198371, 3.272446728927298, 3.2757224513786767, 3.2790014528315083, 3.2822837365680764, 3.2855693058739504, 3.2888581640379884, 3.2921503143523405, 3.295445760112453, 3.29874450461707, 3.3020465511682384, 3.3053519030713097, 3.3086605636349447, 3.311972536171116, 3.315287823995111, 3.3186064304255365, 3.3219283587843207, 3.3252536123967174, 3.3285821945913088, 3.331914108700009, 3.335249358058067, 3.338587946004071, 3.341929875879951, 3.345275151030982, 3.348623774805788, 3.351975750556344, 3.355331081637982, 3.3586897714093915, 3.362051823232624, 3.365417240473097, 3.3687860264995964, 3.3721581846842805, 3.375533718402683, 3.3789126310337165, 3.3822949259596764, 3.385680606566243, 3.3890696762424852, 3.392462138380866, 3.3958579963772433, 3.399257253630874, 3.4026599135444187, 3.4060659795239427, 3.4094754549789217, 3.412888343322244, 3.416304647970214, 3.4197243723425568, 3.423147519862419, 3.4265740939563756, 3.43000409805443, 3.4334375355900204, 3.4368744100000206, 3.4403147247247454, 3.4437584832079535, 3.4472056888968505, 3.4506563452420926, 3.4541104556977906, 3.457568023721512, 3.461029052774286, 3.4644935463206066, 3.467961507828435, 3.4714329407692044, 3.474907848617822, 3.478386234852675, 3.4818681029556307, 3.4853534564120427]","[13, 0, 0, 0, 1, 21, 3, 5, 4, 1, 3, 5, 4, 4, 2, 5, 5, 3, 0, 2, 0, 0, 4, 3, 5, 1, 3, 2, 2, 2, 1, 5, 1, 0, 0, 2, 2, 0, 3, 0, 0, 0, 7, 0, 5, 2, 5, 4, 5, 0, 2, 0, 0, 1, 4, 0, 4, 3, 0, 4, 2, 0, 6, 1, 0, 0, 5, 0, 0, 4, 0, 4, 6, 0, 3, 2, 4, 0, 3, 0, 0, 2, 4, 4, 1, 3, 1, 1, 4, 4, 5, 3, 1, 3, 0, 1, 1, 0, 6, 1, 0, 4, 5, 0, 5, 4, 2, 5, 0, 1, 4, 3, 3, 1, 0, 3, 0, 2, 5, 2, 3, 4, 1, 3, 0, 0, 5, 0, 5, 1, 0, 4, 3, 0, 5, 5, 2, 5, 1, 4, 5, 4, 2, 4, 2, 1, 5, 5, 1, 2, 3, 3, 4, 2, 0, 8, 4, 0, 4, 3, 0, 7, 5, 0, 1, 2, 1, 0, 2, 2, 3, 4, 3, 4, 0, 5, 1, 0, 4, 2, 2, 5, 5, 5, 0, 7, 7, 0, 4, 4, 0, 1, 7, 0, 5, 5, 4, 4, 2, 3, 0, 2, 5, 0, 4, 2, 1, 0, 1, 1, 4, 2, 0, 6, 0, 3, 2, 0, 3, 1, 0, 0, 3, 0, 5, 0, 5, 3, 0, 2, 3, 0, 2, 0, 5, 5, 5, 4, 2, 4, 2, 2, 3, 7, 0, 5, 1, 0, 0, 2, 0, 3, 2, 0, 3, 2, 3, 2, 2, 5, 2, 2, 4, 0, 4, 4, 5, 1, 1, 3, 3, 5, 9, 4, 0, 6, 7, 0, 5, 0, 0, 0, 1, 0]","{'latency': 880730773, 'energy': 27793802.2, 'area': 42373300.0, 'power': 0.5288513846153847, 'cnt_pes': 96, 'l1_mem': 54, 'l2_mem': 133120, 'edp': 2.44788568962151e+16}",279,0.22043310746004896
4,"[0.125      0.002      1.         1.         1.         0.20833333
 0.54166667 0.41666667 0.83333333 1.         0.16666667 0.16666667
 0.83333333 0.66666667 0.33333333 0.16666667 0.16666667 0.5
 0.16666667 0.66666667 0.16666667 0.5        0.33333333 0.16666667
 0.33333333 0.83333333 0.16666667 0.5        0.83333333 1.
 0.16666667 1.         0.33333333 0.33333333 1.         1.
 0.5        1.         0.02702703 0.5        1.         0.01351351
 0.02702703 1.         1.         0.83333333 0.33333333 1.
 0.83333333 0.83333333 0.83333333 0.83333333 1.         0.5
 0.83333333 0.5        0.83333333 0.66666667 0.16666667 0.83333333
 0.5        1.         1.         0.015625   1.         1.
 1.         1.         0.00900901 0.02702703 1.         0.01351351
 0.5        1.         0.66666667 0.5        0.16666667 0.5
 0.66666667 0.5        0.66666667 0.66666667 1.         1.
 0.33333333 0.16666667 0.83333333 0.66666667 0.5        0.33333333
 0.33333333 0.33333333 0.015625   0.25       1.         0.0625
 0.03125    1.         0.09090909 0.01818182 1.         1.
 0.1        1.         1.         0.66666667 0.83333333 0.66666667
 0.66666667 0.66666667 0.5        0.66666667 0.66666667 0.5
 0.33333333 0.66666667 1.         0.5        0.33333333 0.16666667
 0.5        0.5        0.125      0.03125    1.         0.0078125
 0.0078125  1.         0.2        0.5        1.         1.
 0.09090909 1.         0.66666667 0.16666667 0.66666667 0.5
 0.83333333 0.83333333 1.         0.16666667 0.16666667 1.
 0.33333333 0.33333333 0.5        0.5        0.83333333 0.16666667
 0.5        0.16666667 0.015625   0.125      1.         0.25
 0.125      1.         0.01851852 0.03703704 1.         0.33333333
 1.         1.         0.83333333 1.         0.83333333 0.66666667
 1.         0.5        0.5        0.83333333 0.66666667 1.
 0.16666667 0.16666667 0.33333333 1.         1.         0.83333333
 0.5        0.66666667 0.0078125  0.015625   1.         0.5
 0.00390625 1.         0.05555556 0.11111111 1.         1.
 0.5        1.         1.         0.83333333 0.83333333 1.
 0.5        1.         0.83333333 0.33333333 0.33333333 0.5
 1.         1.         0.16666667 0.16666667 1.         0.33333333
 1.         0.5        1.         0.00390625 1.         0.00390625
 0.03125    1.         1.         0.07692308 1.         0.07692308
 0.5        1.         0.83333333 0.33333333 0.5        0.33333333
 0.16666667 0.16666667 0.5        0.5        0.33333333 0.66666667
 0.33333333 1.         0.83333333 0.5        0.83333333 0.16666667
 0.16666667 0.66666667 0.0625     0.00195312 1.         0.00390625
 0.25       1.         1.         1.         1.         0.07692308
 0.5        1.         0.33333333 0.16666667 0.16666667 0.83333333
 0.83333333 0.33333333 0.33333333 0.5        0.83333333 0.16666667
 0.5        0.5        0.33333333 1.         0.83333333 1.
 0.16666667 0.16666667 0.0078125  0.0625     1.         0.125
 0.125      1.         1.         1.         1.         0.16666667
 0.08333333 1.        ]",0.023516382411069202,"[0.017717550601978792, 0.01773528588786666, 0.017753038926793453, 0.017770809736529985, 0.01778859833486485, 0.017806404739604455, 0.01782422896857303, 0.01784207103961264, 0.017859930970583224, 0.017877808779362587, 0.017895704483846434, 0.017913618101948383, 0.017931549651599984, 0.017949499150750736, 0.017967466617368102, 0.01798545206943754, 0.018003455524962506, 0.01802147700196447, 0.018039516518482953, 0.018057574092575527, 0.018075649742317845, 0.01809374348580365, 0.018111855341144796, 0.018129985326471268, 0.018148133459931198, 0.018166299759690887, 0.01818448424393482, 0.018202686930865686, 0.01822090783870439, 0.01823914698569008, 0.01825740439008016, 0.01827568007015031, 0.018293974044194507, 0.01831228633052503, 0.018330616947472504, 0.01834896591338589, 0.018367333246632523, 0.01838571896559812, 0.01840412308868681, 0.01842254563432113, 0.01844098662094207, 0.01845944606700908, 0.01847792399100008, 0.01849642041141149, 0.01851493534675825, 0.018533468815573825, 0.018552020836410235, 0.018570591427838075, 0.018589180608446523, 0.018607788396843367, 0.018626414811655022, 0.018645059871526547, 0.01866372359512167, 0.018682406001122795, 0.018701107108231026, 0.018719826935166193, 0.01873856550066686, 0.018757322823490352, 0.018776098922412766, 0.018794893816228994, 0.01881370752375275, 0.018832540063816565, 0.018851391455271836, 0.018870261716988825, 0.018889150867856683, 0.018908058926783468, 0.018926985912696166, 0.018945931844540707, 0.01896489674128199, 0.018983880621903895, 0.019002883505409303, 0.019021905410820123, 0.0190409463571773, 0.01906000636354084, 0.01907908544898983, 0.019098183632622452, 0.019117300933556007, 0.019136437370926934, 0.019155592963890824, 0.019174767731622445, 0.01919396169331576, 0.019213174868183944, 0.019232407275459405, 0.0192516589343938, 0.019270929864258057, 0.019290220084342398, 0.019309529613956353, 0.01932885847242878, 0.019348206679107888, 0.01936757425336125, 0.019386961214575827, 0.019406367582157986, 0.019425793375533518, 0.019445238614147667, 0.01946470331746513, 0.0194841875049701, 0.019503691196166267, 0.019523214410576844, 0.01954275716774459, 0.019562319487231822, 0.019581901388620444, 0.019601502891511954, 0.019621124015527482, 0.01964076478030779, 0.019660425205513303, 0.019680105310824127, 0.019699805115940067, 0.01971952464058065, 0.019739263904485136, 0.019759022927412547, 0.01977880172914169, 0.01979860032947116, 0.01981841874821938, 0.019838257005224604, 0.01985811512034495, 0.019877993113458406, 0.01989789100446287, 0.019917808813276143, 0.01993774655983598, 0.01995770426410008, 0.019977681946046124, 0.019997679625671796, 0.02001769732299479, 0.020037735058052845, 0.020057792850903748, 0.020077870721625375, 0.02009796869031569, 0.020118086777092783, 0.02013822500209488, 0.020158383385480358, 0.020178561947427787, 0.02019876070813592, 0.020218979687823744, 0.020239218906730475, 0.02025947838511559, 0.020279758143258848, 0.02030005820146031, 0.02032037858004035, 0.02034071929933969, 0.02036108037971941, 0.02038146184156097, 0.020401863705266237, 0.020422285991257495, 0.020442728719977474, 0.020463191911889365, 0.02048367558747684, 0.020504179767244085, 0.0205247044717158, 0.020545249721437238, 0.020565815536974213, 0.020586401938913125, 0.020607008947860987, 0.020627636584445434, 0.020648284869314748, 0.020668953823137885, 0.02068964346660449, 0.020710353820424913, 0.02073108490533024, 0.020751836742072313, 0.020772609351423735, 0.020793402754177914, 0.020814216971149064, 0.020835052023172235, 0.020855907931103337, 0.020876784715819156, 0.020897682398217373, 0.02091860099921659, 0.020939540539756347, 0.020960501040797143, 0.020981482523320463, 0.02100248500832879, 0.021023508516845636, 0.02104455306991555, 0.021065618688604154, 0.02108670539399815, 0.021107813207205357, 0.02112894214935471, 0.021150092241596308, 0.021171263505101408, 0.02119245596106247, 0.021213669630693165, 0.021234904535228395, 0.02125616069592432, 0.021277438134058378, 0.021298736870929307, 0.021320056927857163, 0.021341398326183345, 0.021362761087270615, 0.021384145232503118, 0.021405550783286403, 0.02142697776104745, 0.021448426187234686, 0.021469896083318004, 0.021491387470788794, 0.021512900371159955, 0.02153443480596592, 0.021555990796762684, 0.021577568365127812, 0.021599167532660474, 0.021620788320981455, 0.021642430751733187, 0.021664094846579766, 0.021685780627206972, 0.021707488115322294, 0.021729217332654947, 0.0217509683009559, 0.0217727410419979, 0.021794535577575474, 0.021816351929504978, 0.021838190119624602, 0.021860050169794396, 0.021881932101896293, 0.021903835937834126, 0.02192576169953366, 0.0219477094089426, 0.02196967908803063, 0.021991670758789418, 0.02201368444323265, 0.02203572016339605, 0.022057777941337387, 0.022079857799136522, 0.022101959758895416, 0.022124083842738153, 0.022146230072810965, 0.022168398471282248, 0.022190589060342592, 0.022212801862204798, 0.022235036899103902, 0.022257294193297198, 0.022279573767064263, 0.02230187564270697, 0.02232419984254952, 0.022346546388938456, 0.0223689153042427, 0.022391306610853555, 0.02241372033118474, 0.02243615648767241, 0.022458615102775185, 0.02248109619897416, 0.022503599798772932, 0.02252612592469763, 0.022548674599296926, 0.022571245845142068, 0.022593839684826894, 0.022616456140967862, 0.022639095236204068, 0.022661756993197266, 0.022684441434631896, 0.02270714858321511, 0.02272987846167679, 0.022752631092769558, 0.022775406499268826, 0.0227982047039728, 0.0228210257297025, 0.022843869599301802, 0.02286673633563744, 0.02288962596159904, 0.02291253850009914, 0.022935473974073212, 0.02295843240647969, 0.02298141382029999, 0.023004418238538528, 0.023027445684222752, 0.023050496180403154, 0.023073569750153306, 0.023096666416569878, 0.02311978620277265, 0.023142929131904553, 0.023166095227131686, 0.02318928451164333, 0.02321249700865198, 0.023235732741393372, 0.0232589917331265, 0.023282274007133633, 0.023305579586720353, 0.02332890849521557, 0.023352260755971542, 0.023375636392363907, 0.0233990354277917, 0.023422457885677376, 0.023445903789466843, 0.023469373162629474, 0.023492866028658133, 0.023516382411069202]","[11, 2, 0, 0, 2, 4, 12, 9, 4, 5, 0, 0, 4, 3, 1, 0, 0, 2, 0, 3, 0, 2, 1, 0, 1, 4, 0, 2, 4, 5, 0, 5, 0, 0, 0, 6, 5, 0, 3, 6, 0, 2, 3, 0, 5, 4, 1, 5, 4, 4, 4, 4, 5, 2, 4, 2, 4, 3, 0, 4, 2, 5, 6, 0, 0, 6, 6, 0, 1, 3, 0, 2, 6, 0, 3, 2, 0, 2, 3, 2, 3, 3, 5, 5, 1, 0, 4, 3, 2, 1, 1, 1, 0, 4, 0, 3, 2, 0, 3, 1, 0, 7, 4, 0, 5, 3, 4, 3, 3, 3, 2, 3, 3, 2, 1, 3, 5, 2, 1, 0, 2, 2, 4, 2, 0, 0, 0, 0, 5, 6, 0, 7, 3, 0, 3, 0, 3, 2, 4, 4, 5, 0, 0, 5, 1, 1, 2, 2, 4, 0, 2, 0, 1, 4, 0, 6, 5, 0, 0, 1, 0, 5, 7, 0, 4, 5, 4, 3, 5, 2, 2, 4, 3, 5, 0, 0, 1, 5, 5, 4, 2, 3, 1, 2, 0, 7, 0, 0, 2, 3, 0, 7, 6, 0, 5, 4, 4, 5, 2, 5, 4, 1, 1, 2, 5, 5, 0, 0, 5, 1, 5, 2, 8, 0, 0, 1, 4, 0, 3, 1, 0, 1, 2, 0, 4, 1, 2, 1, 0, 0, 2, 2, 1, 3, 1, 5, 4, 2, 4, 0, 0, 3, 5, 0, 0, 1, 7, 0, 3, 3, 0, 1, 2, 0, 1, 0, 0, 4, 4, 1, 1, 2, 4, 0, 2, 2, 1, 5, 4, 5, 0, 0, 2, 5, 0, 6, 6, 0, 5, 5, 0, 1, 0, 0]","{'latency': 1179906701, 'energy': 21686077.5, 'area': 15780400000.0, 'power': 35.98241538461538, 'cnt_pes': 5200, 'l1_mem': 54, 'l2_mem': 1060480, 'edp': 2.558754816065533e+16}",14,0.006522270968963807
5,"[0.0078125  0.5        1.         1.         0.33333333 0.125
 0.95833333 0.70833333 0.83333333 0.16666667 0.33333333 0.83333333
 0.66666667 0.83333333 0.83333333 0.83333333 1.         0.16666667
 0.33333333 0.66666667 0.16666667 1.         0.83333333 0.33333333
 1.         0.16666667 0.16666667 0.5        0.83333333 0.16666667
 0.16666667 1.         1.         1.         1.         0.25
 0.0625     1.         0.02702703 0.0045045  1.         1.
 0.0045045  1.         0.66666667 0.83333333 0.5        1.
 0.66666667 0.16666667 0.33333333 0.83333333 0.66666667 0.83333333
 0.33333333 0.5        1.         0.5        0.66666667 1.
 0.83333333 0.83333333 1.         0.5        1.         0.125
 0.0625     1.         0.5        0.00900901 1.         0.16666667
 0.5        1.         0.33333333 0.16666667 0.83333333 1.
 0.66666667 0.83333333 1.         0.83333333 0.33333333 0.33333333
 0.16666667 0.33333333 0.16666667 0.33333333 0.16666667 0.66666667
 0.5        0.16666667 1.         0.125      1.         1.
 0.5        1.         0.09090909 0.01818182 1.         0.2
 0.2        1.         0.33333333 0.5        0.5        0.16666667
 0.16666667 1.         1.         0.33333333 0.66666667 0.5
 0.66666667 1.         1.         0.16666667 1.         0.5
 0.66666667 0.5        0.03125    0.0625     1.         0.0078125
 0.015625   1.         1.         0.09090909 1.         0.00909091
 1.         1.         1.         0.66666667 0.16666667 0.5
 0.33333333 0.16666667 0.66666667 0.5        0.83333333 0.16666667
 0.83333333 0.16666667 0.16666667 0.5        1.         0.5
 0.66666667 0.16666667 0.125      0.03125    1.         1.
 0.0625     1.         0.03703704 0.03703704 1.         0.03703704
 0.01851852 1.         0.5        1.         0.33333333 0.16666667
 0.5        0.5        0.83333333 0.66666667 1.         1.
 0.83333333 0.16666667 0.5        0.16666667 0.66666667 0.66666667
 0.5        1.         0.03125    0.125      1.         1.
 0.00390625 1.         0.05555556 0.05555556 1.         0.33333333
 0.16666667 1.         1.         0.83333333 0.83333333 0.83333333
 1.         1.         0.5        0.83333333 0.16666667 0.66666667
 1.         0.5        0.66666667 0.83333333 0.83333333 0.33333333
 0.33333333 0.16666667 0.0078125  0.015625   1.         0.125
 0.00195312 1.         0.07692308 0.07692308 1.         0.03846154
 0.03846154 1.         0.66666667 0.16666667 0.83333333 0.16666667
 0.16666667 1.         0.66666667 0.66666667 0.66666667 0.5
 1.         0.83333333 1.         0.83333333 0.5        0.5
 0.5        0.66666667 0.03125    0.125      1.         0.0078125
 1.         1.         0.5        0.03846154 1.         1.
 1.         1.         0.16666667 0.33333333 0.33333333 0.83333333
 1.         1.         0.83333333 1.         0.33333333 0.16666667
 0.33333333 1.         0.5        0.33333333 0.83333333 1.
 1.         0.16666667 1.         0.0625     1.         0.25
 0.25       1.         0.08333333 0.08333333 1.         0.08333333
 1.         1.        ]",6.678714663379707,"[5.031831126751425, 5.036867994746171, 5.041909904650821, 5.046956861512333, 5.052008870382716, 5.057065936319035, 5.062128064383419, 5.0671952596430625, 5.072267527170233, 5.077344872042275, 5.082427299341616, 5.087514814155772, 5.092607421577349, 5.097705126704053, 5.102807934638692, 5.1079158504891815, 5.11302887936855, 5.118147026394945, 5.123270296691637, 5.128398695387024, 5.133532227614639, 5.138670898513152, 5.143814713226378, 5.148963676903281, 5.154117794697979, 5.159277071769749, 5.164441513283032, 5.16961112440744, 5.174785910317757, 5.179965876193951, 5.185151027221172, 5.190341368589762, 5.195536905495258, 5.200737643138396, 5.205943586725121, 5.211154741466588, 5.216371112579167, 5.2215927052844515, 5.226819524809261, 5.232051576385646, 5.237288865250897, 5.242531396647545, 5.247779175823368, 5.253032208031399, 5.258290498529929, 5.263554052582512, 5.268822875457969, 5.274096972430399, 5.279376348779179, 5.284661009788968, 5.289950960749717, 5.295246206956674, 5.300546753710384, 5.305852606316701, 5.311163770086788, 5.316480250337125, 5.321802052389514, 5.3271291815710855, 5.3324616432143, 5.337799442656957, 5.343142585242199, 5.348491076318518, 5.353844921239758, 5.359204125365123, 5.364568694059182, 5.369938632691873, 5.375313946638512, 5.380694641279792, 5.386080722001794, 5.39147219419599, 5.396869063259249, 5.402271334593843, 5.40767901360745, 5.413092105713163, 5.418510616329493, 5.423934550880373, 5.429363914795169, 5.434798713508678, 5.440238952461139, 5.445684637098237, 5.451135772871108, 5.456592365236345, 5.462054419656001, 5.467521941597599, 5.472994936534133, 5.478473409944077, 5.483957367311389, 5.489446814125514, 5.4949417558813956, 5.500442198079475, 5.505948146225701, 5.511459605831533, 5.516976582413947, 5.522499081495442, 5.5280271086040464, 5.53356066927332, 5.5390997690423625, 5.544644413455818, 5.550194608063882, 5.555750358422305, 5.5613116700923975, 5.566878548641038, 5.5724509996406795, 5.578029028669349, 5.583612641310659, 5.5892018431538135, 5.594796639793607, 5.600397036830437, 5.606003039870307, 5.611614654524832, 5.617231886411243, 5.622854741152396, 5.628483224376772, 5.634117341718491, 5.639757098817308, 5.645402501318626, 5.6510535548735, 5.6567102651386385, 5.662372637776415, 5.6680406784548705, 5.673714392847718, 5.6793937866343525, 5.685078865499852, 5.690769635134987, 5.696466101236223, 5.702168269505728, 5.70787614565138, 5.713589735386766, 5.719309044431197, 5.725034078509707, 5.73076484335306, 5.736501344697758, 5.742243588286044, 5.74799157986591, 5.753745325191101, 5.759504830021122, 5.765270100121243, 5.771041141262505, 5.776817959221727, 5.782600559781509, 5.788388948730239, 5.794183131862101, 5.799983114977078, 5.805788903880959, 5.8116005043853445, 5.817417922307652, 5.823241163471123, 5.829070233704828, 5.834905138843672, 5.8407458847284, 5.846592477205606, 5.8524449221277335, 5.858303225353087, 5.864167392745832, 5.8700374301760085, 5.875913343519528, 5.881795138658187, 5.887682821479666, 5.893576397877544, 5.899475873751295, 5.905381255006302, 5.911292547553855, 5.917209757311166, 5.923132890201368, 5.929061952153521, 5.934996949102624, 5.940937886989613, 5.946884771761375, 5.952837609370746, 5.958796405776522, 5.9647611669434655, 5.970731898842308, 5.9767086074497575, 5.982691298748506, 5.988679978727233, 5.9946746533806134, 6.000675328709323, 6.006682010720043, 6.012694705425469, 6.018713418844313, 6.024738157001314, 6.030768925927242, 6.036805731658901, 6.04284858023914, 6.0488974777168565, 6.0549524301470035, 6.0610134435905945, 6.067080524114709, 6.073153677792502, 6.079232910703205, 6.085318228932136, 6.091409638570707, 6.097507145716423, 6.103610756472896, 6.109720476949845, 6.115836313263109, 6.121958271534643, 6.128086357892536, 6.134220578471007, 6.140360939410417, 6.1465074468572745, 6.152660106964238, 6.158818925890128, 6.164983909799928, 6.171155064864793, 6.177332397262055, 6.18351591317523, 6.189705618794024, 6.195901520314338, 6.202103623938276, 6.208311935874151, 6.2145264623364875, 6.220747209546033, 6.226974183729763, 6.233207391120884, 6.239446837958843, 6.2456925304893325, 6.251944474964297, 6.258202677641939, 6.2644671447867255, 6.270737882669395, 6.2770148975669615, 6.2832981957627245, 6.289587783546271, 6.295883667213484, 6.302185853066551, 6.308494347413966, 6.314809156570536, 6.321130286857394, 6.327457744601996, 6.3337915361381345, 6.340131667805941, 6.346478145951893, 6.352830976928821, 6.3591901670959174, 6.365555722818736, 6.371927650469205, 6.37830595642563, 6.384690647072703, 6.391081728801504, 6.397479208009514, 6.403883091100615, 6.4102933844851, 6.416710094579679, 6.423133227807487, 6.4295627905980846, 6.435998789387472, 6.4424412306180905, 6.448890120738829, 6.455345466205034, 6.461807273478512, 6.46827554902754, 6.474750299326867, 6.481231530857724, 6.4877192501078325, 6.494213463571404, 6.500714177749153, 6.5072213991483006, 6.513735134282583, 6.520255389672255, 6.526782171844099, 6.53331548733143, 6.539855342674104, 6.546401744418523, 6.55295469911764, 6.559514213330971, 6.566080293624595, 6.572652946571166, 6.579232178749916, 6.5858179967466635, 6.592410407153817, 6.599009416570388, 6.60561503160199, 6.612227258860851, 6.618846104965817, 6.62547157654236, 6.632103680222582, 6.638742422645227, 6.6453878104556825, 6.6520398503059885, 6.658698548854844, 6.665363912767611, 6.672035948716327, 6.678714663379707]","[7, 10, 0, 0, 0, 2, 22, 16, 4, 0, 1, 4, 3, 4, 4, 4, 5, 0, 1, 3, 0, 5, 4, 1, 5, 0, 0, 2, 4, 0, 0, 5, 1, 1, 0, 4, 2, 0, 3, 0, 0, 7, 0, 0, 3, 4, 2, 5, 3, 0, 1, 4, 3, 4, 1, 2, 5, 2, 3, 5, 4, 4, 6, 5, 0, 3, 2, 0, 6, 1, 0, 4, 6, 0, 1, 0, 4, 5, 3, 4, 5, 4, 1, 1, 0, 1, 0, 1, 0, 3, 2, 0, 6, 3, 0, 7, 6, 0, 3, 1, 0, 5, 5, 0, 1, 2, 2, 0, 0, 5, 5, 1, 3, 2, 3, 5, 5, 0, 5, 2, 3, 2, 2, 3, 0, 0, 1, 0, 7, 3, 0, 0, 7, 0, 5, 3, 0, 2, 1, 0, 3, 2, 4, 0, 4, 0, 0, 2, 5, 2, 3, 0, 4, 2, 0, 8, 4, 0, 1, 1, 0, 1, 0, 0, 2, 5, 1, 0, 2, 2, 4, 3, 5, 5, 4, 0, 2, 0, 3, 3, 2, 5, 3, 5, 0, 8, 0, 0, 2, 2, 0, 5, 4, 0, 5, 4, 4, 4, 5, 5, 2, 4, 0, 3, 5, 2, 3, 4, 4, 1, 1, 0, 1, 2, 0, 6, 0, 0, 1, 1, 0, 0, 0, 0, 3, 0, 4, 0, 0, 5, 3, 3, 3, 2, 5, 4, 5, 4, 2, 2, 2, 3, 4, 6, 0, 2, 9, 0, 2, 0, 0, 3, 3, 0, 0, 1, 1, 4, 5, 5, 4, 5, 1, 0, 1, 5, 2, 1, 4, 5, 5, 0, 9, 5, 0, 7, 7, 0, 0, 0, 0, 0, 5, 0]","{'latency': 459618085, 'energy': 74654293.0, 'area': 14408400.0, 'power': 0.1604008461538462, 'cnt_pes': 34, 'l1_mem': 54, 'l2_mem': 1226, 'edp': 3.4312463185688904e+16}",217,0.506312051992989
6,"[6.25000000e-05 2.56000000e-01 1.00000000e+00 1.00000000e+00
 3.33333333e-01 9.16666667e-01 3.33333333e-01 8.75000000e-01
 1.66666667e-01 5.00000000e-01 3.33333333e-01 1.66666667e-01
 8.33333333e-01 1.66666667e-01 1.00000000e+00 6.66666667e-01
 1.00000000e+00 1.00000000e+00 8.33333333e-01 1.00000000e+00
 1.00000000e+00 5.00000000e-01 1.00000000e+00 3.33333333e-01
 5.00000000e-01 6.66666667e-01 1.66666667e-01 5.00000000e-01
 8.33333333e-01 1.66666667e-01 8.33333333e-01 8.33333333e-01
 3.33333333e-01 1.00000000e+00 1.00000000e+00 5.00000000e-01
 5.00000000e-01 1.00000000e+00 2.70270270e-02 1.00000000e+00
 1.00000000e+00 1.66666667e-01 4.50450450e-03 1.00000000e+00
 1.00000000e+00 6.66666667e-01 3.33333333e-01 5.00000000e-01
 1.00000000e+00 8.33333333e-01 5.00000000e-01 5.00000000e-01
 1.00000000e+00 3.33333333e-01 1.00000000e+00 5.00000000e-01
 8.33333333e-01 5.00000000e-01 6.66666667e-01 1.00000000e+00
 5.00000000e-01 6.66666667e-01 1.00000000e+00 3.12500000e-02
 1.00000000e+00 1.56250000e-02 1.00000000e+00 1.00000000e+00
 4.50450450e-03 3.33333333e-01 1.00000000e+00 9.00900901e-03
 4.50450450e-03 1.00000000e+00 5.00000000e-01 1.00000000e+00
 1.66666667e-01 6.66666667e-01 5.00000000e-01 5.00000000e-01
 6.66666667e-01 5.00000000e-01 1.66666667e-01 8.33333333e-01
 5.00000000e-01 1.00000000e+00 1.66666667e-01 6.66666667e-01
 1.00000000e+00 1.00000000e+00 8.33333333e-01 6.66666667e-01
 6.25000000e-02 1.00000000e+00 1.00000000e+00 1.00000000e+00
 1.00000000e+00 1.00000000e+00 9.09090909e-03 9.09090909e-02
 1.00000000e+00 1.81818182e-02 1.00000000e-01 1.00000000e+00
 1.66666667e-01 1.66666667e-01 5.00000000e-01 1.00000000e+00
 1.66666667e-01 5.00000000e-01 6.66666667e-01 1.66666667e-01
 1.66666667e-01 6.66666667e-01 6.66666667e-01 6.66666667e-01
 1.00000000e+00 5.00000000e-01 8.33333333e-01 1.00000000e+00
 6.66666667e-01 6.66666667e-01 7.81250000e-03 2.50000000e-01
 1.00000000e+00 3.12500000e-02 1.00000000e+00 1.00000000e+00
 2.00000000e-01 4.54545455e-02 1.00000000e+00 9.09090909e-02
 1.81818182e-02 1.00000000e+00 1.00000000e+00 6.66666667e-01
 8.33333333e-01 6.66666667e-01 6.66666667e-01 1.66666667e-01
 1.66666667e-01 1.66666667e-01 1.66666667e-01 1.00000000e+00
 1.66666667e-01 1.00000000e+00 6.66666667e-01 6.66666667e-01
 1.00000000e+00 1.66666667e-01 5.00000000e-01 8.33333333e-01
 1.25000000e-01 3.12500000e-02 1.00000000e+00 1.56250000e-02
 5.00000000e-01 1.00000000e+00 3.33333333e-01 3.70370370e-02
 1.00000000e+00 1.11111111e-01 1.85185185e-02 1.00000000e+00
 1.66666667e-01 6.66666667e-01 1.66666667e-01 1.00000000e+00
 6.66666667e-01 1.00000000e+00 1.00000000e+00 5.00000000e-01
 1.66666667e-01 5.00000000e-01 1.66666667e-01 1.66666667e-01
 6.66666667e-01 5.00000000e-01 5.00000000e-01 3.33333333e-01
 1.00000000e+00 1.00000000e+00 1.25000000e-01 3.90625000e-03
 1.00000000e+00 1.00000000e+00 3.90625000e-03 1.00000000e+00
 1.11111111e-01 3.33333333e-01 1.00000000e+00 3.33333333e-01
 1.66666667e-01 1.00000000e+00 8.33333333e-01 1.66666667e-01
 8.33333333e-01 6.66666667e-01 1.00000000e+00 8.33333333e-01
 5.00000000e-01 8.33333333e-01 1.00000000e+00 1.66666667e-01
 1.66666667e-01 5.00000000e-01 1.66666667e-01 1.00000000e+00
 6.66666667e-01 1.66666667e-01 1.00000000e+00 1.00000000e+00
 1.00000000e+00 7.81250000e-03 1.00000000e+00 1.25000000e-01
 1.95312500e-03 1.00000000e+00 3.84615385e-02 3.84615385e-02
 1.00000000e+00 3.84615385e-02 5.00000000e-01 1.00000000e+00
 3.33333333e-01 5.00000000e-01 3.33333333e-01 6.66666667e-01
 1.66666667e-01 5.00000000e-01 6.66666667e-01 5.00000000e-01
 5.00000000e-01 8.33333333e-01 5.00000000e-01 5.00000000e-01
 6.66666667e-01 6.66666667e-01 8.33333333e-01 5.00000000e-01
 5.00000000e-01 1.00000000e+00 1.25000000e-01 5.00000000e-01
 1.00000000e+00 1.95312500e-03 1.00000000e+00 1.00000000e+00
 1.00000000e+00 5.00000000e-01 1.00000000e+00 7.69230769e-02
 1.00000000e+00 1.00000000e+00 3.33333333e-01 3.33333333e-01
 3.33333333e-01 3.33333333e-01 3.33333333e-01 3.33333333e-01
 5.00000000e-01 5.00000000e-01 3.33333333e-01 1.66666667e-01
 3.33333333e-01 1.00000000e+00 5.00000000e-01 6.66666667e-01
 8.33333333e-01 1.00000000e+00 3.33333333e-01 8.33333333e-01
 1.56250000e-02 3.12500000e-02 1.00000000e+00 1.56250000e-02
 1.25000000e-01 1.00000000e+00 1.66666667e-01 1.66666667e-01
 1.00000000e+00 1.66666667e-01 8.33333333e-02 1.00000000e+00]",0.22108464317673063,"[0.16656806664958712, 0.16673480145103817, 0.16690170315419237, 0.1670687719261185, 0.16723600793405255, 0.16740341134539793, 0.16757098232772566, 0.16773872104877444, 0.1679066276764509, 0.16807470237882974, 0.1682429453241539, 0.16841135668083473, 0.1685799366174522, 0.16874868530275494, 0.1689176029056606, 0.16908668959525586, 0.16925594554079665, 0.16942537091170837, 0.16959496587758596, 0.16976473060819416, 0.16993466527346762, 0.17010477004351113, 0.17027504508859972, 0.1704454905791789, 0.17061610668586477, 0.1707868935794442, 0.17095785143087508, 0.17112898041128638, 0.17130028069197836, 0.17147175244442278, 0.17164339584026306, 0.17181521105131436, 0.17198719824956393, 0.1721593576071711, 0.17233168929646758, 0.17250419348995755, 0.17267687036031787, 0.17284972008039826, 0.17302274282322147, 0.17319593876198344, 0.1733693080700535, 0.17354285092097446, 0.17371656748846293, 0.17389045794640934, 0.1740645224688782, 0.1742387612301083, 0.17441317440451282, 0.17458776216667948, 0.17476252469137085, 0.17493746215352438, 0.17511257472825262, 0.17528786259084347, 0.17546332591676023, 0.17563896488164188, 0.17581477966130318, 0.17599077043173492, 0.17616693736910402, 0.17634328064975377, 0.17651980045020396, 0.17669649694715112, 0.17687337031746858, 0.1770504207382068, 0.17722764838659338, 0.1774050534400334, 0.17758263607610952, 0.1777603964725821, 0.1779383348073895, 0.17811645125864814, 0.17829474600465278, 0.17847321922387666, 0.17865187109497163, 0.1788307017967684, 0.1790097115082767, 0.17918890040868538, 0.17936826867736275, 0.1795478164938566, 0.17972754403789448, 0.17990745148938386, 0.18008753902841226, 0.1802678068352475, 0.18044825509033785, 0.18062888397431215, 0.18080969366798014, 0.18099068435233248, 0.181171856208541, 0.18135320941795896, 0.1815347441621211, 0.18171646062274383, 0.18189835898172554, 0.18208043942114668, 0.18226270212326995, 0.18244514727054048, 0.18262777504558605, 0.18281058563121727, 0.1829935792104277, 0.1831767559663941, 0.18336011608247657, 0.18354365974221878, 0.18372738712934814, 0.1839112984277759, 0.1840953938215975, 0.1842796734950926, 0.18446413763272534, 0.18464878641914448, 0.18483362003918366, 0.18501863867786153, 0.1852038425203819, 0.18538923175213404, 0.18557480655869274, 0.18576056712581857, 0.18594651363945802, 0.18613264628574377, 0.18631896525099476, 0.18650547072171647, 0.18669216288460108, 0.1868790419265276, 0.18706610803456217, 0.18725336139595813, 0.1874408021981563, 0.18762843062878506, 0.18781624687566073, 0.1880042511267875, 0.18819244357035786, 0.18838082439475262, 0.18856939378854115, 0.18875815194048162, 0.18894709903952114, 0.18913623527479595, 0.18932556083563157, 0.18951507591154312, 0.18970478069223537, 0.18989467536760296, 0.19008476012773068, 0.19027503516289357, 0.19046550066355714, 0.1906561568203775, 0.19084700382420172, 0.1910380418660678, 0.191229271137205, 0.19142069182903404, 0.1916123041331672, 0.19180410824140862, 0.19199610434575437, 0.19218829263839277, 0.19238067331170447, 0.19257324655826275, 0.1927660125708336, 0.19295897154237596, 0.193152123666042, 0.1933454691351772, 0.1935390081433205, 0.19373274088420472, 0.19392666755175647, 0.19412078834009658, 0.1943151034435401, 0.1945096130565967, 0.19470431737397068, 0.19489921659056123, 0.19509431090146268, 0.19528960050196464, 0.1954850855875522, 0.1956807663539061, 0.195876642996903, 0.19607271571261561, 0.19626898469731294, 0.1964654501474604, 0.1966621122597201, 0.19685897123095106, 0.19705602725820925, 0.197253280538748, 0.197450731270018, 0.19764837964966767, 0.1978462258755432, 0.1980442701456889, 0.19824251265834725, 0.1984409536119592, 0.19863959320516436, 0.19883843163680115, 0.19903746910590706, 0.19923670581171876, 0.19943614195367243, 0.19963577773140384, 0.19983561334474859, 0.20003564899374232, 0.20023588487862093, 0.20043632119982074, 0.20063695815797872, 0.20083779595393264, 0.20103883478872137, 0.20124007486358494, 0.2014415163799649, 0.2016431595395044, 0.20184500454404844, 0.2020470515956441, 0.20224930089654064, 0.20245175264918983, 0.20265440705624607, 0.20285726432056664, 0.20306032464521184, 0.20326358823344529, 0.20346705528873402, 0.20367072601474875, 0.2038746006153641, 0.20407867929465878, 0.2042829622569157, 0.20448744970662233, 0.20469214184847082, 0.20489703888735816, 0.20510214102838656, 0.2053074484768634, 0.20551296143830172, 0.20571868011842015, 0.2059246047231433, 0.20613073545860192, 0.20633707253113304, 0.2065436161472803, 0.2067503665137941, 0.20695732383763174, 0.20716448832595769, 0.20737186018614384, 0.2075794396257696, 0.20778722685262224, 0.20799522207469695, 0.20820342550019716, 0.20841183733753468, 0.20862045779533, 0.2088292870824124, 0.20903832540782022, 0.20924757298080102, 0.20945703001081184, 0.20966669670751936, 0.20987657328080017, 0.2100866599407409, 0.21029695689763855, 0.21050746436200055, 0.21071818254454508, 0.2109291116562013, 0.2111402519081094, 0.21135160351162102, 0.21156316667829933, 0.21177494161991925, 0.2119869285484677, 0.21219912767614385, 0.2124115392153592, 0.21262416337873796, 0.21283700037911707, 0.2130500504295466, 0.2132633137432899, 0.21347679053382373, 0.21369048101483856, 0.2139043854002388, 0.21411850390414294, 0.21433283674088383, 0.21454738412500884, 0.21476214627128012, 0.2149771233946748, 0.2151923157103852, 0.215407723433819, 0.2156233467805996, 0.21583918596656618, 0.21605524120777395, 0.21627151272049444, 0.21648800072121566, 0.2167047054266423, 0.216921627053696, 0.21713876581951552, 0.21735612194145698, 0.21757369563709408, 0.2177914871242183, 0.21800949662083915, 0.21822772434518434, 0.21844617051570003, 0.21866483535105108, 0.2188837190701212, 0.21910282189201322, 0.21932214403604927, 0.21954168572177105, 0.21976144716894, 0.21998142859753753, 0.2202016302277653, 0.22042205228004533, 0.22064269497502034, 0.22086355853355388, 0.22108464317673063]","[0, 9, 0, 0, 0, 21, 7, 20, 0, 2, 1, 0, 4, 0, 5, 3, 5, 5, 4, 5, 5, 2, 5, 1, 2, 3, 0, 2, 4, 0, 4, 4, 0, 1, 0, 5, 5, 0, 3, 7, 0, 4, 0, 0, 5, 3, 1, 2, 5, 4, 2, 2, 5, 1, 5, 2, 4, 2, 3, 5, 2, 3, 6, 1, 0, 0, 6, 0, 0, 5, 0, 1, 0, 0, 2, 5, 0, 3, 2, 2, 3, 2, 0, 4, 2, 5, 0, 3, 5, 5, 4, 3, 2, 6, 0, 7, 7, 0, 0, 3, 0, 1, 4, 0, 0, 0, 2, 5, 0, 2, 3, 0, 0, 3, 3, 3, 5, 2, 4, 5, 3, 3, 0, 5, 0, 2, 7, 0, 5, 2, 0, 3, 1, 0, 5, 3, 4, 3, 3, 0, 0, 0, 0, 5, 0, 5, 3, 3, 5, 0, 2, 4, 4, 2, 0, 2, 7, 0, 5, 1, 0, 3, 0, 0, 0, 3, 0, 5, 3, 5, 5, 2, 0, 2, 0, 0, 3, 2, 2, 1, 5, 5, 5, 0, 0, 8, 0, 0, 3, 5, 0, 5, 4, 0, 4, 0, 4, 3, 5, 4, 2, 4, 5, 0, 0, 2, 0, 5, 3, 0, 5, 5, 8, 1, 0, 6, 0, 0, 0, 0, 0, 0, 2, 0, 1, 2, 1, 3, 0, 2, 3, 2, 2, 4, 2, 2, 3, 3, 4, 2, 2, 5, 6, 8, 0, 0, 9, 0, 3, 2, 0, 1, 3, 0, 1, 1, 1, 1, 1, 1, 2, 2, 1, 0, 1, 5, 2, 3, 4, 5, 1, 4, 3, 4, 0, 3, 6, 0, 1, 1, 0, 1, 0, 0]","{'latency': 13884537613, 'energy': 76499255.0, 'area': 17794700.0, 'power': 0.19217099999999995, 'cnt_pes': 42, 'l1_mem': 54, 'l2_mem': 38, 'edp': 1.0621567834139784e+18}",23,0.05527116079418266
7,"[2.50000000e-04 2.00000000e-03 1.00000000e+00 1.00000000e+00
 6.66666667e-01 1.00000000e+00 9.58333333e-01 3.75000000e-01
 8.33333333e-01 1.00000000e+00 3.33333333e-01 8.33333333e-01
 5.00000000e-01 8.33333333e-01 8.33333333e-01 8.33333333e-01
 1.00000000e+00 1.66666667e-01 1.66666667e-01 5.00000000e-01
 1.00000000e+00 1.00000000e+00 1.66666667e-01 6.66666667e-01
 1.00000000e+00 3.33333333e-01 6.66666667e-01 5.00000000e-01
 8.33333333e-01 1.66666667e-01 8.33333333e-01 1.00000000e+00
 1.00000000e+00 3.33333333e-01 1.00000000e+00 1.25000000e-01
 6.25000000e-02 1.00000000e+00 2.70270270e-02 4.50450450e-03
 1.00000000e+00 2.70270270e-02 1.00000000e+00 1.00000000e+00
 8.33333333e-01 8.33333333e-01 5.00000000e-01 1.00000000e+00
 1.00000000e+00 1.66666667e-01 5.00000000e-01 5.00000000e-01
 5.00000000e-01 1.66666667e-01 8.33333333e-01 1.66666667e-01
 8.33333333e-01 6.66666667e-01 1.00000000e+00 8.33333333e-01
 8.33333333e-01 8.33333333e-01 1.00000000e+00 1.00000000e+00
 1.00000000e+00 1.56250000e-02 6.25000000e-02 1.00000000e+00
 9.00900901e-03 1.00000000e+00 1.00000000e+00 1.66666667e-01
 5.00000000e-01 1.00000000e+00 6.66666667e-01 5.00000000e-01
 5.00000000e-01 1.66666667e-01 3.33333333e-01 5.00000000e-01
 1.00000000e+00 5.00000000e-01 6.66666667e-01 8.33333333e-01
 3.33333333e-01 6.66666667e-01 1.00000000e+00 3.33333333e-01
 5.00000000e-01 8.33333333e-01 1.66666667e-01 1.66666667e-01
 1.00000000e+00 1.25000000e-01 1.00000000e+00 1.25000000e-01
 1.56250000e-02 1.00000000e+00 9.09090909e-02 1.81818182e-02
 1.00000000e+00 5.00000000e-01 2.00000000e-01 1.00000000e+00
 3.33333333e-01 8.33333333e-01 1.66666667e-01 1.00000000e+00
 6.66666667e-01 3.33333333e-01 1.66666667e-01 6.66666667e-01
 6.66666667e-01 1.00000000e+00 3.33333333e-01 1.00000000e+00
 1.00000000e+00 1.66666667e-01 3.33333333e-01 8.33333333e-01
 6.66666667e-01 5.00000000e-01 6.25000000e-02 6.25000000e-02
 1.00000000e+00 7.81250000e-03 2.50000000e-01 1.00000000e+00
 2.00000000e-01 9.09090909e-02 1.00000000e+00 9.09090909e-03
 9.09090909e-02 1.00000000e+00 1.00000000e+00 5.00000000e-01
 6.66666667e-01 5.00000000e-01 1.66666667e-01 1.66666667e-01
 3.33333333e-01 3.33333333e-01 5.00000000e-01 5.00000000e-01
 8.33333333e-01 1.66666667e-01 5.00000000e-01 5.00000000e-01
 1.00000000e+00 3.33333333e-01 6.66666667e-01 1.66666667e-01
 1.25000000e-01 3.12500000e-02 1.00000000e+00 1.56250000e-02
 3.12500000e-02 1.00000000e+00 1.85185185e-02 3.70370370e-02
 1.00000000e+00 1.00000000e+00 5.55555556e-02 1.00000000e+00
 1.00000000e+00 1.00000000e+00 3.33333333e-01 6.66666667e-01
 5.00000000e-01 5.00000000e-01 8.33333333e-01 8.33333333e-01
 5.00000000e-01 8.33333333e-01 5.00000000e-01 1.66666667e-01
 5.00000000e-01 1.66666667e-01 8.33333333e-01 8.33333333e-01
 5.00000000e-01 1.00000000e+00 1.00000000e+00 1.25000000e-01
 1.00000000e+00 5.00000000e-01 1.56250000e-02 1.00000000e+00
 1.11111111e-01 1.66666667e-01 1.00000000e+00 5.00000000e-01
 5.55555556e-02 1.00000000e+00 1.00000000e+00 6.66666667e-01
 8.33333333e-01 8.33333333e-01 5.00000000e-01 1.00000000e+00
 5.00000000e-01 5.00000000e-01 1.66666667e-01 5.00000000e-01
 1.66666667e-01 5.00000000e-01 8.33333333e-01 5.00000000e-01
 6.66666667e-01 6.66666667e-01 5.00000000e-01 1.00000000e+00
 5.00000000e-01 5.00000000e-01 1.00000000e+00 1.25000000e-01
 7.81250000e-03 1.00000000e+00 1.00000000e+00 5.00000000e-01
 1.00000000e+00 3.84615385e-02 3.84615385e-02 1.00000000e+00
 1.66666667e-01 1.66666667e-01 1.00000000e+00 6.66666667e-01
 6.66666667e-01 1.66666667e-01 3.33333333e-01 1.66666667e-01
 5.00000000e-01 8.33333333e-01 1.00000000e+00 1.00000000e+00
 1.00000000e+00 8.33333333e-01 5.00000000e-01 6.66666667e-01
 1.66666667e-01 5.00000000e-01 6.25000000e-02 1.25000000e-01
 1.00000000e+00 1.56250000e-02 1.00000000e+00 1.00000000e+00
 7.69230769e-02 3.84615385e-02 1.00000000e+00 1.00000000e+00
 5.00000000e-01 1.00000000e+00 6.66666667e-01 5.00000000e-01
 6.66666667e-01 1.00000000e+00 1.00000000e+00 1.66666667e-01
 3.33333333e-01 6.66666667e-01 8.33333333e-01 1.66666667e-01
 8.33333333e-01 1.00000000e+00 5.00000000e-01 3.33333333e-01
 5.00000000e-01 6.66666667e-01 3.33333333e-01 1.66666667e-01
 1.00000000e+00 5.00000000e-01 1.00000000e+00 1.95312500e-03
 2.50000000e-01 1.00000000e+00 1.00000000e+00 8.33333333e-02
 1.00000000e+00 8.33333333e-02 8.33333333e-02 1.00000000e+00]",54.685617691624344,"[41.20086081759587, 41.24210292051638, 41.2833863068232, 41.32471101784105, 41.36607709493598, 41.4074845795155, 41.44893351302853, 41.49042393696549, 41.53195589285835, 41.57352942228063, 41.615144566847476, 41.65680136821569, 41.69849986808377, 41.74024010819196, 41.78202213032228, 41.82384597629858, 41.86571168798657, 41.907619307293864, 41.949568876170034, 41.99156043660664, 42.033594030637275, 42.07566970033761, 42.11778748782544, 42.1599474352607, 42.20214958484554, 42.24439397882437, 42.28668065948386, 42.32900966915301, 42.37138105020321, 42.41379484504826, 42.456251096144406, 42.498749845990396, 42.54129113712752, 42.583875012139664, 42.62650151365332, 42.66917068433765, 42.711882566904556, 42.75463720410867, 42.79743463874742, 42.84027491366108, 42.88315807173281, 42.926084155888695, 42.969053209097794, 43.01206527437217, 43.05512039476694, 43.09821861338032, 43.14135997335367, 43.184544517871544, 43.2277722901617, 43.2710433334952, 43.31435769118639, 43.35771540659298, 43.401116523116094, 43.444561084200295, 43.488049133333625, 43.53158071404767, 43.57515586991759, 43.61877464456215, 43.662437081643795, 43.70614322486866, 43.749893117986645, 43.793686804791434, 43.837524329120555, 43.88140573485541, 43.925331065921334, 43.96930036628762, 44.01331367996759, 44.057371051018606, 44.10147252354215, 44.14561814168383, 44.18980794963347, 44.23404199162509, 44.27832031193703, 44.32264295489192, 44.36700996485678, 44.41142138624302, 44.45587726350653, 44.50037764114768, 44.54492256371139, 44.58951207578718, 44.634146222009186, 44.67882504705624, 44.7235485956519, 44.768316912564465, 44.81313004260707, 44.857988030637706, 44.90289092155927, 44.94783876031959, 44.992831591911504, 45.03786946137288, 45.082952413786664, 45.128080494280944, 45.173253748028976, 45.218472220249225, 45.26373595620543, 45.309045001206634, 45.35439940060724, 45.39979919980705, 45.4452444442513, 45.49073517943073, 45.536271450881614, 45.5818533041858, 45.62748078497077, 45.67315393890968, 45.7188728117214, 45.764637449170564, 45.81044789706763, 45.8563042012689, 45.90220640767657, 45.94815456223881, 45.994148710949766, 46.04018889984962, 46.08627517502464, 46.13240758260724, 46.17858616877602, 46.22481097975578, 46.271082061817594, 46.317399461278875, 46.36376322450338, 46.41017339790128, 46.45663002792921, 46.5031331610903, 46.54968284393423, 46.596279123057286, 46.64292204510239, 46.68961165675915, 46.73634800476391, 46.78313113589981, 46.829961096996804, 46.876837934931736, 46.92376169662836, 46.97073242905742, 47.01775017923666, 47.064814994230886, 47.11192692115204, 47.159086007159196, 47.20629229945865, 47.253545845303954, 47.30084669199595, 47.34819488688283, 47.39559047736019, 47.44303351087106, 47.49052403490597, 47.53806209700297, 47.58564774474772, 47.63328102577349, 47.68096198776125, 47.72869067843969, 47.77646714558528, 47.8242914370223, 47.872163600622926, 47.92008368430724, 47.96805173604328, 48.01606780384713, 48.06413193578291, 48.11224417996287, 48.16040458454742, 48.208613197745166, 48.256870067812976, 48.305175243056034, 48.35352877182786, 48.40193070253039, 48.450381083614005, 48.49887996357758, 48.54742739096855, 48.596023414382934, 48.6446680824654, 48.69336144390931, 48.742103547456765, 48.790894441898665, 48.83973417607474, 48.88862279887362, 48.937560359232855, 48.98654690613899, 49.03558248862762, 49.0846671557834, 49.13380095674014, 49.18298394068082, 49.23221615683766, 49.28149765449215, 49.33082848297512, 49.38020869166679, 49.429638329996784, 49.47911744744423, 49.528646093537766, 49.57822431785562, 49.62785217002565, 49.677529699725376, 49.727256956682055, 49.77703399067273, 49.82686085152425, 49.87673758911337, 49.92666425336674, 49.976640894260996, 50.02666756182282, 50.07674430612895, 50.126871177306256, 50.17704822553179, 50.22727550103282, 50.27755305408691, 50.32788093502193, 50.37825919421615, 50.428687882098245, 50.47916704914739, 50.52969674589328, 50.5802770229162, 50.630907930847044, 50.68158952036741, 50.73232184220962, 50.78310494715678, 50.83393888604282, 50.884823709752574, 50.93575946922179, 50.98674621543723, 51.03778399943666, 51.08887287230897, 51.14001288519416, 51.191204089283445, 51.24244653581926, 51.293740276095356, 51.34508536145681, 51.39648184330011, 51.447929773073184, 51.49942920227546, 51.55098018245791, 51.60258276522313, 51.65423700222536, 51.70594294517053, 51.75770064581634, 51.80951015597231, 51.86137152749981, 51.91328481231213, 51.9652500623745, 52.017267329704204, 52.069336666370575, 52.12145812449507, 52.173631756251325, 52.22585761386519, 52.278135749614805, 52.33046621583063, 52.38284906489553, 52.435284349244775, 52.48777212136614, 52.54031243379994, 52.59290533913908, 52.64555089002911, 52.698249139168276, 52.751000139307585, 52.803803943250834, 52.85666060385469, 52.90957017402872, 52.96253270673546, 53.01554825499045, 53.06861687186231, 53.12173861047278, 53.17491352399678, 53.22814166566244, 53.28142308875119, 53.33475784659779, 53.38814599259038, 53.441587580170555, 53.49508266283339, 53.54863129412752, 53.60223352765517, 53.655889417072245, 53.70959901608833, 53.7633623784668, 53.817179558024826, 53.87105060863346, 53.92497558421768, 53.97895453875643, 54.03298752628272, 54.087074600883604, 54.1412158167003, 54.19541122792823, 54.24966088881705, 54.30396485367072, 54.35832317684757, 54.41273591276033, 54.46720311587621, 54.52172484071693, 54.576301141858785, 54.63093207393272, 54.685617691624344]","[2, 2, 0, 0, 1, 23, 22, 8, 4, 5, 1, 4, 2, 4, 4, 4, 5, 0, 0, 2, 5, 5, 0, 3, 5, 1, 3, 2, 4, 0, 4, 5, 1, 0, 0, 3, 2, 0, 3, 0, 0, 3, 7, 0, 4, 4, 2, 5, 5, 0, 2, 2, 2, 0, 4, 0, 4, 3, 5, 4, 4, 4, 6, 6, 0, 0, 2, 0, 1, 7, 0, 4, 6, 0, 3, 2, 2, 0, 1, 2, 5, 2, 3, 4, 1, 3, 5, 1, 2, 4, 0, 0, 6, 3, 0, 4, 1, 0, 3, 1, 0, 6, 5, 0, 1, 4, 0, 5, 3, 1, 0, 3, 3, 5, 1, 5, 5, 0, 1, 4, 3, 2, 3, 3, 0, 0, 5, 0, 5, 3, 0, 0, 3, 0, 5, 2, 3, 2, 0, 0, 1, 1, 2, 2, 4, 0, 2, 2, 5, 1, 3, 0, 4, 2, 0, 2, 3, 0, 0, 1, 0, 7, 2, 0, 5, 5, 1, 3, 2, 2, 4, 4, 2, 4, 2, 0, 2, 0, 4, 4, 2, 5, 8, 5, 0, 7, 2, 0, 3, 4, 0, 6, 2, 0, 5, 3, 4, 4, 2, 5, 2, 2, 0, 2, 0, 2, 4, 2, 3, 3, 2, 5, 7, 7, 0, 6, 2, 0, 3, 2, 0, 0, 0, 0, 0, 0, 5, 3, 3, 0, 1, 0, 2, 4, 5, 5, 5, 4, 2, 3, 0, 2, 5, 6, 0, 3, 9, 0, 1, 0, 0, 3, 2, 0, 3, 2, 3, 5, 5, 0, 1, 3, 4, 0, 4, 5, 2, 1, 2, 3, 1, 0, 9, 8, 0, 0, 7, 0, 5, 0, 0, 0, 0, 0]","{'latency': 56132822, 'energy': 25278159.2, 'area': 668596000.0, 'power': 4.463794615384614, 'cnt_pes': 828, 'l1_mem': 54, 'l2_mem': 440240, 'edp': 1418934410861262.2}",186,4.323277678968309
8,"[0.5        1.         1.         1.         0.66666667 1.
 0.875      0.125      0.83333333 0.16666667 0.66666667 0.33333333
 0.66666667 0.16666667 0.83333333 0.83333333 0.16666667 0.66666667
 0.33333333 0.66666667 1.         0.16666667 0.66666667 0.66666667
 0.16666667 0.5        0.5        0.5        0.5        0.16666667
 0.16666667 0.83333333 1.         0.33333333 1.         0.03125
 0.0625     1.         1.         0.5        1.         0.5
 0.01351351 1.         1.         0.83333333 0.66666667 0.16666667
 0.5        0.66666667 0.83333333 0.33333333 0.5        0.66666667
 0.66666667 0.16666667 0.16666667 0.33333333 0.16666667 1.
 0.83333333 0.16666667 1.         0.5        1.         0.015625
 0.03125    1.         0.5        0.5        1.         0.00900901
 0.02702703 1.         0.16666667 1.         0.66666667 0.16666667
 0.66666667 0.83333333 0.33333333 0.83333333 0.83333333 1.
 0.5        0.66666667 0.33333333 0.16666667 0.16666667 1.
 0.5        1.         0.25       0.125      1.         1.
 0.0625     1.         0.09090909 0.01818182 1.         0.04545455
 0.5        1.         0.16666667 0.16666667 0.16666667 1.
 0.66666667 1.         1.         0.66666667 0.33333333 1.
 0.5        0.5        0.66666667 0.16666667 1.         0.83333333
 0.83333333 0.83333333 0.125      0.0625     1.         0.0078125
 0.0625     1.         1.         0.01818182 1.         0.1
 0.2        1.         0.5        0.33333333 0.16666667 1.
 0.16666667 0.83333333 1.         0.16666667 0.5        0.16666667
 0.33333333 0.16666667 0.83333333 0.33333333 1.         0.5
 0.33333333 0.33333333 0.03125    0.015625   1.         0.015625
 0.015625   1.         0.03703704 0.03703704 1.         1.
 0.05555556 1.         0.33333333 1.         0.66666667 1.
 0.5        0.5        0.83333333 0.83333333 0.83333333 0.5
 0.83333333 0.16666667 0.33333333 0.16666667 0.83333333 0.66666667
 0.5        0.83333333 1.         0.125      1.         1.
 0.0625     1.         0.11111111 0.05555556 1.         0.5
 0.11111111 1.         1.         1.         0.83333333 0.5
 0.16666667 1.         0.5        0.66666667 0.16666667 0.5
 1.         0.66666667 0.83333333 0.16666667 0.5        0.5
 0.5        1.         0.5        0.0078125  1.         0.03125
 0.00195312 1.         0.03846154 0.07692308 1.         0.07692308
 0.03846154 1.         0.5        0.33333333 0.66666667 0.33333333
 0.66666667 0.33333333 0.16666667 0.16666667 0.66666667 0.83333333
 0.16666667 0.33333333 0.33333333 0.83333333 0.5        0.5
 1.         0.5        0.03125    0.00390625 1.         0.03125
 0.00195312 1.         0.5        1.         1.         1.
 1.         1.         0.16666667 0.33333333 0.5        0.16666667
 1.         1.         0.5        0.5        0.83333333 0.33333333
 0.33333333 1.         0.83333333 1.         0.83333333 0.66666667
 0.5        0.33333333 0.015625   0.03125    1.         0.03125
 0.0078125  1.         0.33333333 0.08333333 1.         0.08333333
 0.16666667 1.        ]",5.83396250000727,"[4.395383779576238, 4.399783563139377, 4.404187750890268, 4.408596347237505, 4.413009356594099, 4.4174267833774765, 4.421848632009486, 4.426274906916403, 4.430705612528931, 4.435140753282213, 4.439580333615829, 4.444024357973802, 4.448472830804607, 4.452925756561168, 4.457383139700869, 4.461844984685555, 4.466311295981536, 4.470782078059596, 4.475257335394991, 4.479737072467459, 4.48422129376122, 4.488710003764985, 4.493203206971957, 4.497700907879837, 4.502203110990828, 4.50670982081164, 4.511221041853493, 4.515736778632125, 4.520257035667793, 4.5247818174852785, 4.529311128613893, 4.53384497358748, 4.538383356944425, 4.5429262832276525, 4.547473756984637, 4.552025782767404, 4.556582365132536, 4.561143508641178, 4.565709217859037, 4.570279497356393, 4.574854351708101, 4.5794337854935945, 4.5840178032968915, 4.588606409706598, 4.5931996093159135, 4.597797406722636, 4.602399806529165, 4.607006813342508, 4.611618431774282, 4.616234666440723, 4.620855521962685, 4.625481002965651, 4.63011111407973, 4.634745859939669, 4.6393852451848545, 4.644029274459314, 4.648677952411726, 4.6533312836954215, 4.65798927296839, 4.662651924893283, 4.6673192441374205, 4.6719912353727935, 4.676667903276069, 4.681349252528598, 4.686035287816415, 4.690726013830245, 4.69542143526551, 4.7001215568223325, 4.704826383205538, 4.709535919124662, 4.7142501692939565, 4.718969138432389, 4.723692831263652, 4.728421252516169, 4.7331544069230915, 4.737892299222314, 4.74263493415647, 4.747382316472943, 4.752134450923867, 4.756891342266133, 4.761652995261395, 4.766419414676071, 4.771190605281353, 4.775966571853206, 4.780747319172378, 4.785532852024403, 4.790323175199602, 4.795118293493095, 4.7999182117048, 4.80472293463944, 4.809532467106546, 4.814346813920467, 4.819165979900367, 4.8239899698702375, 4.8288187886588965, 4.833652441099996, 4.838490932032029, 4.843334266298327, 4.848182448747074, 4.853035484231305, 4.857893377608914, 4.862756133742656, 4.867623757500156, 4.87249625375391, 4.877373627381291, 4.8822558832645555, 4.887143026290846, 4.892035061352198, 4.896931993345543, 4.901833827172716, 4.9067405677404565, 4.911652219960417, 4.916568788749166, 4.921490279028195, 4.926416695723919, 4.931348043767687, 4.936284328095783, 4.941225553649432, 4.946171725374807, 4.95112284822303, 4.95607892715018, 4.961039967117298, 4.966005973090388, 4.970976950040428, 4.975952902943371, 4.980933836780151, 4.9859197565366875, 4.990910667203892, 4.99590657377767, 5.0009074812589285, 5.005913394653582, 5.010924318972555, 5.015940259231787, 5.020961220452239, 5.0259872076599, 5.031018225885785, 5.036054280165951, 5.0410953755414925, 5.046141517058551, 5.051192709768319, 5.056248958727046, 5.061310268996042, 5.066376645641684, 5.07144809373542, 5.0765246183537736, 5.081606224578352, 5.086692917495848, 5.091784702198046, 5.096881583781828, 5.101983567349177, 5.107090658007184, 5.112202860868052, 5.117320181049101, 5.122442623672774, 5.1275701938666405, 5.132702896763404, 5.137840737500905, 5.142983721222127, 5.148131853075203, 5.153285138213416, 5.158443581795211, 5.163607188984195, 5.168775964949145, 5.173949914864009, 5.179129043907917, 5.184313357265182, 5.189502860125308, 5.194697557682991, 5.199897455138129, 5.205102557695825, 5.2103128705663915, 5.215528398965357, 5.2207491481134705, 5.225975123236707, 5.231206329566273, 5.236442772338612, 5.241684456795407, 5.246931388183591, 5.252183571755347, 5.257441012768115, 5.262703716484599, 5.267971688172771, 5.273244933105877, 5.278523456562439, 5.283807263826265, 5.289096360186452, 5.2943907509373895, 5.299690441378768, 5.304995436815584, 5.310305742558142, 5.315621363922064, 5.320942306228292, 5.326268574803096, 5.331600174978074, 5.336937112090164, 5.342279391481645, 5.347627018500145, 5.352979998498643, 5.358338336835478, 5.363702038874353, 5.369071109984337, 5.374445555539877, 5.379825380920797, 5.38521059151231, 5.390601192705015, 5.39599718989491, 5.401398588483393, 5.406805393877271, 5.412217611488759, 5.417635246735495, 5.423058305040535, 5.428486791832367, 5.4339207125449125, 5.43936007261753, 5.4448048774950255, 5.450255132627653, 5.455710843471124, 5.461172015486611, 5.466638654140751, 5.472110764905657, 5.477588353258915, 5.483071424683599, 5.488559984668267, 5.494054038706975, 5.499553592299274, 5.505058650950224, 5.510569220170395, 5.516085305475871, 5.521606912388259, 5.5271340464346945, 5.532666713147842, 5.538204918065908, 5.5437486667326406, 5.549297964697338, 5.554852817514853, 5.560413230745598, 5.565979209955554, 5.57155076071627, 5.577127888604875, 5.582710599204079, 5.588298898102181, 5.593892790893074, 5.59949228317625, 5.605097380556807, 5.610708088645453, 5.6163244130585115, 5.6219463594179295, 5.627573933351281, 5.6332071404917725, 5.638845986478251, 5.644490476955206, 5.650140617572779, 5.655796413986766, 5.661457871858625, 5.66712499685548, 5.672797794650131, 5.678476270921052, 5.684160431352404, 5.689850281634038, 5.695545827461499, 5.7012470745360355, 5.7069540285646, 5.71266669525986, 5.7183850803402, 5.72410918952973, 5.729839028558288, 5.735574603161449, 5.74131591908053, 5.747062982062593, 5.752815797860453, 5.758574372232686, 5.76433871094363, 5.770108819763393, 5.7758847044678605, 5.781666370838699, 5.787453824663362, 5.793247071735097, 5.79904611785295, 5.804850968821772, 5.810661630452224, 5.816478108560785, 5.822300408969755, 5.828128537507262, 5.83396250000727]","[13, 11, 0, 0, 1, 23, 20, 2, 4, 0, 3, 1, 3, 0, 4, 4, 0, 3, 1, 3, 5, 0, 3, 3, 0, 2, 2, 2, 2, 0, 0, 4, 1, 0, 0, 1, 2, 0, 7, 6, 0, 6, 2, 0, 5, 4, 3, 0, 2, 3, 4, 1, 2, 3, 3, 0, 0, 1, 0, 5, 4, 0, 6, 5, 0, 0, 1, 0, 6, 6, 0, 1, 3, 0, 0, 5, 3, 0, 3, 4, 1, 4, 4, 5, 2, 3, 1, 0, 0, 5, 2, 5, 4, 3, 0, 7, 3, 0, 3, 1, 0, 2, 6, 0, 0, 0, 0, 5, 3, 5, 5, 3, 1, 5, 2, 2, 3, 0, 5, 4, 4, 4, 4, 3, 0, 0, 3, 0, 7, 1, 0, 4, 5, 0, 2, 1, 0, 5, 0, 4, 5, 0, 2, 0, 1, 0, 4, 1, 5, 2, 1, 1, 2, 1, 0, 2, 2, 0, 1, 1, 0, 7, 2, 0, 1, 5, 3, 5, 2, 2, 4, 4, 4, 2, 4, 0, 1, 0, 4, 3, 2, 4, 8, 5, 0, 8, 4, 0, 3, 2, 0, 6, 3, 0, 5, 5, 4, 2, 0, 5, 2, 3, 0, 2, 5, 3, 4, 0, 2, 2, 2, 5, 7, 1, 0, 4, 0, 0, 0, 1, 0, 1, 0, 0, 2, 1, 3, 1, 3, 1, 0, 0, 3, 4, 0, 1, 1, 4, 2, 2, 5, 2, 4, 1, 0, 4, 0, 0, 2, 3, 0, 3, 3, 0, 0, 1, 2, 0, 5, 5, 2, 2, 4, 1, 1, 5, 4, 5, 4, 3, 2, 1, 3, 4, 0, 4, 2, 0, 3, 0, 0, 0, 1, 0]","{'latency': 526170342, 'energy': 24913576.3, 'area': 130029000.0, 'power': 1.2868469230769228, 'cnt_pes': 252, 'l1_mem': 54, 'l2_mem': 94784, 'edp': 1.3108784962214094e+16}",162,0.7939017390860841
9,"[0.03125    0.016      1.         1.         0.33333333 0.16666667
 0.29166667 0.375      0.83333333 1.         1.         0.16666667
 0.66666667 0.83333333 0.83333333 0.83333333 1.         0.16666667
 0.16666667 1.         1.         1.         1.         0.33333333
 0.66666667 0.33333333 0.16666667 0.5        0.83333333 0.16666667
 0.16666667 1.         1.         1.         1.         0.25
 0.0625     1.         0.0045045  0.01351351 1.         0.01351351
 1.         1.         0.66666667 0.83333333 0.5        1.
 0.66666667 0.16666667 0.5        0.5        0.5        0.16666667
 0.5        0.5        0.83333333 0.16666667 1.         0.83333333
 0.83333333 0.83333333 1.         0.25       1.         0.015625
 0.0625     1.         0.02702703 1.         1.         0.16666667
 0.01351351 1.         0.66666667 0.5        0.83333333 0.16666667
 0.66666667 0.83333333 0.5        0.5        0.66666667 0.33333333
 0.5        0.66666667 0.83333333 0.33333333 0.16666667 0.33333333
 0.5        0.16666667 1.         0.125      1.         0.03125
 0.125      1.         0.09090909 0.01818182 1.         0.2
 0.2        1.         0.33333333 0.33333333 0.16666667 1.
 0.16666667 1.         1.         0.16666667 0.66666667 0.33333333
 0.33333333 1.         1.         0.33333333 1.         0.83333333
 0.66666667 0.5        0.0625     0.5        1.         0.0078125
 0.25       1.         0.2        0.09090909 1.         0.2
 0.09090909 1.         1.         0.66666667 0.16666667 1.
 0.16666667 0.16666667 0.33333333 0.33333333 0.5        0.66666667
 0.83333333 0.33333333 1.         0.5        1.         0.5
 0.66666667 0.16666667 0.25       0.03125    1.         1.
 0.0625     1.         0.16666667 0.03703704 1.         0.03703704
 0.05555556 1.         0.33333333 1.         0.83333333 0.16666667
 0.5        0.5        0.83333333 0.83333333 0.5        1.
 0.33333333 0.16666667 0.33333333 0.16666667 0.83333333 0.16666667
 0.5        1.         1.         0.03125    1.         0.5
 0.015625   1.         0.11111111 0.33333333 1.         0.5
 0.16666667 1.         1.         0.83333333 0.83333333 0.83333333
 0.5        1.         0.5        0.5        0.33333333 0.33333333
 1.         0.5        0.83333333 0.5        0.66666667 0.33333333
 0.5        1.         0.5        0.00390625 1.         1.
 0.0078125  1.         1.         0.03846154 1.         0.03846154
 0.03846154 1.         1.         0.16666667 0.83333333 0.66666667
 0.16666667 0.5        0.33333333 0.16666667 0.66666667 0.16666667
 1.         0.16666667 1.         0.83333333 0.5        0.66666667
 0.16666667 0.5        0.5        0.5        1.         0.015625
 0.125      1.         0.5        0.03846154 1.         0.07692308
 1.         1.         1.         0.83333333 0.83333333 0.33333333
 1.         0.16666667 0.33333333 0.16666667 1.         0.16666667
 0.5        1.         0.5        0.33333333 0.5        0.66666667
 1.         0.33333333 0.015625   0.125      1.         0.25
 0.25       1.         1.         0.16666667 1.         0.08333333
 1.         1.        ]",3.7359546232297545,"[2.8147171587332673, 2.817534693426694, 2.8203550484751694, 2.8231782267018715, 2.826004230932804, 2.828833063996801, 2.8316647287255265, 2.83449922795348, 2.837336564517998, 2.8401767412592576, 2.843019761020278, 2.845865626646925, 2.8487143409879128, 2.8515659068948076, 2.8544203272220297, 2.8572776048268564, 2.860137742569426, 2.8630007433127385, 2.8658666099226613, 2.8687353452679294, 2.8716069522201497, 2.8744814336538034, 2.8773587924462496, 2.8802390314777275, 2.883122153631359, 2.886008161793152, 2.888897058852004, 2.891788847699704, 2.894683531230935, 2.897581112343278, 2.900481593937215, 2.9033849789161312, 2.9062912701863177, 2.9092004706569745, 2.912112583240215, 2.915027610851066, 2.9179455564074734, 2.920866422830304, 2.9237902130433473, 2.9267169299733204, 2.9296465765498705, 2.932579155705576, 2.935514670375952, 2.9384531234994515, 2.941394518017469, 2.9443388568743436, 2.947286143017361, 2.950236379396758, 2.9531895689657235, 2.956145714680404, 2.959104819499904, 2.9620668863862902, 2.965031918304595, 2.9679999182228176, 2.9709708891119297, 2.973944833945876, 2.9769217557015772, 2.979901657358936, 2.982884541900837, 2.98587041231315, 2.988859271584735, 2.9918511227074425, 2.9948459686761186, 2.997843812488607, 3.0008446571457528, 3.0038485056514044, 3.0068553610124167, 3.0098652262386554, 3.0128781043429984, 3.0158939983413395, 3.0189129112525923, 3.021934846098691, 3.0249598059045955, 3.0279877936982937, 3.0310188125108044, 3.0340528653761805, 3.037089955331512, 3.040130085416929, 3.043173258675605, 3.0462194781537586, 3.049268746900659, 3.0523210679686277, 3.055376444413041, 3.0584348792923333, 3.061496375668001, 3.0645609366046056, 3.0676285651697754, 3.0706992644342095, 3.073773037471681, 3.07684988735904, 3.0799298171762164, 3.0830128300062225, 3.0860989289351575, 3.0891881170522097, 3.0922803974496595, 3.0953757732228824, 3.0984742474703526, 3.101575823293646, 3.1046805037974434, 3.1077882920895328, 3.1108991912808137, 3.114013204485299, 3.117130334820119, 3.1202505854055245, 3.1233739593648893, 3.126500459824714, 3.1296300899146288, 3.1327628527673963, 3.135898751518915, 3.1390377893082233, 3.142179969277501, 3.145325294572073, 3.1484737683404136, 3.1516253937341476, 3.1547801739080557, 3.1579381120200756, 3.1610992112313068, 3.1642634747060128, 3.1674309056116243, 3.170601507118743, 3.1737752824011443, 3.17695223463578, 3.180132367002783, 3.183315682685468, 3.1865021848703385, 3.1896918767470854, 3.1928847615085942, 3.1960808423509453, 3.199280122473419, 3.2024826050784974, 3.2056882933718693, 3.208897190562432, 3.2121092998622944, 3.2153246244867812, 3.2185431676544356, 3.2217649325870226, 3.224989922509532, 3.228218140650182, 3.2314495902404228, 3.2346842745149376, 3.2379221967116494, 3.241163360071721, 3.2444077678395606, 3.2476554232628234, 3.2509063295924157, 3.2541604900824983, 3.257417907990489, 3.260678586577066, 3.2639425291061723, 3.2672097388450174, 3.2704802190640816, 3.2737539730371186, 3.27703100404116, 3.280311315356516, 3.283594910266783, 3.2868817920588422, 3.290171964022865, 3.2934654294523176, 3.2967621916439613, 3.3000622538978592, 3.3033656195173764, 3.3066722918091855, 3.3099822740832687, 3.313295569652922, 3.3166121818347567, 3.3199321139487052, 3.3232553693180233, 3.3265819512692927, 3.329911863132425, 3.333245108240666, 3.3365816899305965, 3.3399216115421386, 3.3432648764185573, 3.346611487906464, 3.3499614493558196, 3.3533147641199395, 3.3566714355554947, 3.3600314670225173, 3.3633948618844016, 3.3667616235079096, 3.3701317552631727, 3.373505260523696, 3.3768821426663624, 3.380262405071434, 3.3836460511225566, 3.3870330842067635, 3.390423507714478, 3.393817325039518, 3.397214539579097, 3.400615154733831, 3.4040191739077383, 3.4074266005082468, 3.410837437946193, 3.414251689635829, 3.4176693589948237, 3.421090449444268, 3.4245149644086768, 3.427942907315993, 3.4313742815975905, 3.4348090906882787, 3.438247338026305, 3.441689027053358, 3.4451341612145727, 3.4485827439585313, 3.4520347787372687, 3.455490269006275, 3.4589492182245, 3.4624116298543544, 3.465877507361716, 3.469346854215932, 3.472819673889822, 3.476295969859682, 3.479775745605287, 3.483259004609897, 3.486745750360257, 3.4902359863466037, 3.4937297160626666, 3.497226943005672, 3.5007276706763486, 3.5042319025789275, 3.5077396422211486, 3.511250893114263, 3.514765658773036, 3.5182839427157515, 3.5218057484642156, 3.525331079543759, 3.5288599394832425, 3.5323923318150574, 3.5359282600751327, 3.539467727802936, 3.5430107385414775, 3.546557295837315, 3.5501074032405557, 3.5536610643048605, 3.557218282587448, 3.560779061649097, 3.564343405054151, 3.567911316370522, 3.5714827991696914, 3.575057857026718, 3.5786364935202384, 3.582218712232471, 3.5858045167492203, 3.5893939106598802, 3.5929868975574375, 3.596583481038476, 3.600183664703179, 3.6037874521553346, 3.607394847002337, 3.6110058528551923, 3.6146204733285208, 3.6182387120405615, 3.6218605726131745, 3.6254860586718465, 3.629115173845692, 3.6327479217674594, 3.636384306073533, 3.6400243304039366, 3.643667998402339, 3.6473153137160548, 3.6509662799960507, 3.6546209008969477, 3.6582791800770247, 3.661941121198223, 3.6656067279261495, 3.66927600393008, 3.6729489528829626, 3.676625578461424, 3.68030588434577, 3.68398987421999, 3.687677551771762, 3.6913689206924545, 3.6950639846771316, 3.6987627474245564, 3.7024652126371937, 3.706171384021215, 3.709881265286502, 3.7135948601466486, 3.7173121723189677, 3.7210332055244923, 3.7247579634879804, 3.7284864499379182, 3.732218668606525, 3.7359546232297545]","[9, 5, 0, 0, 0, 3, 6, 8, 4, 5, 5, 0, 3, 4, 4, 4, 5, 0, 0, 5, 5, 5, 5, 1, 3, 1, 0, 2, 4, 0, 0, 5, 1, 1, 0, 4, 2, 0, 0, 2, 0, 2, 7, 0, 3, 4, 2, 5, 3, 0, 2, 2, 2, 0, 2, 2, 4, 0, 5, 4, 4, 4, 6, 4, 0, 0, 2, 0, 3, 7, 0, 4, 2, 0, 3, 2, 4, 0, 3, 4, 2, 2, 3, 1, 2, 3, 4, 1, 0, 1, 2, 0, 6, 3, 0, 2, 4, 0, 3, 1, 0, 5, 5, 0, 1, 1, 0, 5, 0, 5, 5, 0, 3, 1, 1, 5, 5, 1, 5, 4, 3, 2, 3, 6, 0, 0, 5, 0, 5, 3, 0, 5, 3, 0, 5, 3, 0, 5, 0, 0, 1, 1, 2, 3, 4, 1, 5, 2, 5, 2, 3, 0, 5, 2, 0, 8, 4, 0, 4, 1, 0, 1, 2, 0, 1, 5, 4, 0, 2, 2, 4, 4, 2, 5, 1, 0, 1, 0, 4, 0, 2, 5, 8, 3, 0, 7, 2, 0, 3, 5, 0, 6, 4, 0, 5, 4, 4, 4, 2, 5, 2, 2, 1, 1, 5, 2, 4, 2, 3, 1, 2, 5, 7, 0, 0, 9, 2, 0, 3, 0, 0, 0, 0, 0, 5, 0, 4, 3, 0, 2, 1, 0, 3, 0, 5, 0, 5, 4, 2, 3, 0, 2, 8, 8, 0, 3, 6, 0, 2, 0, 0, 1, 3, 0, 5, 4, 4, 1, 5, 0, 1, 0, 5, 0, 2, 5, 2, 1, 2, 3, 5, 1, 3, 6, 0, 7, 7, 0, 5, 1, 0, 0, 5, 0]","{'latency': 821652925, 'energy': 47479171.0, 'area': 7831130.0, 'power': 0.08696659999999999, 'cnt_pes': 18, 'l1_mem': 54, 'l2_mem': 378, 'edp': 3.9011399728725176e+16}",79,0.5283437696581985
10,"[1.25000000e-04 1.60000000e-02 1.00000000e+00 1.00000000e+00
 3.33333333e-01 1.00000000e+00 9.58333333e-01 7.91666667e-01
 5.00000000e-01 1.00000000e+00 8.33333333e-01 1.66666667e-01
 3.33333333e-01 1.00000000e+00 8.33333333e-01 8.33333333e-01
 1.66666667e-01 5.00000000e-01 1.66666667e-01 5.00000000e-01
 1.66666667e-01 6.66666667e-01 8.33333333e-01 3.33333333e-01
 1.00000000e+00 6.66666667e-01 3.33333333e-01 5.00000000e-01
 8.33333333e-01 1.66666667e-01 1.66666667e-01 5.00000000e-01
 1.00000000e+00 1.00000000e+00 1.00000000e+00 2.50000000e-01
 6.25000000e-02 1.00000000e+00 3.33333333e-01 3.33333333e-01
 1.00000000e+00 1.35135135e-02 2.70270270e-02 1.00000000e+00
 1.66666667e-01 8.33333333e-01 5.00000000e-01 1.00000000e+00
 6.66666667e-01 1.66666667e-01 3.33333333e-01 5.00000000e-01
 5.00000000e-01 1.00000000e+00 6.66666667e-01 5.00000000e-01
 1.66666667e-01 3.33333333e-01 1.00000000e+00 1.66666667e-01
 8.33333333e-01 1.66666667e-01 2.50000000e-01 2.50000000e-01
 1.00000000e+00 3.12500000e-02 1.00000000e+00 1.00000000e+00
 1.35135135e-02 9.00900901e-03 1.00000000e+00 1.66666667e-01
 2.70270270e-02 1.00000000e+00 1.66666667e-01 1.66666667e-01
 5.00000000e-01 1.66666667e-01 3.33333333e-01 5.00000000e-01
 1.00000000e+00 5.00000000e-01 6.66666667e-01 6.66666667e-01
 1.00000000e+00 1.00000000e+00 1.66666667e-01 3.33333333e-01
 6.66666667e-01 8.33333333e-01 1.66666667e-01 8.33333333e-01
 1.00000000e+00 5.00000000e-01 1.00000000e+00 1.00000000e+00
 6.25000000e-02 1.00000000e+00 9.09090909e-02 9.09090909e-02
 1.00000000e+00 4.54545455e-02 1.00000000e+00 1.00000000e+00
 3.33333333e-01 5.00000000e-01 5.00000000e-01 6.66666667e-01
 1.66666667e-01 1.00000000e+00 1.00000000e+00 3.33333333e-01
 1.00000000e+00 1.00000000e+00 6.66666667e-01 3.33333333e-01
 1.00000000e+00 5.00000000e-01 1.00000000e+00 1.66666667e-01
 3.33333333e-01 1.66666667e-01 6.25000000e-02 6.25000000e-02
 1.00000000e+00 7.81250000e-03 1.25000000e-01 1.00000000e+00
 2.00000000e-01 5.00000000e-01 1.00000000e+00 1.00000000e-01
 1.00000000e-01 1.00000000e+00 1.00000000e+00 6.66666667e-01
 5.00000000e-01 5.00000000e-01 3.33333333e-01 3.33333333e-01
 3.33333333e-01 5.00000000e-01 8.33333333e-01 8.33333333e-01
 6.66666667e-01 1.66666667e-01 1.00000000e+00 5.00000000e-01
 1.00000000e+00 6.66666667e-01 6.66666667e-01 1.66666667e-01
 1.25000000e-01 3.12500000e-02 1.00000000e+00 3.12500000e-02
 1.25000000e-01 1.00000000e+00 1.85185185e-02 3.70370370e-02
 1.00000000e+00 1.00000000e+00 1.85185185e-02 1.00000000e+00
 5.00000000e-01 1.00000000e+00 1.66666667e-01 1.66666667e-01
 5.00000000e-01 5.00000000e-01 1.66666667e-01 1.66666667e-01
 6.66666667e-01 5.00000000e-01 5.00000000e-01 1.66666667e-01
 5.00000000e-01 5.00000000e-01 6.66666667e-01 1.66666667e-01
 5.00000000e-01 8.33333333e-01 3.12500000e-02 7.81250000e-03
 1.00000000e+00 1.00000000e+00 3.90625000e-03 1.00000000e+00
 1.11111111e-01 1.00000000e+00 1.00000000e+00 3.33333333e-01
 1.66666667e-01 1.00000000e+00 6.66666667e-01 6.66666667e-01
 3.33333333e-01 5.00000000e-01 1.00000000e+00 1.00000000e+00
 5.00000000e-01 5.00000000e-01 1.66666667e-01 6.66666667e-01
 1.00000000e+00 5.00000000e-01 1.00000000e+00 5.00000000e-01
 6.66666667e-01 5.00000000e-01 6.66666667e-01 1.00000000e+00
 5.00000000e-01 1.25000000e-01 1.00000000e+00 1.00000000e+00
 1.95312500e-03 1.00000000e+00 7.69230769e-02 7.69230769e-02
 1.00000000e+00 3.84615385e-02 5.00000000e-01 1.00000000e+00
 8.33333333e-01 8.33333333e-01 8.33333333e-01 6.66666667e-01
 8.33333333e-01 5.00000000e-01 6.66666667e-01 6.66666667e-01
 6.66666667e-01 8.33333333e-01 1.00000000e+00 8.33333333e-01
 1.00000000e+00 1.00000000e+00 5.00000000e-01 1.66666667e-01
 1.66666667e-01 5.00000000e-01 3.90625000e-03 1.25000000e-01
 1.00000000e+00 2.50000000e-01 1.00000000e+00 1.00000000e+00
 5.00000000e-01 5.00000000e-01 1.00000000e+00 5.00000000e-01
 1.00000000e+00 1.00000000e+00 5.00000000e-01 3.33333333e-01
 6.66666667e-01 3.33333333e-01 6.66666667e-01 1.00000000e+00
 5.00000000e-01 3.33333333e-01 1.66666667e-01 5.00000000e-01
 3.33333333e-01 6.66666667e-01 5.00000000e-01 3.33333333e-01
 5.00000000e-01 1.66666667e-01 8.33333333e-01 8.33333333e-01
 1.00000000e+00 5.00000000e-01 1.00000000e+00 1.56250000e-02
 1.25000000e-01 1.00000000e+00 8.33333333e-02 1.66666667e-01
 1.00000000e+00 5.00000000e-01 1.66666667e-01 1.00000000e+00]",7.721646478073865,"[5.817589619629125, 5.823413032661787, 5.829242274936723, 5.835077352289012, 5.8409182705595715, 5.846765035595166, 5.852617653248415, 5.8584761293777925, 5.86434046984764, 5.870210680528168, 5.8760867672954635, 5.881968736031495, 5.887856592624119, 5.893750342967086, 5.899649992960046, 5.905555548508555, 5.911467015524079, 5.917384399924003, 5.9233077076316345, 5.9292369445762105, 5.935172116692903, 5.941113229922826, 5.947060290213039, 5.953013303516555, 5.958972275792347, 5.964937213005353, 5.970908121126479, 5.976885006132612, 5.982867874006619, 5.988856730737356, 5.994851582319676, 6.00085243475443, 6.006859294048478, 6.012872166214693, 6.018891057271965, 6.02491597324521, 6.030946920165375, 6.036983904069444, 6.043026931000445, 6.049076007007453, 6.055131138145598, 6.061192330476074, 6.06725959006614, 6.073332922989129, 6.079412335324454, 6.0854978331576115, 6.091589422580192, 6.097687109689882, 6.1037909005904725, 6.1099008013918645, 6.116016818210075, 6.122138957167242, 6.128267224391633, 6.1344016260176515, 6.140542168185838, 6.14668885704288, 6.152841698741622, 6.159000699441063, 6.16516586530637, 6.171337202508878, 6.177514717226105, 6.1836984156417465, 6.1898883039456924, 6.196084388334026, 6.202286675009035, 6.208495170179215, 6.214709880059274, 6.220930810870144, 6.227157968838983, 6.233391360199183, 6.239630991190373, 6.245876868058431, 6.252128997055487, 6.258387384439927, 6.264652036476403, 6.270922959435839, 6.277200159595434, 6.283483643238673, 6.289773416655328, 6.296069486141469, 6.302371857999469, 6.308680538538007, 6.314995534072079, 6.321316850923002, 6.32764449541842, 6.333978473892313, 6.340318792684998, 6.346665458143142, 6.353018476619762, 6.3593778544742365, 6.365743598072309, 6.372115713786095, 6.378494207994089, 6.3848790870811705, 6.391270357438609, 6.397668025464073, 6.4040720975616345, 6.410482580141776, 6.416899479621398, 6.423322802423821, 6.4297525549788, 6.436188743722523, 6.442631375097621, 6.449080455553174, 6.455535991544719, 6.461997989534253, 6.468466455990243, 6.474941397387631, 6.481422820207839, 6.487910730938777, 6.494405136074852, 6.500906042116969, 6.507413455572542, 6.513927382955497, 6.520447830786283, 6.526974805591875, 6.533508313905781, 6.540048362268049, 6.546594957225274, 6.553148105330605, 6.559707813143748, 6.56627408723098, 6.5728469341651445, 6.57942636052567, 6.586012372898569, 6.592604977876445, 6.599204182058504, 6.605809992050554, 6.612422414465019, 6.61904145592094, 6.625667123043984, 6.63229942246645, 6.638938360827277, 6.645583944772049, 6.652236180953002, 6.658895076029031, 6.665560636665697, 6.672232869535232, 6.678911781316549, 6.685597378695244, 6.692289668363607, 6.698988657020627, 6.705694351371999, 6.71240675813013, 6.719125884014144, 6.7258517357498935, 6.7325843200699635, 6.739323643713678, 6.746069713427104, 6.752822535963068, 6.759582118081149, 6.766348466547697, 6.773121588135833, 6.779901489625458, 6.786688177803262, 6.793481659462724, 6.800281941404128, 6.807089030434563, 6.813902933367931, 6.820723657024956, 6.8275512082331895, 6.834385593827016, 6.841226820647663, 6.848074895543206, 6.854929825368575, 6.861791616985561, 6.868660277262824, 6.875535813075899, 6.882418231307207, 6.889307538846053, 6.896203742588641, 6.903106849438079, 6.9100168663043835, 6.916933800104488, 6.92385765776225, 6.930788446208458, 6.937726172380839, 6.944670843224063, 6.951622465689753, 6.958581046736489, 6.965546593329819, 6.972519112442261, 6.979498611053314, 6.986485096149464, 6.993478574724188, 7.0004790537779655, 7.0074865403182836, 7.014501041359643, 7.0215225639235666, 7.0285511150386055, 7.035586701740346, 7.042629331071417, 7.0496790100814986, 7.056735745827326, 7.0637995453726985, 7.070870415788487, 7.07794836415264, 7.08503339755019, 7.092125523073263, 7.099224747821085, 7.106331078899984, 7.113444523423408, 7.12056508851192, 7.127692781293213, 7.134827608902115, 7.141969578480595, 7.149118697177773, 7.156274972149923, 7.163438410560484, 7.170609019580064, 7.17778680638645, 7.1849717781646145, 7.192163942106721, 7.199363305412134, 7.206569875287421, 7.213783658946368, 7.221004663609978, 7.228232896506484, 7.235468364871355, 7.242711075947303, 7.249961036984287, 7.257218255239526, 7.264482737977504, 7.271754492469974, 7.2790335259959695, 7.2863198458418115, 7.293613459301112, 7.300914373674787, 7.308222596271058, 7.315538134405464, 7.322860995400864, 7.330191186587451, 7.337528715302754, 7.344873588891645, 7.352225814706352, 7.359585400106458, 7.3669523524589176, 7.374326679138056, 7.381708387525581, 7.389097485010591, 7.3964939789895805, 7.403897876866447, 7.411309186052499, 7.418727913966466, 7.4261540680345, 7.43358765569019, 7.441028684374565, 7.448477161536101, 7.4559330946307325, 7.463396491121855, 7.470867358480335, 7.47834570418452, 7.48583153572024, 7.49332486058082, 7.5008256862670875, 7.508334020287375, 7.515849870157533, 7.5233732434009335, 7.530904147548482, 7.538442590138621, 7.545988578717338, 7.553542120838177, 7.561103224062239, 7.568671895958198, 7.5762481441022995, 7.583831976078378, 7.591423399477856, 7.599022421899756, 7.606629050950707, 7.614243294244951, 7.621865159404355, 7.629494654058414, 7.637131785844258, 7.644776562406665, 7.652428991398063, 7.660089080478541, 7.667756837315857, 7.675432269585443, 7.683115384970413, 7.690806191161574, 7.698504695857431, 7.706210906764195, 7.713924831595791, 7.721646478073865]","[1, 5, 0, 0, 0, 23, 22, 18, 2, 5, 4, 0, 1, 5, 4, 4, 0, 2, 0, 2, 0, 3, 4, 1, 5, 3, 1, 2, 4, 0, 0, 2, 1, 1, 0, 4, 2, 0, 5, 5, 0, 2, 3, 0, 0, 4, 2, 5, 3, 0, 1, 2, 2, 5, 3, 2, 0, 1, 5, 0, 4, 0, 4, 4, 0, 1, 6, 0, 2, 1, 0, 4, 3, 0, 0, 0, 2, 0, 1, 2, 5, 2, 3, 3, 5, 5, 0, 1, 3, 4, 0, 4, 6, 5, 0, 7, 3, 0, 3, 3, 0, 2, 7, 0, 1, 2, 2, 3, 0, 5, 5, 1, 5, 5, 3, 1, 5, 2, 5, 0, 1, 0, 3, 3, 0, 0, 4, 0, 5, 6, 0, 4, 4, 0, 5, 3, 2, 2, 1, 1, 1, 2, 4, 4, 3, 0, 5, 2, 5, 3, 3, 0, 4, 2, 0, 3, 5, 0, 0, 1, 0, 7, 0, 0, 2, 5, 0, 0, 2, 2, 0, 0, 3, 2, 2, 0, 2, 2, 3, 0, 2, 4, 3, 1, 0, 8, 0, 0, 3, 7, 0, 5, 4, 0, 3, 3, 1, 2, 5, 5, 2, 2, 0, 3, 5, 2, 5, 2, 3, 2, 3, 5, 7, 5, 0, 9, 0, 0, 1, 1, 0, 0, 2, 0, 4, 4, 4, 3, 4, 2, 3, 3, 3, 4, 5, 4, 5, 5, 2, 0, 0, 2, 1, 6, 0, 7, 9, 0, 2, 2, 0, 2, 3, 0, 2, 1, 3, 1, 3, 5, 2, 1, 0, 2, 1, 3, 2, 1, 2, 0, 4, 4, 9, 8, 0, 3, 6, 0, 0, 1, 0, 4, 1, 0]","{'latency': 397539314, 'energy': 37318370.0, 'area': 16093400.0, 'power': 0.176931, 'cnt_pes': 38, 'l1_mem': 54, 'l2_mem': 778, 'edp': 1.483551920939818e+16}",63,1.1384946614637825
11,"[0.25       0.016      1.         1.         0.33333333 0.16666667
 0.16666667 0.375      0.33333333 0.16666667 0.66666667 1.
 0.83333333 0.83333333 0.83333333 0.66666667 0.5        0.66666667
 0.66666667 0.83333333 1.         0.5        1.         0.33333333
 0.5        0.66666667 0.66666667 0.16666667 0.66666667 0.66666667
 0.16666667 0.66666667 0.33333333 0.33333333 1.         0.25
 0.5        1.         1.         0.01351351 1.         0.00900901
 0.0045045  1.         0.66666667 0.66666667 0.83333333 0.66666667
 1.         0.83333333 0.83333333 1.         0.16666667 0.33333333
 0.5        0.66666667 0.5        0.5        0.66666667 1.
 0.5        0.83333333 1.         0.03125    1.         0.5
 1.         1.         0.00900901 0.5        1.         0.16666667
 0.02702703 1.         0.5        0.33333333 0.83333333 0.66666667
 0.16666667 0.16666667 0.66666667 0.5        0.5        0.83333333
 0.66666667 0.83333333 0.83333333 0.16666667 0.33333333 1.
 0.83333333 0.66666667 0.0625     0.25       1.         1.
 0.25       1.         0.01818182 0.00909091 1.         0.5
 0.2        1.         1.         1.         1.         0.83333333
 0.83333333 0.16666667 0.66666667 0.83333333 0.16666667 0.66666667
 0.66666667 0.16666667 0.33333333 0.5        0.5        0.66666667
 0.16666667 1.         1.         0.25       1.         1.
 1.         1.         1.         0.01818182 1.         0.2
 0.01818182 1.         0.83333333 1.         1.         0.83333333
 0.5        1.         0.5        0.16666667 0.33333333 1.
 1.         1.         0.33333333 0.66666667 0.5        0.16666667
 0.16666667 0.83333333 0.03125    0.015625   1.         1.
 1.         1.         0.03703704 0.03703704 1.         0.16666667
 0.03703704 1.         0.33333333 0.66666667 0.5        0.5
 0.16666667 0.16666667 0.66666667 0.16666667 0.33333333 0.16666667
 0.16666667 0.16666667 0.16666667 0.33333333 0.5        0.33333333
 0.83333333 1.         0.125      1.         1.         1.
 1.         1.         0.03703704 0.33333333 1.         0.05555556
 0.03703704 1.         0.83333333 1.         0.33333333 0.16666667
 0.66666667 0.66666667 0.16666667 1.         0.5        0.33333333
 0.5        0.5        0.33333333 0.66666667 0.83333333 1.
 0.5        0.5        0.5        1.         1.         0.5
 0.125      1.         0.03846154 0.03846154 1.         1.
 0.07692308 1.         0.66666667 0.33333333 1.         0.33333333
 0.16666667 0.83333333 0.16666667 0.16666667 0.83333333 0.33333333
 0.5        1.         0.66666667 0.66666667 0.83333333 0.83333333
 0.5        0.5        0.03125    0.0078125  1.         0.0625
 1.         1.         0.03846154 0.5        1.         1.
 1.         1.         0.33333333 0.33333333 0.16666667 0.16666667
 1.         0.66666667 1.         0.33333333 0.33333333 0.33333333
 0.16666667 0.33333333 0.33333333 1.         0.83333333 1.
 0.33333333 0.5        0.0625     0.03125    1.         0.25
 0.125      1.         1.         0.08333333 1.         0.08333333
 0.25       1.        ]",3.36507803967753,"[2.535293881746478, 2.537831713459938, 2.5403720855454837, 2.5429150005460297, 2.545460461007037, 2.5480084694765135, 2.5505590285050186, 2.553112140645664, 2.555667808454118, 2.5582260344886065, 2.5607868213099163, 2.5633501714813978, 2.565916087568967, 2.568484572141108, 2.5710556277688768, 2.5736292570259027, 2.576205462488391, 2.5787842467351263, 2.581365612347474, 2.5839495619093835, 2.586536098007391, 2.589125223230621, 2.591716940170792, 2.594311251422214, 2.5969081595817958, 2.599507667249045, 2.602109777026071, 2.604714491517589, 2.6073218133309197, 2.6099317450759956, 2.6125442893653608, 2.615159448814175, 2.6177772260402152, 2.6203976236638793, 2.6230206443081876, 2.6256462905987865, 2.6282745651639505, 2.630905470634585, 2.6335390096442293, 2.6361751848290584, 2.6388139988278865, 2.6414554542821684, 2.6440995538360044, 2.6467463001361407, 2.6493956958319727, 2.6520477435755483, 2.65470244602157, 2.6573598058273973, 2.6600198256530505, 2.6626825081612115, 2.665347856017229, 2.668015871889118, 2.6706865584475654, 2.6733599183659313, 2.6760359543202514, 2.6787146689892407, 2.681396065054295, 2.684080145199495, 2.6867669121116067, 2.6894563684800867, 2.692148516997084, 2.6948433603574413, 2.6975409012587, 2.7002411424011012, 2.7029440864875887, 2.7056497362238123, 2.7083580943181307, 2.7110691634816124, 2.7137829464280405, 2.7164994458739145, 2.719218664538453, 2.7219406051435966, 2.7246652704140106, 2.727392663077088, 2.730122785862951, 2.732855641504455, 2.7355912327371925, 2.738329562299492, 2.7410706329324244, 2.7438144473798043, 2.7465610083881926, 2.7493103187068995, 2.7520623810879874, 2.7548171982862737, 2.757574773059333, 2.7603351081675003, 2.7630982063738743, 2.7658640704443185, 2.768632703147466, 2.7714041072547206, 2.774178285540261, 2.776955240781042, 2.779734975756799, 2.7825174932500487, 2.785302796046095, 2.788090886933028, 2.7908817687017295, 2.7936754441458755, 2.7964719160619373, 2.7992711872491864, 2.802073260509696, 2.8048781386483443, 2.8076858244728173, 2.810496320793611, 2.813309630424035, 2.8161257561802153, 2.8189447008810964, 2.821766467348445, 2.824591058406852, 2.827418476883736, 2.830248725609345, 2.833081807416762, 2.8359177251419037, 2.8387564816235273, 2.8415980797032305, 2.844442522225456, 2.8472898120374937, 2.8501399519894832, 2.852992944934418, 2.855848793728146, 2.8587075012293752, 2.8615690702996748, 2.864433503803478, 2.867300804608086, 2.8701709755836697, 2.873044019603273, 2.8759199395428157, 2.878798738281097, 2.881680418699797, 2.88456498368348, 2.8874524361195997, 2.890342778898498, 2.8932360149134113, 2.896132147060472, 2.899031178238711, 2.901933111350061, 2.90483794929936, 2.9077456949943543, 2.9106563513457, 2.913569921266967, 2.9164864076746415, 2.9194058134881296, 2.9223281416297593, 2.925253395024784, 2.9281815766013857, 2.9311126892906763, 2.934046736026703, 2.9369837197464497, 2.9399236433898395, 2.9428665098997393, 2.945812322221961, 2.9487610833052664, 2.9517127961013676, 2.9546674635649324, 2.957625088653586, 2.960585674327914, 2.9635492235514653, 2.966515739290756, 2.9694852245152714, 2.972457682197469, 2.9754331153127818, 2.978411526839621, 2.9813929197593807, 2.984377297056437, 2.9873646617181553, 2.99035501673489, 2.99334836509999, 2.9963447098097995, 2.999344053863663, 3.002346400263927, 3.005351752015943, 3.008360112128071, 3.0113714836116827, 3.014385869481164, 3.017403272753918, 3.020423696450368, 3.023447143593962, 3.026473617211173, 3.0295031203315044, 3.032535655987492, 3.0355712272147066, 3.0386098370517582, 3.0416514885402988, 3.044696184725024, 3.0477439286536776, 3.0507947233770545, 3.0538485719490036, 3.05690547742643, 3.059965442869299, 3.0630284713406395, 3.066094565906546, 3.0691637296361822, 3.072235965601784, 3.075311276878663, 3.078389666545208, 3.081471137682891, 3.084555693376267, 3.08764333671298, 3.090734070783764, 3.0938278986824463, 3.0969248235059523, 3.1000248483543067, 3.1031279763306374, 3.1062342105411784, 3.1093435540952736, 3.112456010105379, 3.115571581687066, 3.118690271959025, 3.1218120840430683, 3.1249370210641323, 3.128065086150283, 3.1311962824327155, 3.134330613045761, 3.137468081126888, 3.140608689816705, 3.1437524422589638, 3.146899341600564, 3.1500493909915557, 3.153202593585141, 3.1563589525376785, 3.159518471008687, 3.162681152160848, 3.1658469991600082, 3.1690160151751834, 3.1721882033785618, 3.1753635669455074, 3.178542109054562, 3.1817238328874495, 3.1849087416290787, 3.1880968384675463, 3.1912881265941406, 3.194482609203344, 3.197680289492837, 3.2008811706635005, 3.20408525591942, 3.207292548467888, 3.210503051519407, 3.2137167682876946, 3.216933701989684, 3.22015385584553, 3.2233772330786086, 3.226603836915524, 3.22983367058611, 3.2330667373234334, 3.236303040363797, 3.239542582946744, 3.242785368315059, 3.2460313997147736, 3.249280680395169, 3.2525332136087775, 3.255789002611389, 3.259048050662051, 3.262310361023074, 3.265575936960034, 3.268844781741776, 3.2721168986404163, 3.2753922909313475, 3.2786709618932406, 3.281952914808049, 3.2852381529610097, 3.2885266796406505, 3.2918184981387895, 3.29511361175054, 3.2984120237743144, 3.301713737511826, 3.3050187562680944, 3.308327083351446, 3.3116387220735195, 3.3149536757492686, 3.3182719476969655, 3.3215935412382036, 3.3249184596979013, 3.3282467064043058, 3.331578284688995, 3.334913197886882, 3.338251449336218, 3.3415930423785967, 3.3449379803589556, 3.348286266625581, 3.351637904530111, 3.3549928974275387, 3.358351248676215, 3.3617129616378527, 3.36507803967753]","[12, 5, 0, 0, 0, 3, 3, 8, 1, 0, 3, 5, 4, 4, 4, 3, 2, 3, 3, 4, 5, 2, 5, 1, 2, 3, 3, 0, 3, 3, 0, 3, 0, 0, 0, 4, 5, 0, 7, 2, 0, 1, 0, 0, 3, 3, 4, 3, 5, 4, 4, 5, 0, 1, 2, 3, 2, 2, 3, 5, 2, 4, 6, 1, 0, 5, 6, 0, 1, 6, 0, 4, 3, 0, 2, 1, 4, 3, 0, 0, 3, 2, 2, 4, 3, 4, 4, 0, 1, 5, 4, 3, 2, 4, 0, 7, 5, 0, 1, 0, 0, 6, 5, 0, 5, 5, 5, 4, 4, 0, 3, 4, 0, 3, 3, 0, 1, 2, 2, 3, 0, 5, 7, 5, 0, 7, 7, 0, 7, 1, 0, 5, 1, 0, 4, 5, 5, 4, 2, 5, 2, 0, 1, 5, 5, 5, 1, 3, 2, 0, 0, 4, 2, 1, 0, 8, 8, 0, 1, 1, 0, 4, 1, 0, 1, 3, 2, 2, 0, 0, 3, 0, 1, 0, 0, 0, 0, 1, 2, 1, 4, 5, 5, 8, 0, 8, 8, 0, 1, 5, 0, 2, 1, 0, 4, 5, 1, 0, 3, 3, 0, 5, 2, 1, 2, 2, 1, 3, 4, 5, 2, 2, 7, 8, 0, 8, 6, 0, 0, 0, 0, 3, 1, 0, 3, 1, 5, 1, 0, 4, 0, 0, 4, 1, 2, 5, 3, 3, 4, 4, 2, 2, 4, 2, 0, 5, 9, 0, 0, 2, 0, 3, 3, 0, 1, 1, 0, 0, 5, 3, 5, 1, 1, 1, 0, 1, 1, 5, 4, 5, 1, 2, 5, 4, 0, 7, 6, 0, 5, 0, 0, 0, 2, 0]","{'latency': 912210061, 'energy': 66744704.0, 'area': 7831130.0, 'power': 0.08687106153846154, 'cnt_pes': 18, 'l1_mem': 54, 'l2_mem': 378, 'edp': 6.088519050726694e+16}",161,0.4380958453511033
12,"[0.03125    0.5        1.         1.         0.33333333 1.
 0.08333333 0.91666667 1.         0.16666667 0.33333333 0.83333333
 0.16666667 0.83333333 0.83333333 0.83333333 1.         0.83333333
 0.16666667 0.66666667 0.16666667 0.83333333 0.33333333 0.66666667
 0.16666667 0.33333333 0.16666667 0.5        0.5        0.16666667
 0.33333333 0.5        0.33333333 1.         1.         0.25
 1.         1.         0.02702703 0.5        1.         0.01351351
 0.01351351 1.         0.66666667 0.33333333 0.33333333 1.
 0.66666667 0.83333333 0.33333333 0.5        1.         0.33333333
 0.66666667 0.16666667 1.         0.5        0.66666667 0.16666667
 0.33333333 0.83333333 1.         1.         1.         0.125
 0.0625     1.         0.5        0.16666667 1.         0.02702703
 0.00900901 1.         1.         1.         0.83333333 0.16666667
 0.66666667 0.5        0.5        0.33333333 0.66666667 1.
 0.16666667 0.66666667 1.         0.33333333 0.5        1.
 1.         1.         0.25       0.125      1.         1.
 0.0625     1.         0.04545455 0.04545455 1.         0.04545455
 0.5        1.         0.16666667 0.5        0.66666667 1.
 0.16666667 1.         1.         0.66666667 0.66666667 1.
 0.66666667 1.         0.33333333 1.         0.33333333 0.5
 0.66666667 0.5        0.0625     0.0625     1.         0.0078125
 0.015625   1.         0.2        0.09090909 1.         0.04545455
 0.00909091 1.         0.66666667 0.33333333 0.16666667 0.16666667
 0.16666667 0.83333333 0.33333333 0.5        0.5        0.16666667
 0.16666667 0.33333333 1.         0.5        1.         0.5
 0.66666667 0.66666667 0.125      0.03125    1.         0.015625
 0.015625   1.         0.03703704 0.03703704 1.         0.05555556
 0.05555556 1.         0.16666667 1.         0.66666667 0.83333333
 0.5        1.         1.         0.83333333 0.5        1.
 0.83333333 1.         0.83333333 0.16666667 0.33333333 0.5
 0.5        0.5        1.         0.125      1.         1.
 0.00390625 1.         0.05555556 0.16666667 1.         0.03703704
 0.5        1.         0.16666667 1.         0.83333333 0.66666667
 0.16666667 1.         0.5        0.66666667 0.16666667 0.5
 0.16666667 0.83333333 0.83333333 0.16666667 0.66666667 0.16666667
 0.5        0.5        0.5        0.0078125  1.         0.03125
 0.03125    1.         0.07692308 0.07692308 1.         0.07692308
 0.03846154 1.         0.5        0.5        0.66666667 1.
 0.66666667 0.33333333 0.66666667 0.16666667 0.33333333 0.16666667
 1.         0.16666667 1.         0.83333333 0.83333333 0.33333333
 0.5        0.66666667 0.00390625 0.25       1.         1.
 0.125      1.         1.         0.03846154 1.         1.
 0.03846154 1.         0.5        0.33333333 0.33333333 0.83333333
 1.         1.         0.83333333 1.         1.         0.16666667
 0.5        1.         1.         0.33333333 0.83333333 0.5
 0.83333333 0.33333333 0.015625   0.03125    1.         0.0078125
 0.25       1.         0.08333333 0.08333333 1.         0.08333333
 0.16666667 1.        ]",6.292398605500793,"[4.74077554753083, 4.745521068599429, 4.750271339939369, 4.755026366305675, 4.759786152458132, 4.7645507031612935, 4.769320023184478, 4.77409411730178, 4.778872990292072, 4.783656646939011, 4.788445092031043, 4.793238330361404, 4.798036366728132, 4.802839205934066, 4.807646852786853, 4.812459312098952, 4.81727658868764, 4.822098687375014, 4.826925612988002, 4.8317573703583605, 4.836593964322684, 4.841435399722406, 4.84628168140381, 4.851132814218028, 4.855988803021049, 4.860849652673722, 4.865715368041764, 4.87058595399576, 4.875461415411171, 4.880341757168339, 4.885226984152491, 4.890117101253745, 4.8950121133671125, 4.899912025392505, 4.904816842234739, 4.909726568803543, 4.914641210013556, 4.919560770784341, 4.924485256040382, 4.929414670711092, 4.934349019730823, 4.939288308038862, 4.944232540579442, 4.949181722301744, 4.954135858159904, 4.959094953113017, 4.9640590121251424, 4.969028040165308, 4.974002042207515, 4.978981023230746, 4.983964988218966, 4.988953942161126, 4.993947890051178, 4.9989468368880665, 5.003950787675742, 5.008959747423165, 5.01397372114431, 5.018992713858168, 5.024016730588757, 5.029045776365122, 5.034079856221344, 5.039118975196541, 5.044163138334875, 5.049212350685561, 5.054266617302864, 5.05932594324611, 5.06439033357969, 5.0694597933730625, 5.074534327700763, 5.079613941642406, 5.084698640282689, 5.0897884287114, 5.094883312023423, 5.099983295318742, 5.105088383702444, 5.110198582284729, 5.11531389618091, 5.120434330511422, 5.125559890401824, 5.130690580982807, 5.135826407390198, 5.140967374764963, 5.146113488253216, 5.151264753006222, 5.1564211741804025, 5.16158275693734, 5.166749506443783, 5.171921427871655, 5.177098526398053, 5.182280807205259, 5.1874682754807395, 5.192660936417156, 5.197858795212369, 5.2030618570694385, 5.208270127196635, 5.213483610807443, 5.218702313120564, 5.2239262393599235, 5.229155394754678, 5.234389784539218, 5.239629413953171, 5.244874288241412, 5.250124412654066, 5.255379792446512, 5.260640432879391, 5.26590633921861, 5.271177516735345, 5.276453970706051, 5.281735706412463, 5.287022729141604, 5.2923150441857905, 5.297612656842633, 5.302915572415047, 5.308223796211259, 5.3135373335448035, 5.318856189734538, 5.324180370104642, 5.329509879984627, 5.3348447247093365, 5.340184909618955, 5.345530440059014, 5.3508813213803945, 5.356237558939334, 5.361599158097431, 5.366966124221653, 5.372338462684337, 5.3777161788632, 5.383099278141342, 5.388487765907249, 5.393881647554804, 5.399280928483287, 5.404685614097384, 5.410095709807192, 5.41551122102822, 5.420932153181401, 5.426358511693095, 5.43179030199509, 5.437227529524614, 5.442670199724339, 5.448118318042382, 5.453571889932314, 5.459030920853167, 5.464495416269437, 5.469965381651088, 5.475440822473561, 5.480921744217779, 5.486408152370149, 5.491900052422572, 5.4973974498724445, 5.502900350222667, 5.508408758981649, 5.5139226816633125, 5.519442123787099, 5.524967090877977, 5.530497588466444, 5.5360336220885324, 5.541575197285819, 5.547122319605424, 5.552674994600024, 5.558233227827852, 5.563797024852705, 5.569366391243949, 5.574941332576525, 5.580521854430956, 5.58610796239335, 5.591699662055405, 5.59729695901442, 5.602899858873293, 5.608508367240534, 5.6141224897302635, 5.619742231962226, 5.625367599561788, 5.630998598159947, 5.63663523339334, 5.642277510904244, 5.647925436340585, 5.653579015355941, 5.6592382536095505, 5.664903156766317, 5.670573730496814, 5.676249980477292, 5.681931912389682, 5.687619531921603, 5.6933128447663695, 5.699011856622993, 5.704716573196189, 5.710427000196385, 5.716143143339725, 5.721865008348073, 5.727592600949022, 5.733325926875898, 5.739064991867766, 5.744809801669435, 5.750560362031466, 5.756316678710176, 5.762078757467644, 5.767846604071716, 5.773620224296012, 5.779399623919932, 5.785184808728661, 5.790975784513174, 5.796772557070244, 5.802575132202446, 5.808383515718164, 5.814197713431596, 5.820017731162759, 5.825843574737497, 5.831675249987484, 5.837512762750234, 5.843356118869103, 5.849205324193297, 5.855060384577874, 5.860921305883758, 5.8667880939777355, 5.872660754732468, 5.878539294026495, 5.884423717744239, 5.890314031776015, 5.896210242018033, 5.902112354372406, 5.908020374747153, 5.913934309056209, 5.919854163219429, 5.925779943162592, 5.931711654817409, 5.937649304121531, 5.94359289701855, 5.949542439458008, 5.955497937395403, 5.961459396792195, 5.967426823615811, 5.973400223839651, 5.9793796034430935, 5.985364968411505, 5.991356324736242, 5.997353678414656, 6.003357035450106, 6.009366401851958, 6.015381783635593, 6.021403186822416, 6.0274306174398555, 6.033464081521377, 6.039503585106483, 6.045549134240724, 6.0516007349756995, 6.057658393369069, 6.063722115484554, 6.069791907391946, 6.075867775167113, 6.081949724892005, 6.088037762654659, 6.094131894549209, 6.100232126675885, 6.106338465141026, 6.1124509160570835, 6.1185694855426265, 6.124694179722349, 6.130825004727076, 6.13696196669377, 6.143105071765535, 6.149254326091627, 6.155409735827454, 6.161571307134588, 6.1677390461807695, 6.173912959139909, 6.180093052192102, 6.186279331523625, 6.192471803326952, 6.198670473800752, 6.204875349149902, 6.211086435585488, 6.217303739324812, 6.223527266591404, 6.229757023615019, 6.23599301663165, 6.242235251883534, 6.2484837356191525, 6.254738474093246, 6.260999473566813, 6.267266740307121, 6.273540280587708, 6.279820100688397, 6.286106206895292, 6.292398605500793]","[9, 10, 0, 0, 0, 23, 1, 21, 5, 0, 1, 4, 0, 4, 4, 4, 5, 4, 0, 3, 0, 4, 1, 3, 0, 1, 0, 2, 2, 0, 1, 2, 0, 1, 0, 4, 6, 0, 3, 6, 0, 2, 2, 0, 3, 1, 1, 5, 3, 4, 1, 2, 5, 1, 3, 0, 5, 2, 3, 0, 1, 4, 6, 6, 0, 3, 2, 0, 6, 4, 0, 3, 1, 0, 5, 5, 4, 0, 3, 2, 2, 1, 3, 5, 0, 3, 5, 1, 2, 5, 5, 5, 4, 3, 0, 7, 3, 0, 2, 2, 0, 2, 6, 0, 0, 2, 3, 5, 0, 5, 5, 3, 3, 5, 3, 5, 1, 5, 1, 2, 3, 2, 3, 3, 0, 0, 1, 0, 5, 3, 0, 2, 0, 0, 3, 1, 0, 0, 0, 4, 1, 2, 2, 0, 0, 1, 5, 2, 5, 2, 3, 3, 4, 2, 0, 2, 2, 0, 1, 1, 0, 2, 2, 0, 0, 5, 3, 4, 2, 5, 5, 4, 2, 5, 4, 5, 4, 0, 1, 2, 2, 2, 8, 5, 0, 8, 0, 0, 2, 4, 0, 1, 6, 0, 0, 5, 4, 3, 0, 5, 2, 3, 0, 2, 0, 4, 4, 0, 3, 0, 2, 2, 7, 1, 0, 4, 4, 0, 1, 1, 0, 1, 0, 0, 2, 2, 3, 5, 3, 1, 3, 0, 1, 0, 5, 0, 5, 4, 4, 1, 2, 3, 1, 7, 0, 9, 6, 0, 3, 0, 0, 3, 0, 0, 2, 1, 1, 4, 5, 5, 4, 5, 5, 0, 2, 5, 5, 1, 4, 2, 4, 1, 3, 4, 0, 2, 7, 0, 0, 0, 0, 0, 1, 0]","{'latency': 487835917, 'energy': 60570453.0, 'area': 18651700.0, 'power': 0.20602223076923082, 'cnt_pes': 44, 'l1_mem': 54, 'l2_mem': 1586, 'edp': 2.95484424823604e+16}",43,1.1301481520138272
13,"[5.00000000e-01 5.00000000e-04 1.00000000e+00 1.00000000e+00
 1.00000000e+00 1.00000000e+00 5.41666667e-01 1.00000000e+00
 8.33333333e-01 1.66666667e-01 3.33333333e-01 8.33333333e-01
 1.66666667e-01 8.33333333e-01 8.33333333e-01 8.33333333e-01
 8.33333333e-01 1.66666667e-01 3.33333333e-01 6.66666667e-01
 1.66666667e-01 1.00000000e+00 8.33333333e-01 1.66666667e-01
 1.00000000e+00 1.66666667e-01 1.66666667e-01 5.00000000e-01
 8.33333333e-01 5.00000000e-01 1.66666667e-01 1.00000000e+00
 1.00000000e+00 1.00000000e+00 1.00000000e+00 2.50000000e-01
 6.25000000e-02 1.00000000e+00 2.70270270e-02 4.50450450e-03
 1.00000000e+00 1.00000000e+00 4.50450450e-03 1.00000000e+00
 8.33333333e-01 8.33333333e-01 5.00000000e-01 1.00000000e+00
 5.00000000e-01 1.66666667e-01 3.33333333e-01 8.33333333e-01
 5.00000000e-01 1.00000000e+00 3.33333333e-01 5.00000000e-01
 1.00000000e+00 5.00000000e-01 6.66666667e-01 1.00000000e+00
 8.33333333e-01 8.33333333e-01 1.00000000e+00 5.00000000e-01
 1.00000000e+00 1.25000000e-01 6.25000000e-02 1.00000000e+00
 5.00000000e-01 9.00900901e-03 1.00000000e+00 1.66666667e-01
 5.00000000e-01 1.00000000e+00 1.00000000e+00 1.66666667e-01
 8.33333333e-01 1.00000000e+00 6.66666667e-01 1.66666667e-01
 1.00000000e+00 5.00000000e-01 3.33333333e-01 1.00000000e+00
 1.66666667e-01 1.00000000e+00 1.00000000e+00 3.33333333e-01
 1.66666667e-01 6.66666667e-01 5.00000000e-01 1.66666667e-01
 1.25000000e-01 1.25000000e-01 1.00000000e+00 1.00000000e+00
 5.00000000e-01 1.00000000e+00 9.09090909e-02 1.81818182e-02
 1.00000000e+00 2.00000000e-01 2.00000000e-01 1.00000000e+00
 3.33333333e-01 5.00000000e-01 5.00000000e-01 1.66666667e-01
 1.66666667e-01 1.00000000e+00 1.00000000e+00 1.00000000e+00
 6.66666667e-01 5.00000000e-01 5.00000000e-01 1.00000000e+00
 1.00000000e+00 1.66666667e-01 5.00000000e-01 5.00000000e-01
 6.66666667e-01 5.00000000e-01 3.12500000e-02 6.25000000e-02
 1.00000000e+00 7.81250000e-03 1.56250000e-02 1.00000000e+00
 2.00000000e-01 9.09090909e-02 1.00000000e+00 9.09090909e-03
 1.00000000e+00 1.00000000e+00 1.66666667e-01 6.66666667e-01
 3.33333333e-01 5.00000000e-01 3.33333333e-01 1.66666667e-01
 3.33333333e-01 1.66666667e-01 8.33333333e-01 1.66666667e-01
 8.33333333e-01 1.66666667e-01 1.66666667e-01 5.00000000e-01
 1.00000000e+00 5.00000000e-01 6.66666667e-01 1.66666667e-01
 1.25000000e-01 3.12500000e-02 1.00000000e+00 6.25000000e-02
 6.25000000e-02 1.00000000e+00 3.70370370e-02 3.70370370e-02
 1.00000000e+00 3.70370370e-02 1.85185185e-02 1.00000000e+00
 5.00000000e-01 1.00000000e+00 3.33333333e-01 1.66666667e-01
 5.00000000e-01 5.00000000e-01 8.33333333e-01 6.66666667e-01
 1.00000000e+00 1.00000000e+00 8.33333333e-01 1.00000000e+00
 5.00000000e-01 1.66666667e-01 3.33333333e-01 6.66666667e-01
 5.00000000e-01 1.00000000e+00 3.12500000e-02 1.25000000e-01
 1.00000000e+00 1.00000000e+00 3.90625000e-03 1.00000000e+00
 5.55555556e-02 5.55555556e-02 1.00000000e+00 1.11111111e-01
 1.66666667e-01 1.00000000e+00 1.00000000e+00 8.33333333e-01
 8.33333333e-01 8.33333333e-01 5.00000000e-01 1.00000000e+00
 5.00000000e-01 8.33333333e-01 1.66666667e-01 5.00000000e-01
 1.00000000e+00 5.00000000e-01 8.33333333e-01 8.33333333e-01
 8.33333333e-01 3.33333333e-01 3.33333333e-01 1.00000000e+00
 3.90625000e-03 1.56250000e-02 1.00000000e+00 1.25000000e-01
 7.81250000e-03 1.00000000e+00 7.69230769e-02 7.69230769e-02
 1.00000000e+00 3.84615385e-02 3.84615385e-02 1.00000000e+00
 3.33333333e-01 1.66666667e-01 8.33333333e-01 1.66666667e-01
 1.66666667e-01 1.00000000e+00 3.33333333e-01 6.66666667e-01
 6.66666667e-01 8.33333333e-01 1.00000000e+00 8.33333333e-01
 1.00000000e+00 8.33333333e-01 5.00000000e-01 5.00000000e-01
 5.00000000e-01 6.66666667e-01 6.25000000e-02 1.25000000e-01
 1.00000000e+00 1.00000000e+00 1.00000000e+00 1.00000000e+00
 5.00000000e-01 3.84615385e-02 1.00000000e+00 1.00000000e+00
 1.00000000e+00 1.00000000e+00 6.66666667e-01 5.00000000e-01
 3.33333333e-01 3.33333333e-01 1.00000000e+00 5.00000000e-01
 8.33333333e-01 1.00000000e+00 3.33333333e-01 1.66666667e-01
 3.33333333e-01 1.00000000e+00 5.00000000e-01 3.33333333e-01
 8.33333333e-01 6.66666667e-01 1.00000000e+00 1.66666667e-01
 1.00000000e+00 6.25000000e-02 1.00000000e+00 3.90625000e-03
 2.50000000e-01 1.00000000e+00 8.33333333e-02 8.33333333e-02
 1.00000000e+00 8.33333333e-02 1.00000000e+00 1.00000000e+00]",4.9430061285710765e-06,"[3.724125576713967e-06, 3.7278534301441114e-06, 3.7315850151592705e-06, 3.7353203354947653e-06, 3.739059394889655e-06, 3.742802197086742e-06, 3.7465487458325747e-06, 3.7502990448774523e-06, 3.7540530979754277e-06, 3.757810908884312e-06, 3.761572481365678e-06, 3.7653378191848627e-06, 3.7691069261109736e-06, 3.7728798059168905e-06, 3.7766564623792696e-06, 3.780436899278548e-06, 3.784221120398947e-06, 3.7880091295284757e-06, 3.7918009304589348e-06, 3.7955965269859205e-06, 3.7993959229088293e-06, 3.8031991220308602e-06, 3.8070061281590193e-06, 3.8108169451041236e-06, 3.8146315766808045e-06, 3.818450026707512e-06, 3.822272299006518e-06, 3.826098397403922e-06, 3.829928325729652e-06, 3.833762087817469e-06, 3.837599687504974e-06, 3.841441128633607e-06, 3.845286415048656e-06, 3.849135550599255e-06, 3.8529885391383936e-06, 3.856845384522916e-06, 3.86070609061353e-06, 3.864570661274804e-06, 3.86843910037518e-06, 3.872311411786967e-06, 3.876187599386353e-06, 3.880067667053406e-06, 3.883951618672078e-06, 3.8878394581302085e-06, 3.891731189319528e-06, 3.895626816135664e-06, 3.899526342478142e-06, 3.903429772250393e-06, 3.907337109359752e-06, 3.91124835771747e-06, 3.915163521238709e-06, 3.919082603842551e-06, 3.923005609452003e-06, 3.926932541993997e-06, 3.930863405399396e-06, 3.934798203603e-06, 3.938736940543543e-06, 3.9426796201637075e-06, 3.9466262464101174e-06, 3.950576823233351e-06, 3.954531354587939e-06, 3.958489844432372e-06, 3.962452296729101e-06, 3.966418715444546e-06, 3.970389104549095e-06, 3.974363468017111e-06, 3.978341809826938e-06, 3.982324133960899e-06, 3.986310444405304e-06, 3.9903007451504544e-06, 3.994295040190645e-06, 3.998293333524169e-06, 4.002295629153322e-06, 4.006301931084406e-06, 4.010312243327734e-06, 4.014326569897631e-06, 4.018344914812444e-06, 4.0223672820945385e-06, 4.026393675770309e-06, 4.030424099870179e-06, 4.034458558428607e-06, 4.038497055484091e-06, 4.04253959507917e-06, 4.0465861812604305e-06, 4.050636818078509e-06, 4.0546915095880974e-06, 4.058750259847945e-06, 4.0628130729208666e-06, 4.06687995287374e-06, 4.070950903777518e-06, 4.075025929707225e-06, 4.079105034741968e-06, 4.083188222964932e-06, 4.087275498463395e-06, 4.091366865328724e-06, 4.0954623276563805e-06, 4.099561889545926e-06, 4.103665555101027e-06, 4.107773328429456e-06, 4.1118852136431e-06, 4.1160012148579576e-06, 4.120121336194152e-06, 4.124245581775927e-06, 4.128373955731659e-06, 4.132506462193853e-06, 4.136643105299153e-06, 4.140783889188341e-06, 4.144928818006347e-06, 4.149077895902249e-06, 4.153231127029279e-06, 4.157388515544824e-06, 4.161550065610434e-06, 4.165715781391826e-06, 4.169885667058884e-06, 4.17405972678567e-06, 4.1782379647504205e-06, 4.182420385135556e-06, 4.186606992127684e-06, 4.190797789917602e-06, 4.194992782700302e-06, 4.199191974674977e-06, 4.2033953700450226e-06, 4.207602973018041e-06, 4.211814787805846e-06, 4.2160308186244705e-06, 4.220251069694165e-06, 4.224475545239404e-06, 4.228704249488893e-06, 4.232937186675569e-06, 4.237174361036605e-06, 4.241415776813419e-06, 4.24566143825167e-06, 4.2499113496012716e-06, 4.254165515116388e-06, 4.258423939055443e-06, 4.262686625681124e-06, 4.266953579260384e-06, 4.271224804064449e-06, 4.275500304368818e-06, 4.279780084453271e-06, 4.284064148601873e-06, 4.288352501102976e-06, 4.292645146249225e-06, 4.296942088337563e-06, 4.301243331669232e-06, 4.305548880549781e-06, 4.30985873928907e-06, 4.314172912201271e-06, 4.318491403604876e-06, 4.322814217822699e-06, 4.327141359181881e-06, 4.331472832013895e-06, 4.33580864065455e-06, 4.3401487894439935e-06, 4.34449328272672e-06, 4.348842124851572e-06, 4.353195320171744e-06, 4.357552873044789e-06, 4.361914787832622e-06, 4.366281068901523e-06, 4.370651720622145e-06, 4.375026747369515e-06, 4.379406153523038e-06, 4.383789943466505e-06, 4.388178121588093e-06, 4.392570692280373e-06, 4.396967659940313e-06, 4.4013690289692825e-06, 4.405774803773055e-06, 4.410184988761817e-06, 4.4145995883501675e-06, 4.419018606957125e-06, 4.423442049006131e-06, 4.4278699189250565e-06, 4.432302221146202e-06, 4.436738960106309e-06, 4.4411801402465555e-06, 4.445625766012568e-06, 4.450075841854422e-06, 4.454530372226649e-06, 4.458989361588237e-06, 4.4634528144026395e-06, 4.467920735137777e-06, 4.472393128266043e-06, 4.476869998264307e-06, 4.4813513496139214e-06, 4.485837186800723e-06, 4.4903275143150375e-06, 4.494822336651689e-06, 4.499321658309999e-06, 4.503825483793792e-06, 4.5083338176114035e-06, 4.512846664275679e-06, 4.517364028303983e-06, 4.521885914218201e-06, 4.526412326544746e-06, 4.5309432698145605e-06, 4.535478748563124e-06, 4.540018767330454e-06, 4.544563330661115e-06, 4.5491124431042195e-06, 4.553666109213433e-06, 4.55822433354698e-06, 4.562787120667648e-06, 4.567354475142791e-06, 4.571926401544335e-06, 4.576502904448784e-06, 4.5810839884372215e-06, 4.5856696580953164e-06, 4.59025991801333e-06, 4.5948547727861165e-06, 4.59945422701313e-06, 4.604058285298428e-06, 4.6086669522506785e-06, 4.613280232483162e-06, 4.617898130613775e-06, 4.622520651265041e-06, 4.627147799064105e-06, 4.631779578642748e-06, 4.636415994637385e-06, 4.6410570516890745e-06, 4.645702754443518e-06, 4.650353107551069e-06, 4.655008115666736e-06, 4.659667783450186e-06, 4.664332115565752e-06, 4.669001116682435e-06, 4.6736747914739085e-06, 4.678353144618527e-06, 4.683036180799327e-06, 4.68772390470403e-06, 4.692416321025056e-06, 4.697113434459515e-06, 4.701815249709224e-06, 4.706521771480705e-06, 4.71123300448519e-06, 4.715948953438629e-06, 4.720669623061691e-06, 4.725395018079771e-06, 4.730125143222994e-06, 4.7348600032262205e-06, 4.73959960282905e-06, 4.744343946775826e-06, 4.749093039815642e-06, 4.753846886702344e-06, 4.7586054921945386e-06, 4.763368861055594e-06, 4.7681369980536476e-06, 4.7729099079616095e-06, 4.7776875955571664e-06, 4.782470065622789e-06, 4.787257322945735e-06, 4.792049372318053e-06, 4.7968462185365896e-06, 4.8016478664029925e-06, 4.806454320723716e-06, 4.811265586310026e-06, 4.816081667978005e-06, 4.8209025705485534e-06, 4.825728298847401e-06, 4.830558857705106e-06, 4.835394251957063e-06, 4.840234486443507e-06, 4.845079566009517e-06, 4.849929495505021e-06, 4.8547842797848064e-06, 4.859643923708515e-06, 4.864508432140656e-06, 4.869377809950606e-06, 4.874252062012619e-06, 4.879131193205825e-06, 4.884015208414239e-06, 4.888904112526766e-06, 4.8937979104372036e-06, 4.898696607044248e-06, 4.903600207251499e-06, 4.908508715967467e-06, 4.913422138105572e-06, 4.918340478584157e-06, 4.923263742326483e-06, 4.928191934260743e-06, 4.933125059320063e-06, 4.938063122442505e-06, 4.9430061285710765e-06]","[13, 0, 0, 0, 2, 23, 12, 23, 4, 0, 1, 4, 0, 4, 4, 4, 4, 0, 1, 3, 0, 5, 4, 0, 5, 0, 0, 2, 4, 2, 0, 5, 1, 1, 0, 4, 2, 0, 3, 0, 0, 7, 0, 0, 4, 4, 2, 5, 2, 0, 1, 4, 2, 5, 1, 2, 5, 2, 3, 5, 4, 4, 6, 5, 0, 3, 2, 0, 6, 1, 0, 4, 6, 0, 5, 0, 4, 5, 3, 0, 5, 2, 1, 5, 0, 5, 5, 1, 0, 3, 2, 0, 3, 3, 0, 7, 6, 0, 3, 1, 0, 5, 5, 0, 1, 2, 2, 0, 0, 5, 5, 5, 3, 2, 2, 5, 5, 0, 2, 2, 3, 2, 2, 3, 0, 0, 1, 0, 5, 3, 0, 0, 7, 0, 0, 3, 1, 2, 1, 0, 1, 0, 4, 0, 4, 0, 0, 2, 5, 2, 3, 0, 4, 2, 0, 4, 4, 0, 1, 1, 0, 1, 0, 0, 2, 5, 1, 0, 2, 2, 4, 3, 5, 5, 4, 5, 2, 0, 1, 3, 2, 5, 3, 5, 0, 8, 0, 0, 2, 2, 0, 3, 4, 0, 5, 4, 4, 4, 2, 5, 2, 4, 0, 2, 5, 2, 4, 4, 4, 1, 1, 5, 0, 2, 0, 6, 2, 0, 1, 1, 0, 0, 0, 0, 1, 0, 4, 0, 0, 5, 1, 3, 3, 4, 5, 4, 5, 4, 2, 2, 2, 3, 5, 6, 0, 9, 9, 0, 2, 0, 0, 3, 3, 0, 3, 2, 1, 1, 5, 2, 4, 5, 1, 0, 1, 5, 2, 1, 4, 3, 5, 0, 9, 5, 0, 1, 7, 0, 0, 0, 0, 0, 5, 0]","{'latency': 1575526779, 'energy': 21674676.1, 'area': 1851760000000.0, 'power': 1841.946923076923, 'cnt_pes': 59904, 'l1_mem': 54, 'l2_mem': 5494784, 'edp': 3.4149032621701284e+16}",21,1.3709432347304433e-06
14,"[0.125      0.004      1.         1.         0.66666667 0.125
 0.25       1.         0.5        1.         0.5        1.
 0.83333333 0.83333333 0.5        0.83333333 0.33333333 0.16666667
 0.66666667 0.5        0.83333333 1.         0.83333333 0.66666667
 1.         0.33333333 0.66666667 0.5        0.5        0.16666667
 0.66666667 1.         1.         1.         1.         0.25
 0.0625     1.         0.02702703 0.0045045  1.         0.5
 1.         1.         0.83333333 0.16666667 1.         1.
 1.         0.5        1.         0.33333333 0.66666667 1.
 0.33333333 0.16666667 0.16666667 0.66666667 1.         1.
 0.83333333 0.83333333 0.03125    1.         1.         0.015625
 0.25       1.         0.00900901 1.         1.         0.16666667
 0.5        1.         0.66666667 1.         0.5        0.16666667
 0.66666667 0.5        1.         0.83333333 0.66666667 0.16666667
 1.         0.66666667 0.16666667 0.5        0.5        0.83333333
 0.5        1.         1.         0.125      1.         0.125
 0.015625   1.         0.09090909 0.01818182 1.         0.5
 0.2        1.         0.16666667 0.16666667 0.16666667 1.
 0.16666667 1.         1.         1.         0.66666667 1.
 0.66666667 1.         0.16666667 0.16666667 1.         0.5
 0.66666667 0.5        0.0625     0.125      1.         0.0078125
 0.25       1.         0.2        0.5        1.         0.1
 1.         1.         1.         0.33333333 0.66666667 0.83333333
 0.5        0.16666667 1.         1.         0.5        0.16666667
 0.83333333 0.16666667 0.5        0.5        1.         0.33333333
 0.66666667 0.16666667 0.125      0.5        1.         0.00390625
 0.03125    1.         0.01851852 0.03703704 1.         1.
 1.         1.         0.5        1.         0.33333333 0.16666667
 0.5        0.5        0.83333333 0.83333333 0.83333333 0.83333333
 0.33333333 0.33333333 0.5        0.16666667 0.83333333 0.83333333
 0.5        1.         1.         0.03125    1.         0.5
 0.00390625 1.         0.11111111 0.16666667 1.         0.03703704
 0.05555556 1.         1.         0.66666667 0.83333333 0.83333333
 0.5        1.         0.5        1.         0.16666667 0.33333333
 0.16666667 0.5        0.83333333 0.16666667 0.66666667 0.33333333
 0.5        1.         0.5        0.25       1.         0.00390625
 0.0078125  1.         0.5        0.07692308 1.         1.
 1.         1.         0.33333333 0.16666667 0.83333333 0.66666667
 0.66666667 0.16666667 0.66666667 0.16666667 1.         0.83333333
 1.         0.5        0.33333333 0.16666667 0.5        0.16666667
 0.16666667 0.66666667 0.015625   0.0625     1.         0.0625
 0.00195312 1.         0.07692308 0.03846154 1.         1.
 1.         1.         0.66666667 0.5        0.33333333 0.5
 1.         0.66666667 0.5        0.66666667 0.83333333 0.5
 0.16666667 1.         0.5        0.33333333 0.83333333 0.66666667
 0.83333333 0.83333333 0.0625     0.5        1.         0.00195312
 0.00390625 1.         1.         0.08333333 1.         0.08333333
 0.5        1.        ]",11.252615292234967,"[8.477867784244312, 8.486354138382694, 8.494848987370064, 8.503352339709775, 8.511864203913689, 8.520384588502191, 8.528913502004196, 8.537450952957153, 8.54599694990706, 8.554551501408469, 8.563114616024492, 8.57168630232682, 8.580266568895714, 8.588855424320034, 8.597452877197231, 8.606058936133364, 8.614673609743107, 8.623296906649758, 8.631928835485244, 8.640569404890135, 8.649218623513649, 8.657876500013662, 8.66654304305672, 8.675218261318038, 8.68390216348152, 8.692594758239759, 8.701296054294053, 8.710006060354408, 8.718724785139548, 8.727452237376925, 8.736188425802727, 8.74493335916189, 8.753687046208098, 8.762449495703802, 8.771220716420222, 8.78000071713736, 8.788789506644004, 8.797587093737743, 8.806393487224968, 8.815208695920889, 8.824032728649538, 8.832865594243781, 8.841707301545327, 8.850557859404732, 8.859417276681414, 8.868285562243658, 8.877162724968628, 8.88604877374237, 8.89494371745983, 8.903847565024854, 8.912760325350204, 8.921682007357562, 8.93061261997754, 8.93955217214969, 8.948500672822512, 8.957458130953466, 8.966424555508974, 8.975399955464438, 8.984384339804242, 8.993377717521764, 9.002380097619383, 9.011391489108492, 9.020411901009501, 9.029441342351852, 9.038479822174025, 9.047527349523548, 9.056583933457006, 9.065649583040045, 9.074724307347392, 9.083808115462855, 9.092901016479335, 9.102003019498834, 9.111114133632467, 9.120234368000467, 9.1293637317322, 9.138502233966166, 9.147649883850017, 9.156806690540558, 9.165972663203762, 9.175147811014776, 9.184332143157935, 9.193525668826762, 9.202728397223986, 9.211940337561547, 9.221161499060608, 9.23039189095156, 9.239631522474035, 9.248880402876912, 9.258138541418331, 9.267405947365697, 9.276682629995692, 9.285968598594286, 9.295263862456743, 9.304568430887631, 9.313882313200832, 9.32320551871955, 9.332538056776327, 9.34187993671304, 9.35123116788092, 9.360591759640561, 9.369961721361923, 9.379341062424347, 9.388729792216564, 9.3981279201367, 9.407535455592292, 9.416952408000292, 9.426378786787078, 9.435814601388467, 9.445259861249717, 9.454714575825543, 9.464178754580123, 9.47365240698711, 9.48313554252964, 9.49262817070034, 9.502130301001342, 9.511641942944287, 9.521163106050338, 9.530693799850187, 9.54023403388407, 9.549783817701773, 9.559343160862635, 9.568912072935571, 9.57849056349907, 9.58807864214121, 9.597676318459671, 9.607283602061733, 9.616900502564297, 9.626527029593891, 9.636163192786677, 9.645809001788466, 9.65546446625472, 9.665129595850571, 9.674804400250823, 9.684488889139963, 9.694183072212176, 9.703886959171347, 9.713600559731079, 9.723323883614693, 9.73305694055525, 9.742799740295546, 9.752552292588133, 9.762314607195329, 9.772086693889218, 9.78186856245167, 9.791660222674345, 9.801461684358705, 9.811272957316021, 9.821094051367389, 9.830924976343733, 9.840765742085818, 9.850616358444261, 9.860476835279542, 9.870347182462003, 9.880227409871875, 9.890117527399275, 9.90001754494422, 9.909927472416637, 9.919847319736373, 9.929777096833206, 9.939716813646854, 9.94966648012698, 9.959626106233214, 9.96959570193515, 9.979575277212362, 9.989564842054417, 9.999564406460879, 10.00957398044132, 10.019593574015335, 10.029623197212548, 10.039662860072621, 10.049712572645266, 10.059772344990256, 10.069842187177434, 10.07992210928672, 10.090012121408128, 10.10011223364177, 10.110222456097867, 10.120342798896765, 10.130473272168933, 10.140613886054988, 10.150764650705693, 10.160925576281974, 10.17109667295493, 10.181277950905836, 10.191469420326161, 10.201671091417579, 10.21188297439197, 10.222105079471442, 10.23233741688833, 10.242579996885215, 10.252832829714931, 10.263095925640572, 10.273369294935508, 10.283652947883391, 10.29394689477817, 10.304251145924093, 10.314565711635728, 10.324890602237966, 10.335225828066033, 10.345571399465499, 10.35592732679229, 10.366293620412703, 10.376670290703407, 10.387057348051458, 10.397454802854313, 10.407862665519833, 10.418280946466298, 10.428709656122422, 10.439148804927349, 10.449598403330679, 10.460058461792471, 10.470528990783254, 10.481010000784039, 10.491501502286326, 10.502003505792118, 10.512516021813932, 10.523039060874806, 10.533572633508316, 10.544116750258574, 10.554671421680254, 10.565236658338593, 10.575812470809403, 10.586398869679082, 10.596995865544626, 10.60760346901364, 10.618221690704344, 10.628850541245589, 10.639490031276866, 10.650140171448314, 10.660800972420734, 10.6714724448656, 10.682154599465065, 10.692847446911976, 10.703550997909886, 10.71426526317306, 10.724990253426485, 10.735725979405892, 10.74647245185775, 10.75722968153929, 10.767997679218508, 10.778776455674183, 10.78956602169588, 10.800366388083964, 10.811177565649613, 10.821999565214828, 10.83283239761244, 10.843676073686126, 10.854530604290417, 10.865396000290708, 10.876272272563272, 10.887159431995267, 10.898057489484751, 10.908966455940691, 10.919886342282974, 10.930817159442416, 10.941758918360776, 10.952711629990766, 10.963675305296062, 10.974649955251314, 10.985635590842156, 10.996632223065221, 11.00763986292815, 11.018658521449598, 11.029688209659257, 11.040728938597855, 11.051780719317172, 11.062843562880053, 11.073917480360413, 11.085002482843256, 11.09609858142468, 11.107205787211893, 11.118324111323215, 11.129453564888102, 11.140594159047149, 11.1517459049521, 11.162908813765867, 11.17408289666253, 11.185268164827356, 11.196464629456813, 11.20767230175857, 11.218891192951522, 11.230121314265789, 11.241362676942732, 11.252615292234967]","[11, 3, 0, 0, 1, 2, 5, 23, 2, 5, 2, 5, 4, 4, 2, 4, 1, 0, 3, 2, 4, 5, 4, 3, 5, 1, 3, 2, 2, 0, 3, 5, 1, 1, 0, 4, 2, 0, 3, 0, 0, 6, 7, 0, 4, 0, 5, 5, 5, 2, 5, 1, 3, 5, 1, 0, 0, 3, 5, 5, 4, 4, 1, 6, 0, 0, 4, 0, 1, 7, 0, 4, 6, 0, 3, 5, 2, 0, 3, 2, 5, 4, 3, 0, 5, 3, 0, 2, 2, 4, 2, 5, 6, 3, 0, 4, 1, 0, 3, 1, 0, 6, 5, 0, 0, 0, 0, 5, 0, 5, 5, 5, 3, 5, 3, 5, 0, 0, 5, 2, 3, 2, 3, 4, 0, 0, 5, 0, 5, 6, 0, 4, 7, 0, 5, 1, 3, 4, 2, 0, 5, 5, 2, 0, 4, 0, 2, 2, 5, 1, 3, 0, 4, 6, 0, 0, 3, 0, 0, 1, 0, 7, 7, 0, 2, 5, 1, 0, 2, 2, 4, 4, 4, 4, 1, 1, 2, 0, 4, 4, 2, 5, 8, 3, 0, 7, 0, 0, 3, 4, 0, 1, 2, 0, 5, 3, 4, 4, 2, 5, 2, 5, 0, 1, 0, 2, 4, 0, 3, 1, 2, 5, 7, 6, 0, 1, 2, 0, 2, 1, 0, 3, 3, 0, 1, 0, 4, 3, 3, 0, 3, 0, 5, 4, 5, 2, 1, 0, 2, 0, 0, 3, 3, 5, 0, 5, 0, 0, 1, 0, 0, 3, 3, 0, 3, 2, 1, 2, 5, 3, 2, 3, 4, 2, 0, 5, 2, 1, 4, 3, 4, 4, 5, 8, 0, 0, 1, 0, 5, 0, 0, 0, 4, 0]","{'latency': 272795076, 'energy': 23732363.9, 'area': 391339000.0, 'power': 2.72711, 'cnt_pes': 576, 'l1_mem': 54, 'l2_mem': 44480, 'edp': 6474072013760156.0}",176,1.9020391382111106
15,"[0.03125    0.002      1.         1.         0.66666667 0.04166667
 0.54166667 0.16666667 0.83333333 1.         0.66666667 0.33333333
 0.16666667 0.66666667 0.83333333 0.5        1.         0.16666667
 1.         0.66666667 0.16666667 0.83333333 0.33333333 0.66666667
 0.16666667 0.83333333 0.16666667 0.5        0.5        0.16666667
 0.33333333 1.         1.         0.33333333 1.         0.25
 1.         1.         0.5        0.5        1.         0.02702703
 0.01351351 1.         1.         0.83333333 0.33333333 0.16666667
 0.66666667 0.33333333 0.16666667 0.5        1.         1.
 0.5        0.16666667 0.33333333 0.5        0.66666667 0.66666667
 0.83333333 0.83333333 1.         0.03125    1.         0.125
 0.03125    1.         0.5        0.02702703 1.         0.16666667
 0.01351351 1.         1.         1.         0.83333333 0.16666667
 0.66666667 0.83333333 0.5        0.83333333 0.33333333 1.
 0.5        0.16666667 0.33333333 0.16666667 0.16666667 1.
 0.83333333 1.         0.25       0.125      1.         1.
 0.0625     1.         0.09090909 0.01818182 1.         0.04545455
 0.5        1.         0.16666667 0.83333333 0.16666667 1.
 0.66666667 1.         1.         0.66666667 0.66666667 1.
 0.66666667 1.         0.33333333 0.16666667 1.         0.83333333
 0.83333333 0.83333333 0.125      0.0625     1.         0.0078125
 0.015625   1.         0.2        0.09090909 1.         0.09090909
 0.00909091 1.         1.         0.33333333 0.66666667 1.
 0.16666667 0.83333333 1.         0.5        0.5        0.16666667
 0.16666667 0.16666667 0.16666667 0.5        1.         0.5
 0.33333333 0.66666667 0.125      0.5        1.         0.015625
 1.         1.         0.01851852 0.03703704 1.         1.
 0.05555556 1.         0.16666667 1.         0.66666667 1.
 0.5        1.         0.83333333 0.83333333 0.83333333 1.
 0.5        0.16666667 0.83333333 0.16666667 0.33333333 0.66666667
 0.5        0.83333333 1.         0.0078125  1.         1.
 0.00390625 1.         0.05555556 0.05555556 1.         0.05555556
 0.5        1.         0.16666667 1.         0.83333333 1.
 0.16666667 1.         0.5        0.66666667 0.16666667 0.5
 0.33333333 0.16666667 0.83333333 0.16666667 0.66666667 0.66666667
 0.5        1.         0.5        0.015625   1.         0.03125
 0.00195312 1.         0.07692308 0.07692308 1.         0.07692308
 0.03846154 1.         0.5        0.5        1.         0.66666667
 0.66666667 0.33333333 0.83333333 0.16666667 0.33333333 1.
 1.         0.16666667 0.33333333 0.83333333 0.5        0.33333333
 0.5        0.5        0.0625     0.125      1.         0.0625
 1.         1.         0.03846154 0.03846154 1.         0.07692308
 1.         1.         0.5        0.33333333 0.33333333 0.16666667
 1.         1.         0.5        1.         1.         0.16666667
 0.5        1.         1.         0.33333333 0.83333333 0.5
 0.83333333 0.33333333 0.015625   0.03125    1.         0.0078125
 0.25       1.         0.33333333 0.16666667 1.         0.08333333
 0.16666667 1.        ]",14.691931204504654,"[11.069093451809001, 11.080173625434435, 11.09126489032476, 11.102367257582342, 11.113480738320662, 11.124605343664326, 11.135741084749075, 11.146887972721796, 11.158046018740537, 11.169215233974512, 11.180395629604115, 11.191587216820936, 11.202790006827763, 11.214004010838602, 11.225229240078681, 11.236465705784466, 11.24771341920367, 11.258972391595265, 11.270242634229493, 11.281524158387882, 11.292816975363245, 11.304121096459705, 11.315436532992697, 11.326763296288986, 11.338101397686673, 11.349450848535207, 11.360811660195402, 11.372183844039442, 11.383567411450894, 11.394962373824718, 11.406368742567286, 11.417786529096382, 11.429215744841223, 11.440656401242466, 11.452108509752218, 11.463572081834052, 11.475047128963014, 11.48653366262564, 11.498031694319959, 11.509541235555515, 11.52106229785337, 11.532594892746115, 11.544139031777894, 11.555694726504399, 11.567261988492891, 11.578840829322214, 11.590431260582797, 11.602033293876673, 11.61364694081749, 11.625272213030522, 11.636909122152675, 11.648557679832507, 11.660217897730238, 11.671889787517756, 11.683573360878635, 11.695268629508142, 11.706975605113255, 11.718694299412668, 11.730424724136805, 11.742166891027832, 11.753920811839672, 11.76568649833801, 11.77746396230031, 11.789253215515826, 11.801054269785611, 11.812867136922534, 11.824691828751286, 11.836528357108394, 11.848376733842237, 11.86023697081305, 11.872109079892942, 11.883993072965907, 11.895888961927835, 11.907796758686521, 11.919716475161684, 11.931648123284969, 11.943591714999968, 11.95554726226223, 11.96751477703927, 11.97949427131058, 11.991485757067649, 12.003489246313963, 12.015504751065029, 12.027532283348377, 12.03957185520358, 12.051623478682261, 12.063687165848108, 12.075762928776886, 12.087850779556442, 12.099950730286729, 12.112062793079808, 12.124186980059868, 12.13632330336323, 12.148471775138368, 12.160632407545915, 12.172805212758673, 12.184990202961634, 12.197187390351987, 12.209396787139125, 12.22161840554467, 12.233852257802472, 12.24609835615863, 12.258356712871501, 12.270627340211712, 12.282910250462175, 12.295205455918094, 12.30751296888698, 12.31983280168867, 12.332164966655325, 12.344509476131456, 12.35686634247393, 12.369235578051983, 12.38161719524723, 12.394011206453683, 12.406417624077761, 12.4188364605383, 12.431267728266567, 12.443711439706274, 12.456167607313587, 12.468636243557144, 12.481117360918063, 12.493610971889952, 12.50611708897893, 12.518635724703634, 12.531166891595229, 12.543710602197425, 12.556266869066492, 12.568835704771264, 12.581417121893157, 12.594011133026184, 12.60661775077696, 12.619236987764726, 12.631868856621347, 12.644513369991339, 12.65717054053187, 12.669840380912783, 12.682522903816599, 12.695218121938538, 12.707926047986524, 12.720646694681205, 12.733380074755962, 12.746126200956919, 12.758885086042962, 12.771656742785748, 12.784441183969717, 12.797238422392109, 12.810048470862972, 12.822871342205177, 12.835707049254431, 12.84855560485929, 12.861417021881172, 12.874291313194366, 12.887178491686052, 12.900078570256309, 12.912991561818126, 12.925917479297423, 12.938856335633057, 12.951808143776834, 12.964772916693528, 12.977750667360889, 12.990741408769658, 13.003745153923582, 13.016761915839421, 13.029791707546968, 13.042834542089057, 13.05589043252158, 13.068959391913493, 13.08204143334684, 13.095136569916756, 13.108244814731487, 13.1213661809124, 13.134500681593995, 13.147648329923918, 13.16080913906298, 13.173983122185165, 13.187170292477642, 13.200370663140783, 13.213584247388171, 13.226811058446618, 13.240051109556173, 13.253304413970143, 13.266570984955099, 13.279850835790889, 13.29314397977066, 13.306450430200861, 13.319770200401262, 13.333103303704966, 13.346449753458424, 13.359809563021447, 13.373182745767213, 13.386569315082296, 13.399969284366662, 13.413382667033696, 13.426809476510206, 13.440249726236443, 13.45370342966611, 13.467170600266376, 13.480651251517894, 13.49414539691481, 13.507653049964775, 13.521174224188965, 13.534708933122086, 13.548257190312398, 13.56181900932172, 13.575394403725445, 13.588983387112558, 13.602585973085644, 13.616202175260904, 13.629832007268172, 13.643475482750922, 13.657132615366288, 13.670803418785074, 13.684487906691766, 13.698186092784551, 13.711897990775327, 13.725623614389717, 13.739362977367083, 13.753116093460545, 13.766882976436982, 13.780663640077059, 13.794458098175234, 13.808266364539774, 13.822088452992768, 13.835924377370137, 13.84977415152166, 13.863637789310971, 13.877515304615587, 13.891406711326914, 13.905312023350264, 13.919231254604869, 13.933164419023893, 13.947111530554446, 13.961072603157604, 13.975047650808412, 13.989036687495908, 14.00303972722313, 14.017056784007139, 14.031087871879018, 14.045133004883903, 14.059192197080984, 14.073265462543528, 14.087352815358887, 14.101454269628515, 14.115569839467984, 14.12969953900699, 14.14384338238938, 14.158001383773152, 14.172173557330483, 14.186359917247731, 14.200560477725457, 14.214775252978436, 14.22900425723567, 14.243247504740411, 14.257505009750162, 14.271776786536698, 14.286062849386084, 14.300363212598683, 14.314677890489172, 14.329006897386558, 14.343350247634191, 14.357707955589781, 14.372080035625407, 14.386466502127535, 14.400867369497032, 14.41528265214918, 14.429712364513694, 14.44415652103473, 14.4586151361709, 14.473088224395296, 14.487575800195492, 14.502077878073566, 14.516594472546112, 14.531125598144257, 14.54567126941367, 14.560231500914584, 14.574806307221806, 14.589395702924731, 14.603999702627359, 14.618618320948308, 14.633251572520829, 14.64789947199282, 14.662562034026848, 14.677239273300149, 14.691931204504654]","[9, 2, 0, 0, 1, 0, 12, 3, 4, 5, 3, 1, 0, 3, 4, 2, 5, 0, 5, 3, 0, 4, 1, 3, 0, 4, 0, 2, 2, 0, 1, 5, 1, 0, 0, 4, 6, 0, 6, 6, 0, 3, 2, 0, 5, 4, 1, 0, 3, 1, 0, 2, 5, 5, 2, 0, 1, 2, 3, 3, 4, 4, 6, 1, 0, 3, 1, 0, 6, 3, 0, 4, 2, 0, 5, 5, 4, 0, 3, 4, 2, 4, 1, 5, 2, 0, 1, 0, 0, 5, 4, 5, 4, 3, 0, 7, 3, 0, 3, 1, 0, 2, 6, 0, 0, 4, 0, 5, 3, 5, 5, 3, 3, 5, 3, 5, 1, 0, 5, 4, 4, 4, 4, 3, 0, 0, 1, 0, 5, 3, 0, 3, 0, 0, 5, 1, 3, 5, 0, 4, 5, 2, 2, 0, 0, 0, 0, 2, 5, 2, 1, 3, 4, 6, 0, 2, 8, 0, 0, 1, 0, 7, 2, 0, 0, 5, 3, 5, 2, 5, 4, 4, 4, 5, 2, 0, 4, 0, 1, 3, 2, 4, 8, 1, 0, 8, 0, 0, 2, 2, 0, 2, 6, 0, 0, 5, 4, 5, 0, 5, 2, 3, 0, 2, 1, 0, 4, 0, 3, 3, 2, 5, 7, 2, 0, 4, 0, 0, 1, 1, 0, 1, 0, 0, 2, 2, 5, 3, 3, 1, 4, 0, 1, 5, 5, 0, 1, 4, 2, 1, 2, 2, 5, 6, 0, 5, 9, 0, 0, 0, 0, 1, 3, 0, 2, 1, 1, 0, 5, 5, 2, 5, 5, 0, 2, 5, 5, 1, 4, 2, 4, 1, 3, 4, 0, 2, 7, 0, 3, 1, 0, 0, 1, 0]","{'latency': 208934959, 'energy': 24143820.5, 'area': 102814000.0, 'power': 1.139838153846154, 'cnt_pes': 208, 'l1_mem': 54, 'l2_mem': 297600, 'edp': 5044488146270860.0}",127,3.462921394477161
16,"[0.0078125  0.008      1.         1.         1.         0.125
 0.16666667 0.375      0.83333333 0.16666667 0.83333333 0.83333333
 0.16666667 0.83333333 0.83333333 0.83333333 1.         0.5
 0.16666667 0.5        0.5        0.66666667 0.83333333 0.33333333
 1.         0.33333333 0.66666667 0.5        0.83333333 0.16666667
 0.16666667 1.         1.         0.33333333 1.         0.25
 0.0625     1.         0.02702703 0.0045045  1.         1.
 0.0045045  1.         0.83333333 0.33333333 0.33333333 1.
 0.66666667 0.16666667 0.33333333 0.5        0.5        0.83333333
 0.33333333 0.5        0.16666667 0.5        0.66666667 0.16666667
 0.83333333 0.83333333 1.         1.         1.         0.015625
 0.0625     1.         0.5        0.00900901 1.         0.16666667
 0.02702703 1.         0.33333333 0.16666667 0.5        0.16666667
 0.33333333 0.83333333 1.         0.83333333 0.66666667 1.
 0.16666667 0.33333333 0.16666667 0.33333333 0.16666667 0.66666667
 0.5        1.         1.         0.125      1.         0.015625
 0.25       1.         0.09090909 0.01818182 1.         0.04545455
 0.5        1.         0.33333333 0.5        0.5        0.16666667
 0.16666667 1.         1.         0.33333333 0.66666667 0.5
 0.66666667 1.         0.16666667 0.16666667 1.         0.83333333
 0.66666667 0.33333333 0.125      0.0625     1.         0.0078125
 0.015625   1.         1.         0.09090909 1.         0.00909091
 1.         1.         1.         0.66666667 0.5        0.5
 0.33333333 0.16666667 0.33333333 0.5        0.83333333 0.16666667
 0.66666667 0.16666667 0.5        0.5        1.         0.5
 0.66666667 0.16666667 0.125      0.03125    1.         0.0078125
 0.03125    1.         0.01851852 0.03703704 1.         0.03703704
 0.01851852 1.         0.5        1.         0.33333333 0.16666667
 0.5        0.5        0.83333333 0.66666667 1.         1.
 0.33333333 0.16666667 0.5        0.16666667 0.66666667 0.66666667
 0.5        0.83333333 0.03125    0.125      1.         1.
 0.03125    1.         0.11111111 0.33333333 1.         0.33333333
 0.05555556 1.         1.         0.83333333 0.83333333 0.83333333
 1.         1.         0.5        0.5        0.33333333 0.33333333
 1.         0.5        0.66666667 0.5        0.16666667 0.16666667
 0.66666667 1.         0.03125    0.0078125  1.         0.125
 0.00195312 1.         0.5        0.07692308 1.         0.03846154
 0.03846154 1.         0.33333333 0.16666667 0.83333333 0.66666667
 0.16666667 0.33333333 0.66666667 0.16666667 0.66666667 0.83333333
 1.         0.83333333 1.         0.83333333 0.5        0.5
 0.5        0.66666667 0.0625     0.125      1.         0.25
 1.         1.         1.         0.5        1.         1.
 1.         1.         0.66666667 0.33333333 0.66666667 0.83333333
 0.66666667 1.         0.5        0.33333333 1.         0.16666667
 0.33333333 1.         0.5        0.33333333 0.5        1.
 0.33333333 0.16666667 0.03125    0.0625     1.         0.25
 0.25       1.         0.08333333 0.08333333 1.         0.5
 1.         1.        ]",0.07394214348768006,"[0.05570897963647224, 0.0557647443808531, 0.055820564945798894, 0.05587644138718608, 0.05593237376094703, 0.055988362123070096, 0.056044406529599695, 0.056100507036636334, 0.05615666370033667, 0.05621287657691359, 0.05626914572263622, 0.05632547119383005, 0.05638185304687693, 0.056438291338215145, 0.05649478612433948, 0.056551337461801285, 0.056607945407208496, 0.056664610017225725, 0.0567213313485743, 0.056778109458032335, 0.05683494440243477, 0.05689183623867344, 0.05694878502369714, 0.05700579081451165, 0.057062853668179835, 0.057119973641821656, 0.05717715079261427, 0.05723438517779206, 0.05729167685464671, 0.05734902588052723, 0.057406432312840074, 0.057463896209049126, 0.0575214176266758, 0.0575789966232991, 0.05763663325655566, 0.057694327584139796, 0.0577520796638036, 0.05780988955335696, 0.05786775731066763, 0.05792568299366129, 0.05798366666032161, 0.058041708368690305, 0.05809980817686717, 0.05815796614301018, 0.058216182325335514, 0.05827445678211763, 0.05833278957168932, 0.058391180752441756, 0.05844963038282458, 0.058508138521345926, 0.0585667052265725, 0.05862533055712963, 0.05868401457170133, 0.058742757329030365, 0.058801558887918284, 0.05886041930722551, 0.058919338645871386, 0.05897831696283422, 0.05903735431715137, 0.059096450767919285, 0.05915560637429358, 0.05921482119548907, 0.05927409529077985, 0.05933342871949935, 0.05939282154104039, 0.059452273814855246, 0.059511785600455704, 0.05957135695741312, 0.059630987945358475, 0.05969067862398246, 0.05975042905303549, 0.05981023929232782, 0.05987010940172955, 0.05993003944117072, 0.059990029470641366, 0.06005007955019156, 0.06011018973993149, 0.060170360100031524, 0.060230590690722244, 0.060290881572294536, 0.06035123280509964, 0.06041164444954919, 0.06047211656611531, 0.060532649215330636, 0.060593242457788424, 0.06065389635414257, 0.060714610965107677, 0.06077538635145913, 0.060836222574033164, 0.06089711969372689, 0.060958077771498385, 0.061019096868366755, 0.061080177045412166, 0.06114131836377594, 0.0612025208846606, 0.061263784669329927, 0.06132510977910904, 0.06138649627538442, 0.06144794421960403, 0.06150945367327731, 0.061571024697975284, 0.06163265735533061, 0.06169435170703765, 0.0617561078148525, 0.061817925740593097, 0.061879805546139234, 0.061941747293432665, 0.06200375104447714, 0.062065816861338476, 0.06212794480614462, 0.062190134941085704, 0.062252387328414115, 0.062314702030444556, 0.06237707910955411, 0.06243951862818229, 0.06250202064883112, 0.06256458523406519, 0.0626272124465117, 0.06268990234886057, 0.06275265500386444, 0.06281547047433877, 0.06287834882316194, 0.06294129011327522, 0.0630042944076829, 0.06306736176945235, 0.06313049226171406, 0.06319368594766173, 0.06325694289055228, 0.063320263153706, 0.0633836468005065, 0.0634470938944009, 0.0635106044988998, 0.06357417867757738, 0.06363781649407145, 0.06370151801208353, 0.06376528329537891, 0.0638291124077867, 0.0638930054131999, 0.06395696237557547, 0.0640209833589344, 0.06408506842736177, 0.06414921764500678, 0.06421343107608286, 0.06427770878486773, 0.06434205083570343, 0.06440645729299643, 0.06447092822121765, 0.06453546368490255, 0.06460006374865121, 0.06466472847712834, 0.0647294579350634, 0.06479425218725066, 0.06485911129854921, 0.06492403533388309, 0.06498902435824133, 0.06505407843667801, 0.06511919763431233, 0.06518438201632866, 0.06524963164797663, 0.06531494659457121, 0.0653803269214927, 0.06544577269418689, 0.06551128397816505, 0.06557686083900406, 0.0656425033423464, 0.0657082115539003, 0.06577398553943974, 0.06583982536480454, 0.06590573109590044, 0.06597170279869914, 0.06603774053923837, 0.06610384438362199, 0.06617001439802, 0.06623625064866867, 0.06630255320187055, 0.06636892212399455, 0.06643535748147603, 0.06650185934081684, 0.06656842776858543, 0.06663506283141685, 0.06670176459601286, 0.06676853312914201, 0.06683536849763964, 0.06690227076840805, 0.06696924000841646, 0.06703627628470116, 0.06710337966436553, 0.0671705502145801, 0.06723778800258268, 0.06730509309567835, 0.06737246556123959, 0.06743990546670629, 0.06750741287958588, 0.06757498786745333, 0.06764263049795129, 0.06771034083879007, 0.06777811895774782, 0.06784596492267049, 0.06791387880147197, 0.0679818606621341, 0.0680499105727068, 0.06811802860130811, 0.06818621481612423, 0.06825446928540964, 0.06832279207748712, 0.06839118326074788, 0.06845964290365153, 0.06852817107472625, 0.06859676784256882, 0.06866543327584466, 0.06873416744328795, 0.06880297041370165, 0.0688718422559576, 0.0689407830389966, 0.06900979283182843, 0.06907887170353195, 0.06914801972325521, 0.06921723696021542, 0.06928652348369913, 0.06935587936306219, 0.06942530466772992, 0.06949479946719712, 0.06956436383102815, 0.06963399782885701, 0.06970370153038741, 0.0697734750053928, 0.06984331832371651, 0.06991323155527178, 0.06998321477004182, 0.0700532680380799, 0.07012339142950941, 0.07019358501452393, 0.07026384886338731, 0.07033418304643374, 0.0704045876340678, 0.07047506269676457, 0.07054560830506963, 0.07061622452959923, 0.07068691144104026, 0.07075766911015041, 0.07082849760775817, 0.07089939700476293, 0.07097036737213507, 0.07104140878091598, 0.0711125213022182, 0.07118370500722543, 0.07125495996719262, 0.07132628625344607, 0.07139768393738345, 0.07146915309047393, 0.07154069378425819, 0.07161230609034853, 0.07168399008042896, 0.07175574582625521, 0.07182757339965487, 0.0718994728725274, 0.07197144431684425, 0.0720434878046489, 0.07211560340805696, 0.07218779119925622, 0.07226005125050673, 0.07233238363414088, 0.07240478842256344, 0.07247726568825169, 0.07254981550375544, 0.07262243794169713, 0.0726951330747719, 0.07276790097574766, 0.07284074171746513, 0.07291365537283796, 0.07298664201485282, 0.07305970171656939, 0.07313283455112052, 0.07320604059171223, 0.07327931991162386, 0.07335267258420806, 0.07342609868289096, 0.07349959828117213, 0.07357317145262475, 0.07364681827089564, 0.07372053880970535, 0.0737943331428482, 0.07386820134419239, 0.07394214348768006]","[7, 4, 0, 0, 2, 2, 3, 8, 4, 0, 4, 4, 0, 4, 4, 4, 5, 2, 0, 2, 2, 3, 4, 1, 5, 1, 3, 2, 4, 0, 0, 5, 1, 0, 0, 4, 2, 0, 3, 0, 0, 7, 0, 0, 4, 1, 1, 5, 3, 0, 1, 2, 2, 4, 1, 2, 0, 2, 3, 0, 4, 4, 6, 6, 0, 0, 2, 0, 6, 1, 0, 4, 3, 0, 1, 0, 2, 0, 1, 4, 5, 4, 3, 5, 0, 1, 0, 1, 0, 3, 2, 5, 6, 3, 0, 1, 5, 0, 3, 1, 0, 2, 6, 0, 1, 2, 2, 0, 0, 5, 5, 1, 3, 2, 3, 5, 0, 0, 5, 4, 3, 1, 4, 3, 0, 0, 1, 0, 7, 3, 0, 0, 7, 0, 5, 3, 2, 2, 1, 0, 1, 2, 4, 0, 3, 0, 2, 2, 5, 2, 3, 0, 4, 2, 0, 1, 3, 0, 0, 1, 0, 1, 0, 0, 2, 5, 1, 0, 2, 2, 4, 3, 5, 5, 1, 0, 2, 0, 3, 3, 2, 4, 3, 5, 0, 8, 3, 0, 3, 5, 0, 5, 2, 0, 5, 4, 4, 4, 5, 5, 2, 2, 1, 1, 5, 2, 3, 2, 0, 0, 3, 5, 3, 1, 0, 6, 0, 0, 2, 1, 0, 0, 0, 0, 1, 0, 4, 3, 0, 1, 3, 0, 3, 4, 5, 4, 5, 4, 2, 2, 2, 3, 5, 6, 0, 7, 9, 0, 3, 2, 0, 3, 3, 0, 3, 1, 3, 4, 3, 5, 2, 1, 5, 0, 1, 5, 2, 1, 2, 5, 1, 0, 4, 5, 0, 7, 7, 0, 0, 0, 0, 4, 5, 0]","{'latency': 465858446, 'energy': 21861971.9, 'area': 713939000.0, 'power': 8.608136153846154, 'cnt_pes': 864, 'l1_mem': 54, 'l2_mem': 4833280, 'edp': 1.0184584255829666e+16}",7,0.042690516447070025
17,"[0.5        0.016      1.         1.         1.         0.70833333
 0.83333333 0.70833333 0.66666667 0.83333333 0.66666667 1.
 0.33333333 0.16666667 0.83333333 0.83333333 0.33333333 0.16666667
 1.         0.66666667 1.         0.83333333 0.83333333 0.66666667
 1.         0.33333333 1.         0.5        0.5        0.16666667
 0.16666667 0.83333333 1.         0.33333333 1.         0.03125
 0.0625     1.         1.         0.5        1.         0.5
 0.01351351 1.         0.66666667 0.83333333 1.         1.
 0.66666667 0.16666667 0.5        0.5        1.         1.
 0.5        0.16666667 0.16666667 0.33333333 0.66666667 0.66666667
 0.83333333 0.83333333 1.         0.25       1.         0.015625
 0.03125    1.         0.5        0.16666667 1.         0.02702703
 0.5        1.         0.66666667 1.         0.83333333 0.16666667
 0.66666667 0.83333333 1.         0.33333333 0.66666667 1.
 0.16666667 0.66666667 0.16666667 0.16666667 0.5        1.
 1.         0.16666667 0.25       0.125      1.         0.015625
 0.0625     1.         0.09090909 0.01818182 1.         0.04545455
 1.         1.         0.16666667 0.33333333 0.5        0.16666667
 0.5        1.         1.         0.66666667 0.5        0.33333333
 0.5        1.         1.         0.16666667 1.         0.5
 1.         0.83333333 0.125      0.0625     1.         0.0078125
 0.015625   1.         0.2        0.5        1.         0.00909091
 0.00909091 1.         0.5        0.33333333 0.16666667 1.
 0.16666667 0.83333333 0.83333333 0.5        0.5        1.
 0.83333333 0.16666667 1.         0.5        1.         0.5
 0.33333333 0.33333333 0.03125    0.03125    1.         0.015625
 0.015625   1.         0.03703704 0.03703704 1.         1.
 0.05555556 1.         0.16666667 0.66666667 0.33333333 1.
 0.5        1.         0.83333333 0.83333333 0.16666667 0.5
 0.83333333 0.33333333 0.33333333 0.16666667 0.83333333 0.66666667
 0.5        0.83333333 0.03125    0.125      1.         1.
 0.00390625 1.         0.05555556 0.05555556 1.         0.03703704
 0.5        1.         0.16666667 1.         0.83333333 0.66666667
 0.16666667 1.         0.5        0.66666667 0.16666667 0.5
 1.         0.66666667 0.83333333 0.66666667 0.5        0.66666667
 0.33333333 1.         0.5        0.0078125  1.         0.03125
 0.03125    1.         0.5        0.07692308 1.         0.5
 0.03846154 1.         0.5        0.16666667 0.83333333 1.
 0.66666667 0.33333333 0.16666667 0.16666667 0.66666667 0.83333333
 1.         0.33333333 1.         0.83333333 0.5        0.33333333
 0.33333333 0.66666667 0.00390625 0.25       1.         0.0078125
 1.         1.         0.5        1.         1.         0.5
 1.         1.         0.16666667 0.33333333 0.5        0.33333333
 1.         1.         1.         0.33333333 1.         0.33333333
 0.33333333 1.         0.5        0.33333333 0.83333333 0.66666667
 1.         0.33333333 0.125      0.00195312 1.         0.0078125
 0.25       1.         1.         0.08333333 1.         0.08333333
 1.         1.        ]",5.905874102611957e-05,"[4.449562923108887e-05, 4.454016940048936e-05, 4.4584754154644006e-05, 4.462938353818219e-05, 4.4674057595777966e-05, 4.4718776372150116e-05, 4.476353991206218e-05, 4.4808348260322505e-05, 4.485320146178429e-05, 4.489809956134564e-05, 4.494304260394959e-05, 4.4988030634584174e-05, 4.5033063698282455e-05, 4.507814184012258e-05, 4.5123265105227804e-05, 4.516843353876657e-05, 4.521364718595252e-05, 4.525890609204457e-05, 4.530421030234691e-05, 4.534955986220912e-05, 4.5394954817026143e-05, 4.544039521223838e-05, 4.5485881093331713e-05, 4.553141250583755e-05, 4.557698949533288e-05, 4.562261210744032e-05, 4.5668280387828146e-05, 4.5713994382210356e-05, 4.57597541363467e-05, 4.580555969604274e-05, 4.585141110714989e-05, 4.589730841556545e-05, 4.5943251667232685e-05, 4.5989240908140824e-05, 4.603527618432515e-05, 4.608135754186701e-05, 4.612748502689391e-05, 4.617365868557949e-05, 4.6219878564143636e-05, 4.6266144708852486e-05, 4.63124571660185e-05, 4.63588159820005e-05, 4.6405221203203704e-05, 4.6451672876079785e-05, 4.649817104712691e-05, 4.65447157628898e-05, 4.659130706995976e-05, 4.6637945014974735e-05, 4.668462964461936e-05, 4.673136100562498e-05, 4.6778139144769754e-05, 4.682496410887863e-05, 4.687183594482345e-05, 4.6918754699522976e-05, 4.696572041994292e-05, 4.7012733153096016e-05, 4.705979294604206e-05, 4.710689984588795e-05, 4.715405389978773e-05, 4.720125515494268e-05, 4.724850365860128e-05, 4.729579945805934e-05, 4.7343142600659997e-05, 4.739053313379379e-05, 4.743797110489869e-05, 4.748545656146015e-05, 4.7532989551011165e-05, 4.75805701211323e-05, 4.762819831945175e-05, 4.767587419364539e-05, 4.7723597791436825e-05, 4.777136916059742e-05, 4.781918834894637e-05, 4.786705540435072e-05, 4.791497037472544e-05, 4.796293330803348e-05, 4.801094425228576e-05, 4.80590032555413e-05, 4.810711036590721e-05, 4.815526563153875e-05, 4.820346910063939e-05, 4.825172082146085e-05, 4.830002084230315e-05, 4.8348369211514665e-05, 4.839676597749216e-05, 4.8445211188680836e-05, 4.849370489357441e-05, 4.854224714071512e-05, 4.8590837978693814e-05, 4.863947745614997e-05, 4.868816562177174e-05, 4.873690252429604e-05, 4.878568821250854e-05, 4.8834522735243783e-05, 4.888340614138517e-05, 4.893233847986504e-05, 4.898131979966471e-05, 4.903035014981452e-05, 4.9079429579393916e-05, 4.9128558137531446e-05, 4.917773587340485e-05, 4.922696283624109e-05, 4.92762390753164e-05, 4.932556463995636e-05, 4.93749395795359e-05, 4.942436394347938e-05, 4.947383778126064e-05, 4.952336114240304e-05, 4.957293407647952e-05, 4.9622556633112636e-05, 4.9672228861974614e-05, 4.9721950812787404e-05, 4.9771722535322725e-05, 4.9821544079402126e-05, 4.9871415494897024e-05, 4.9921336831728754e-05, 4.997130813986862e-05, 5.002132946933796e-05, 5.007140087020817e-05, 5.012152239260077e-05, 5.017169408668746e-05, 5.0221916002690154e-05, 5.027218819088103e-05, 5.032251070158262e-05, 5.0372883585167786e-05, 5.042330689205985e-05, 5.0473780672732584e-05, 5.0524304977710295e-05, 5.057487985756786e-05, 5.0625505362930794e-05, 5.067618154447527e-05, 5.0726908452928194e-05, 5.077768613906726e-05, 5.082851465372098e-05, 5.087939404776875e-05, 5.093032437214089e-05, 5.098130567781871e-05, 5.103233801583454e-05, 5.108342143727181e-05, 5.1134555993265075e-05, 5.118574173500007e-05, 5.123697871371379e-05, 5.1288266980694484e-05, 5.1339606587281765e-05, 5.139099758486663e-05, 5.1442440024891523e-05, 5.149393395885037e-05, 5.154547943828866e-05, 5.1597076514803466e-05, 5.164872524004351e-05, 5.170042566570921e-05, 5.1752177843552766e-05, 5.1803981825378145e-05, 5.185583766304119e-05, 5.190774540844964e-05, 5.195970511356321e-05, 5.20117168303936e-05, 5.206378061100461e-05, 5.211589650751212e-05, 5.2168064572084204e-05, 5.222028485694115e-05, 5.22725574143555e-05, 5.2324882296652156e-05, 5.2377259556208364e-05, 5.242968924545382e-05, 5.248217141687069e-05, 5.2534706122993683e-05, 5.2587293416410096e-05, 5.2639933349759854e-05, 5.269262597573559e-05, 5.274537134708267e-05, 5.279816951659927e-05, 5.28510205371364e-05, 5.2903924461598e-05, 5.295688134294094e-05, 5.300989123417512e-05, 5.306295418836348e-05, 5.3116070258622106e-05, 5.316923949812023e-05, 5.322246196008031e-05, 5.327573769777809e-05, 5.332906676454263e-05, 5.338244921375639e-05, 5.3435885098855243e-05, 5.348937447332857e-05, 5.354291739071929e-05, 5.359651390462391e-05, 5.365016406869261e-05, 5.3703867936629235e-05, 5.3757625562191424e-05, 5.3811436999190615e-05, 5.386530230149211e-05, 5.3919221523015124e-05, 5.397319471773286e-05, 5.402722193967253e-05, 5.4081303242915444e-05, 5.413543868159704e-05, 5.418962830990694e-05, 5.424387218208903e-05, 5.429817035244147e-05, 5.4352522875316785e-05, 5.440692980512191e-05, 5.4461391196318224e-05, 5.451590710342165e-05, 5.457047758100265e-05, 5.462510268368634e-05, 5.4679782466152496e-05, 5.473451698313563e-05, 5.4789306289425057e-05, 5.4844150439864923e-05, 5.4899049489354276e-05, 5.495400349284712e-05, 5.5009012505352475e-05, 5.506407658193441e-05, 5.511919577771212e-05, 5.5174370147859985e-05, 5.522959974760759e-05, 5.528488463223983e-05, 5.534022485709693e-05, 5.53956204775745e-05, 5.545107154912362e-05, 5.550657812725087e-05, 5.556214026751839e-05, 5.561775802554394e-05, 5.567343145700094e-05, 5.572916061761856e-05, 5.578494556318174e-05, 5.5840786349531274e-05, 5.589668303256384e-05, 5.595263566823207e-05, 5.600864431254462e-05, 5.606470902156619e-05, 5.61208298514176e-05, 5.617700685827588e-05, 5.623324009837425e-05, 5.628952962800225e-05, 5.6345875503505756e-05, 5.640227778128704e-05, 5.645873651780485e-05, 5.6515251769574424e-05, 5.6571823593167594e-05, 5.6628452045212806e-05, 5.66851371823952e-05, 5.674187906145666e-05, 5.6798677739195854e-05, 5.685553327246832e-05, 5.691244571818651e-05, 5.6969415133319826e-05, 5.702644157489472e-05, 5.708352509999471e-05, 5.714066576576047e-05, 5.719786362938986e-05, 5.7255118748138e-05, 5.731243117931732e-05, 5.736980098029762e-05, 5.7427228208506126e-05, 5.7484712921427554e-05, 5.754225517660416e-05, 5.7599855031635794e-05, 5.765751254417997e-05, 5.771522777195192e-05, 5.777300077272464e-05, 5.783083160432897e-05, 5.788872032465362e-05, 5.794666699164527e-05, 5.800467166330858e-05, 5.8062734397706284e-05, 5.8120855252959246e-05, 5.817903428724649e-05, 5.8237271558805294e-05, 5.829556712593122e-05, 5.83539210469782e-05, 5.841233338035855e-05, 5.8470804184543096e-05, 5.852933351806116e-05, 5.858792143950066e-05, 5.864656800750817e-05, 5.870527328078896e-05, 5.876403731810706e-05, 5.8822860178285344e-05, 5.888174192020555e-05, 5.894068260280836e-05, 5.899968228509345e-05, 5.905874102611957e-05]","[13, 5, 0, 0, 2, 16, 19, 16, 3, 4, 3, 5, 1, 0, 4, 4, 1, 0, 5, 3, 5, 4, 4, 3, 5, 1, 5, 2, 2, 0, 0, 4, 1, 0, 0, 1, 2, 0, 7, 6, 0, 6, 2, 0, 3, 4, 5, 5, 3, 0, 2, 2, 5, 5, 2, 0, 0, 1, 3, 3, 4, 4, 6, 4, 0, 0, 1, 0, 6, 4, 0, 3, 6, 0, 3, 5, 4, 0, 3, 4, 5, 1, 3, 5, 0, 3, 0, 0, 2, 5, 5, 0, 4, 3, 0, 1, 3, 0, 3, 1, 0, 2, 7, 0, 0, 1, 2, 0, 2, 5, 5, 3, 2, 1, 2, 5, 5, 0, 5, 2, 5, 4, 4, 3, 0, 0, 1, 0, 5, 6, 0, 0, 0, 0, 2, 1, 0, 5, 0, 4, 4, 2, 2, 5, 4, 0, 5, 2, 5, 2, 1, 1, 2, 2, 0, 2, 2, 0, 1, 1, 0, 7, 2, 0, 0, 3, 1, 5, 2, 5, 4, 4, 0, 2, 4, 1, 1, 0, 4, 3, 2, 4, 3, 5, 0, 8, 0, 0, 2, 2, 0, 1, 6, 0, 0, 5, 4, 3, 0, 5, 2, 3, 0, 2, 5, 3, 4, 3, 2, 3, 1, 5, 7, 1, 0, 4, 4, 0, 2, 1, 0, 2, 0, 0, 2, 0, 4, 5, 3, 1, 0, 0, 3, 4, 5, 1, 5, 4, 2, 1, 1, 3, 1, 7, 0, 2, 9, 0, 2, 3, 0, 2, 3, 0, 0, 1, 2, 1, 5, 5, 5, 1, 5, 1, 1, 5, 2, 1, 4, 3, 5, 1, 6, 0, 0, 2, 7, 0, 5, 0, 0, 0, 5, 0]","{'latency': 588461755, 'energy': 22205663.0, 'area': 1107390000000.0, 'power': 1143.4361538461537, 'cnt_pes': 46240, 'l1_mem': 54, 'l2_mem': 3369736, 'edp': 1.3067183419918564e+16}",19,
18,"[0.0078125  0.256      1.         1.         0.33333333 0.125
 0.95833333 0.375      0.83333333 1.         0.83333333 1.
 0.66666667 0.83333333 0.83333333 0.33333333 0.33333333 0.5
 0.33333333 0.66666667 0.83333333 0.16666667 0.83333333 0.33333333
 1.         0.83333333 0.16666667 0.5        0.83333333 0.16666667
 0.16666667 0.5        1.         1.         1.         0.25
 0.0625     1.         0.33333333 0.0045045  1.         0.02702703
 0.01351351 1.         0.16666667 0.83333333 0.5        1.
 0.66666667 0.5        0.33333333 0.83333333 0.5        0.83333333
 0.66666667 0.5        0.16666667 0.5        1.         1.
 0.83333333 0.83333333 0.25       0.125      1.         0.125
 1.         1.         0.01351351 0.00900901 1.         0.16666667
 0.02702703 1.         0.5        0.16666667 0.5        1.
 0.66666667 0.83333333 1.         0.5        0.33333333 1.
 0.16666667 0.33333333 0.16666667 0.33333333 0.16666667 0.66666667
 0.5        0.16666667 1.         0.125      1.         0.015625
 0.0625     1.         0.09090909 0.01818182 1.         0.2
 1.         1.         0.33333333 0.5        0.5        0.66666667
 0.16666667 1.         1.         0.33333333 1.         0.5
 0.33333333 0.33333333 0.16666667 0.16666667 0.33333333 0.16666667
 0.66666667 0.5        0.125      1.         1.         0.0078125
 0.015625   1.         0.2        0.5        1.         0.1
 1.         1.         0.16666667 0.66666667 0.5        0.5
 0.33333333 0.33333333 0.33333333 0.16666667 0.83333333 0.16666667
 0.66666667 0.16666667 0.66666667 0.5        1.         0.5
 0.66666667 0.16666667 0.125      0.03125    1.         1.
 0.125      1.         0.01851852 0.03703704 1.         0.03703704
 0.01851852 1.         0.5        1.         0.83333333 0.16666667
 0.5        0.5        0.83333333 0.66666667 0.83333333 1.
 0.83333333 0.16666667 0.5        0.16666667 0.66666667 0.16666667
 0.5        0.83333333 0.03125    0.0078125  1.         1.
 0.00390625 1.         0.05555556 0.05555556 1.         0.33333333
 0.16666667 1.         1.         0.83333333 0.83333333 0.83333333
 1.         0.83333333 0.5        0.5        1.         0.16666667
 1.         0.5        1.         0.83333333 0.83333333 0.33333333
 0.5        1.         0.0078125  0.015625   1.         0.0625
 0.03125    1.         0.07692308 0.07692308 1.         0.03846154
 0.03846154 1.         0.66666667 0.83333333 0.83333333 0.66666667
 0.83333333 0.83333333 0.66666667 0.66666667 0.66666667 0.83333333
 1.         0.83333333 1.         0.83333333 0.5        0.16666667
 0.16666667 0.5        0.5        0.125      1.         0.25
 1.         1.         0.5        0.03846154 1.         0.5
 1.         1.         0.5        0.33333333 0.33333333 0.33333333
 0.66666667 1.         0.83333333 0.33333333 0.5        0.16666667
 0.33333333 0.66666667 0.5        0.33333333 0.5        0.16666667
 0.83333333 0.83333333 1.         0.5        1.         0.015625
 0.25       1.         0.08333333 0.08333333 1.         0.08333333
 1.         1.        ]",3.7359546232297545,"[2.8147171587332673, 2.817534693426694, 2.8203550484751694, 2.8231782267018715, 2.826004230932804, 2.828833063996801, 2.8316647287255265, 2.83449922795348, 2.837336564517998, 2.8401767412592576, 2.843019761020278, 2.845865626646925, 2.8487143409879128, 2.8515659068948076, 2.8544203272220297, 2.8572776048268564, 2.860137742569426, 2.8630007433127385, 2.8658666099226613, 2.8687353452679294, 2.8716069522201497, 2.8744814336538034, 2.8773587924462496, 2.8802390314777275, 2.883122153631359, 2.886008161793152, 2.888897058852004, 2.891788847699704, 2.894683531230935, 2.897581112343278, 2.900481593937215, 2.9033849789161312, 2.9062912701863177, 2.9092004706569745, 2.912112583240215, 2.915027610851066, 2.9179455564074734, 2.920866422830304, 2.9237902130433473, 2.9267169299733204, 2.9296465765498705, 2.932579155705576, 2.935514670375952, 2.9384531234994515, 2.941394518017469, 2.9443388568743436, 2.947286143017361, 2.950236379396758, 2.9531895689657235, 2.956145714680404, 2.959104819499904, 2.9620668863862902, 2.965031918304595, 2.9679999182228176, 2.9709708891119297, 2.973944833945876, 2.9769217557015772, 2.979901657358936, 2.982884541900837, 2.98587041231315, 2.988859271584735, 2.9918511227074425, 2.9948459686761186, 2.997843812488607, 3.0008446571457528, 3.0038485056514044, 3.0068553610124167, 3.0098652262386554, 3.0128781043429984, 3.0158939983413395, 3.0189129112525923, 3.021934846098691, 3.0249598059045955, 3.0279877936982937, 3.0310188125108044, 3.0340528653761805, 3.037089955331512, 3.040130085416929, 3.043173258675605, 3.0462194781537586, 3.049268746900659, 3.0523210679686277, 3.055376444413041, 3.0584348792923333, 3.061496375668001, 3.0645609366046056, 3.0676285651697754, 3.0706992644342095, 3.073773037471681, 3.07684988735904, 3.0799298171762164, 3.0830128300062225, 3.0860989289351575, 3.0891881170522097, 3.0922803974496595, 3.0953757732228824, 3.0984742474703526, 3.101575823293646, 3.1046805037974434, 3.1077882920895328, 3.1108991912808137, 3.114013204485299, 3.117130334820119, 3.1202505854055245, 3.1233739593648893, 3.126500459824714, 3.1296300899146288, 3.1327628527673963, 3.135898751518915, 3.1390377893082233, 3.142179969277501, 3.145325294572073, 3.1484737683404136, 3.1516253937341476, 3.1547801739080557, 3.1579381120200756, 3.1610992112313068, 3.1642634747060128, 3.1674309056116243, 3.170601507118743, 3.1737752824011443, 3.17695223463578, 3.180132367002783, 3.183315682685468, 3.1865021848703385, 3.1896918767470854, 3.1928847615085942, 3.1960808423509453, 3.199280122473419, 3.2024826050784974, 3.2056882933718693, 3.208897190562432, 3.2121092998622944, 3.2153246244867812, 3.2185431676544356, 3.2217649325870226, 3.224989922509532, 3.228218140650182, 3.2314495902404228, 3.2346842745149376, 3.2379221967116494, 3.241163360071721, 3.2444077678395606, 3.2476554232628234, 3.2509063295924157, 3.2541604900824983, 3.257417907990489, 3.260678586577066, 3.2639425291061723, 3.2672097388450174, 3.2704802190640816, 3.2737539730371186, 3.27703100404116, 3.280311315356516, 3.283594910266783, 3.2868817920588422, 3.290171964022865, 3.2934654294523176, 3.2967621916439613, 3.3000622538978592, 3.3033656195173764, 3.3066722918091855, 3.3099822740832687, 3.313295569652922, 3.3166121818347567, 3.3199321139487052, 3.3232553693180233, 3.3265819512692927, 3.329911863132425, 3.333245108240666, 3.3365816899305965, 3.3399216115421386, 3.3432648764185573, 3.346611487906464, 3.3499614493558196, 3.3533147641199395, 3.3566714355554947, 3.3600314670225173, 3.3633948618844016, 3.3667616235079096, 3.3701317552631727, 3.373505260523696, 3.3768821426663624, 3.380262405071434, 3.3836460511225566, 3.3870330842067635, 3.390423507714478, 3.393817325039518, 3.397214539579097, 3.400615154733831, 3.4040191739077383, 3.4074266005082468, 3.410837437946193, 3.414251689635829, 3.4176693589948237, 3.421090449444268, 3.4245149644086768, 3.427942907315993, 3.4313742815975905, 3.4348090906882787, 3.438247338026305, 3.441689027053358, 3.4451341612145727, 3.4485827439585313, 3.4520347787372687, 3.455490269006275, 3.4589492182245, 3.4624116298543544, 3.465877507361716, 3.469346854215932, 3.472819673889822, 3.476295969859682, 3.479775745605287, 3.483259004609897, 3.486745750360257, 3.4902359863466037, 3.4937297160626666, 3.497226943005672, 3.5007276706763486, 3.5042319025789275, 3.5077396422211486, 3.511250893114263, 3.514765658773036, 3.5182839427157515, 3.5218057484642156, 3.525331079543759, 3.5288599394832425, 3.5323923318150574, 3.5359282600751327, 3.539467727802936, 3.5430107385414775, 3.546557295837315, 3.5501074032405557, 3.5536610643048605, 3.557218282587448, 3.560779061649097, 3.564343405054151, 3.567911316370522, 3.5714827991696914, 3.575057857026718, 3.5786364935202384, 3.582218712232471, 3.5858045167492203, 3.5893939106598802, 3.5929868975574375, 3.596583481038476, 3.600183664703179, 3.6037874521553346, 3.607394847002337, 3.6110058528551923, 3.6146204733285208, 3.6182387120405615, 3.6218605726131745, 3.6254860586718465, 3.629115173845692, 3.6327479217674594, 3.636384306073533, 3.6400243304039366, 3.643667998402339, 3.6473153137160548, 3.6509662799960507, 3.6546209008969477, 3.6582791800770247, 3.661941121198223, 3.6656067279261495, 3.66927600393008, 3.6729489528829626, 3.676625578461424, 3.68030588434577, 3.68398987421999, 3.687677551771762, 3.6913689206924545, 3.6950639846771316, 3.6987627474245564, 3.7024652126371937, 3.706171384021215, 3.709881265286502, 3.7135948601466486, 3.7173121723189677, 3.7210332055244923, 3.7247579634879804, 3.7284864499379182, 3.732218668606525, 3.7359546232297545]","[7, 9, 0, 0, 0, 2, 22, 8, 4, 5, 4, 5, 3, 4, 4, 1, 1, 2, 1, 3, 4, 0, 4, 1, 5, 4, 0, 2, 4, 0, 0, 2, 1, 1, 0, 4, 2, 0, 5, 0, 0, 3, 2, 0, 0, 4, 2, 5, 3, 2, 1, 4, 2, 4, 3, 2, 0, 2, 5, 5, 4, 4, 4, 3, 0, 3, 6, 0, 2, 1, 0, 4, 3, 0, 2, 0, 2, 5, 3, 4, 5, 2, 1, 5, 0, 1, 0, 1, 0, 3, 2, 0, 6, 3, 0, 1, 3, 0, 3, 1, 0, 5, 7, 0, 1, 2, 2, 3, 0, 5, 5, 1, 5, 2, 1, 1, 0, 0, 1, 0, 3, 2, 4, 7, 0, 0, 1, 0, 5, 6, 0, 4, 7, 0, 0, 3, 2, 2, 1, 1, 1, 0, 4, 0, 3, 0, 3, 2, 5, 2, 3, 0, 4, 2, 0, 8, 5, 0, 0, 1, 0, 1, 0, 0, 2, 5, 4, 0, 2, 2, 4, 3, 4, 5, 4, 0, 2, 0, 3, 0, 2, 4, 3, 1, 0, 8, 0, 0, 2, 2, 0, 5, 4, 0, 5, 4, 4, 4, 5, 4, 2, 2, 5, 0, 5, 2, 5, 4, 4, 1, 2, 5, 1, 2, 0, 5, 4, 0, 1, 1, 0, 0, 0, 0, 3, 4, 4, 3, 4, 4, 3, 3, 3, 4, 5, 4, 5, 4, 2, 0, 0, 2, 8, 6, 0, 7, 9, 0, 2, 0, 0, 2, 3, 0, 2, 1, 1, 1, 3, 5, 4, 1, 2, 0, 1, 3, 2, 1, 2, 0, 4, 4, 9, 8, 0, 3, 7, 0, 0, 0, 0, 0, 5, 0]","{'latency': 821652925, 'energy': 39142716.0, 'area': 7831130.0, 'power': 0.08696659999999999, 'cnt_pes': 18, 'l1_mem': 54, 'l2_mem': 378, 'edp': 3.21617270938443e+16}",17,
19,"[0.5        0.032      1.         1.         0.66666667 0.79166667
 0.58333333 0.70833333 0.33333333 0.5        0.83333333 0.5
 0.16666667 0.16666667 0.33333333 0.16666667 0.33333333 0.66666667
 0.66666667 0.83333333 0.5        0.5        1.         0.66666667
 1.         0.66666667 0.66666667 0.16666667 0.66666667 0.66666667
 0.16666667 0.66666667 0.33333333 0.33333333 1.         0.25
 0.5        1.         1.         0.01351351 1.         0.00900901
 1.         1.         0.66666667 0.66666667 0.83333333 0.83333333
 1.         0.83333333 0.83333333 1.         0.16666667 0.33333333
 0.5        0.66666667 1.         0.5        0.66666667 1.
 0.5        0.33333333 1.         0.5        1.         0.5
 1.         1.         0.00900901 0.5        1.         0.16666667
 0.02702703 1.         0.5        0.83333333 0.83333333 0.66666667
 0.16666667 0.16666667 0.66666667 0.5        0.5        0.16666667
 0.66666667 0.83333333 0.83333333 0.16666667 0.33333333 1.
 0.83333333 0.66666667 0.0625     0.25       1.         1.
 0.25       1.         0.09090909 0.01818182 1.         0.5
 0.2        1.         1.         1.         1.         0.83333333
 0.83333333 0.33333333 0.66666667 0.83333333 0.16666667 0.66666667
 0.66666667 0.16666667 0.33333333 0.5        0.5        0.66666667
 0.16666667 1.         1.         0.25       1.         1.
 1.         1.         1.         0.01818182 1.         0.2
 0.01818182 1.         0.83333333 0.66666667 1.         0.83333333
 0.5        1.         0.5        0.16666667 0.33333333 1.
 0.5        1.         0.33333333 0.16666667 0.5        0.16666667
 0.16666667 0.83333333 0.03125    0.015625   1.         1.
 1.         1.         0.03703704 0.03703704 1.         0.16666667
 1.         1.         0.66666667 0.66666667 0.5        0.5
 0.16666667 0.16666667 0.5        0.33333333 0.33333333 0.16666667
 0.16666667 0.16666667 0.16666667 0.33333333 0.5        0.33333333
 0.83333333 1.         0.125      1.         1.         0.5
 1.         1.         0.03703704 0.33333333 1.         0.11111111
 0.03703704 1.         0.83333333 1.         0.33333333 1.
 0.66666667 0.66666667 0.16666667 1.         0.33333333 0.16666667
 0.5        0.5        0.33333333 0.66666667 0.83333333 1.
 0.5        0.5        0.125      1.         1.         0.5
 0.125      1.         0.03846154 0.03846154 1.         1.
 0.07692308 1.         0.16666667 0.33333333 1.         0.33333333
 0.16666667 0.83333333 0.16666667 1.         0.83333333 1.
 0.5        1.         0.83333333 0.66666667 0.83333333 0.83333333
 0.5        0.5        0.03125    0.25       1.         0.5
 1.         1.         0.03846154 0.5        1.         1.
 1.         1.         0.33333333 0.33333333 0.16666667 0.16666667
 1.         0.66666667 0.83333333 0.16666667 0.33333333 1.
 0.16666667 0.66666667 0.33333333 1.         0.83333333 1.
 0.33333333 0.5        0.0625     0.03125    1.         0.25
 1.         1.         1.         0.08333333 1.         0.08333333
 0.25       1.        ]",172.9493162526013,"[130.3022807130722, 130.4327134264987, 130.56327670320192, 130.6939706738758, 130.82479546934516, 130.95575122056573, 131.08683805862435, 131.21805611473908, 131.34940552025935, 131.48088640666603, 131.6124989055716, 131.74424314872033, 131.87611926798832, 132.0081273953837, 132.14026766304673, 132.27254020324997, 132.40494514839838, 132.5374826310294, 132.67015278381322, 132.80295573955277, 132.93589163118395, 133.06896059177572, 133.20216275453026, 133.33549825278305, 133.46896722000307, 133.60256978979285, 133.73630609588875, 133.8701762721609, 134.00418045261353, 134.13831877138492, 134.27259136274768, 134.40699836110878, 134.5415399010098, 134.67621611712693, 134.8110271442712, 134.9459731173886, 135.08105417156017, 135.21627044200218, 135.35162206406625, 135.48710917323947, 135.62273190514463, 135.75849039554018, 135.8943847803205, 136.030415195516, 136.16658177729332, 136.30288466195526, 136.4393239859412, 136.57589988582703, 136.71261249832534, 136.84946196028562, 136.98644840869432, 137.123571980675, 137.2608328134885, 137.39823104453302, 137.53576681134436, 137.67344025159596, 137.81125150309907, 137.9492007038029, 138.08728799179468, 138.22551350529997, 138.36387738268266, 138.50237976244512, 138.64102078322836, 138.77980058381218, 138.9187193031153, 139.05777708019548, 139.19697405424972, 139.33631036461435, 139.47578615076512, 139.61540155231742, 139.75515670902644, 139.89505176078723, 140.03508684763486, 140.1752621097446, 140.31557768743204, 140.4560337211532, 140.5966303515047, 140.73736771922393, 140.8782459651891, 141.01926523041953, 141.1604256560756, 141.30172738345905, 141.44317055401308, 141.5847553093224, 141.7264817911135, 141.86835014125478, 142.01036050175654, 142.1525130147713, 142.2948078225939, 142.43724506766156, 142.57982489255411, 142.72254743999412, 142.86541285284696, 143.00842127412108, 143.15157284696804, 143.2948677146827, 143.4383060207034, 143.58188790861203, 143.72561352213415, 143.8694830051393, 144.01349650164093, 144.15765415579673, 144.30195611190865, 144.44640251442308, 144.59099350793102, 144.7357292371682, 144.8806098470152, 145.0256354824977, 145.17080628878648, 145.31612241119768, 145.46158399519288, 145.60719118637925, 145.75294413050977, 145.89884297348326, 146.0448878613446, 146.19107894028488, 146.3374163566415, 146.4839002568984, 146.6305307876861, 146.77730809578188, 146.92423232810998, 147.07130363174173, 147.21852215389563, 147.36588804193758, 147.51340144338096, 147.66106250588683, 147.8088713772641, 147.95682820546958, 148.10493313860817, 148.2531863249331, 148.40158791284594, 148.55013805089683, 148.6988368877846, 148.84768457235697, 148.99668125361057, 149.14582708069128, 149.29512220289416, 149.44456676966382, 149.59416093059443, 149.74390483542984, 149.8937986340639, 150.04384247654045, 150.1940365130535, 150.34438089394746, 150.49487576971717, 150.64552129100818, 150.7963176086168, 150.94726487349027, 151.098363236727, 151.24961284957658, 151.40101386344003, 151.5525664298699, 151.70427070057048, 151.85612682739787, 152.00813496236023, 152.16029525761786, 152.31260786548336, 152.46507293842177, 152.61769062905083, 152.77046109014097, 152.92338447461557, 153.07646093555113, 153.2296906261773, 153.38307369987717, 153.53661031018737, 153.69030061079818, 153.84414475555374, 153.9981428984522, 154.15229519364584, 154.30660179544128, 154.46106285829958, 154.6156785368364, 154.77044898582224, 154.92537436018242, 155.0804548149974, 155.2356905055029, 155.39108158708999, 155.5466282153053, 155.70233054585117, 155.85818873458575, 156.01420293752327, 156.1703733108341, 156.32670001084495, 156.483183194039, 156.63982301705605, 156.79661963669272, 156.95357320990263, 157.11068389379642, 157.26795184564207, 157.42537722286494, 157.582960183048, 157.7407008839319, 157.89859948341532, 158.0566561395549, 158.21487101056545, 158.37324425482026, 158.53177603085112, 158.69046649734847, 158.84931581316164, 159.00832413729893, 159.16749162892785, 159.32681844737522, 159.48630475212735, 159.6459507028302, 159.80575645928948, 159.96572218147097, 160.12584802950047, 160.28613416366414, 160.44658074440855, 160.60718793234088, 160.7679558882291, 160.9288847730021, 161.08997474774984, 161.25122597372356, 161.4126386123359, 161.57421282516108, 161.735948773935, 161.89784662055555, 162.05990652708263, 162.22212865573837, 162.3845131689073, 162.54706022913643, 162.70976999913557, 162.87264264177736, 163.03567832009745, 163.19887719729473, 163.36223943673147, 163.5257652019334, 163.68945465659, 163.85330796455455, 164.0173252898444, 164.18150679664103, 164.34585264929032, 164.51036301230263, 164.67503805035298, 164.83987792828125, 165.00488281109236, 165.1700528639563, 165.3353882522085, 165.50088914134986, 165.6665556970469, 165.83238808513204, 165.99838647160365, 166.16455102262628, 166.33088190453083, 166.49737928381464, 166.66404332714177, 166.8308742013431, 166.99787207341652, 167.16503711052704, 167.33236948000703, 167.4998693493564, 167.66753688624266, 167.83537225850117, 168.0033756341353, 168.1715471813166, 168.339887068385, 168.50839546384884, 168.67707253638523, 168.84591845484007, 169.01493338822831, 169.18411750573404, 169.35347097671075, 169.52299397068143, 169.69268665733875, 169.8625492065453, 170.03258178833363, 170.20278457290652, 170.37315773063716, 170.54370143206924, 170.71441584791717, 170.88530114906624, 171.05635750657282, 171.22758509166448, 171.39898407574023, 171.5705546303706, 171.7422969272979, 171.91421113843634, 172.0862974358722, 172.25855599186409, 172.43098697884292, 172.60359056941235, 172.7763669363487, 172.9493162526013]","[13, 6, 0, 0, 1, 18, 13, 16, 1, 2, 4, 2, 0, 0, 1, 0, 1, 3, 3, 4, 2, 2, 5, 3, 5, 3, 3, 0, 3, 3, 0, 3, 0, 0, 0, 4, 5, 0, 7, 2, 0, 1, 7, 0, 3, 3, 4, 4, 5, 4, 4, 5, 0, 1, 2, 3, 5, 2, 3, 5, 2, 1, 6, 5, 0, 5, 6, 0, 1, 6, 0, 4, 3, 0, 2, 4, 4, 3, 0, 0, 3, 2, 2, 0, 3, 4, 4, 0, 1, 5, 4, 3, 2, 4, 0, 7, 5, 0, 3, 1, 0, 6, 5, 0, 5, 5, 5, 4, 4, 1, 3, 4, 0, 3, 3, 0, 1, 2, 2, 3, 0, 5, 7, 5, 0, 7, 7, 0, 7, 1, 0, 5, 1, 0, 4, 3, 5, 4, 2, 5, 2, 0, 1, 5, 2, 5, 1, 0, 2, 0, 0, 4, 2, 1, 0, 8, 8, 0, 1, 1, 0, 4, 7, 0, 3, 3, 2, 2, 0, 0, 2, 1, 1, 0, 0, 0, 0, 1, 2, 1, 4, 5, 5, 8, 0, 7, 8, 0, 1, 5, 0, 3, 1, 0, 4, 5, 1, 5, 3, 3, 0, 5, 1, 0, 2, 2, 1, 3, 4, 5, 2, 2, 5, 8, 0, 8, 6, 0, 0, 0, 0, 3, 1, 0, 0, 1, 5, 1, 0, 4, 0, 5, 4, 5, 2, 5, 4, 3, 4, 4, 2, 2, 4, 7, 0, 8, 9, 0, 0, 2, 0, 3, 3, 0, 1, 1, 0, 0, 5, 3, 4, 0, 1, 5, 0, 3, 1, 5, 4, 5, 1, 2, 5, 4, 0, 7, 9, 0, 5, 0, 0, 0, 2, 0]","{'latency': 17748888, 'energy': 22215421.0, 'area': 828769000.0, 'power': 5.143616923076922, 'cnt_pes': 952, 'l1_mem': 54, 'l2_mem': 489728, 'edp': 394299019201848.0}",173,
