l1_size,l2_size,noc_bw,offchip_bw,dim_num,dim_out,dim_mid,dim_in,p_c,p_k,p_x,p_y,p_r,p_s,o_c_out_0,o_k_out_0,o_x_out_0,o_y_out_0,o_r_out_0,o_s_out_0,o_c_mid_0,o_k_mid_0,o_x_mid_0,o_y_mid_0,o_r_mid_0,o_s_mid_0,o_c_in_0,o_k_in_0,o_x_in_0,o_y_in_0,o_r_in_0,o_s_in_0,t_c_d1_0,t_c_d2_0,t_c_d3_0,t_k_d1_0,t_k_d2_0,t_k_d3_0,t_x_d1_0,t_x_d2_0,t_x_d3_0,t_y_d1_0,t_y_d2_0,t_y_d3_0,o_c_out_1,o_k_out_1,o_x_out_1,o_y_out_1,o_r_out_1,o_s_out_1,o_c_mid_1,o_k_mid_1,o_x_mid_1,o_y_mid_1,o_r_mid_1,o_s_mid_1,o_c_in_1,o_k_in_1,o_x_in_1,o_y_in_1,o_r_in_1,o_s_in_1,t_c_d1_1,t_c_d2_1,t_c_d3_1,t_k_d1_1,t_k_d2_1,t_k_d3_1,t_x_d1_1,t_x_d2_1,t_x_d3_1,t_y_d1_1,t_y_d2_1,t_y_d3_1,latency,energy,area,power,cnt_pes,l1_mem,l2_mem,edp
512.0,64000.0,3136.0,64.0,3.0,26.0,2.0,44.0,5.0,6.0,3.0,4.0,3.0,1.0,6.0,3.0,5.0,1.0,1.0,6.0,6.0,2.0,2.0,4.0,5.0,5.0,5.0,3.0,6.0,1.0,1.0,2.0,1.0,4096.0,1.0,256.0,2048.0,1.0,1.0,1.0,1.0,2.0,16.0,1.0,4.0,3.0,6.0,1.0,5.0,4.0,3.0,6.0,5.0,3.0,5.0,2.0,2.0,1.0,3.0,3.0,3.0,5.0,512.0,1024.0,1.0,16.0,512.0,1.0,1.0,1.0,1.0,32.0,160.0,1.0,2308989818.0,32567771.8,19708500000.0,160.5752222222222,3136.0,10.0,16973824.0,7.519865348114754e+16
8192.0,128000.0,3136.0,64.0,3.0,4.0,20.0,18.0,3.0,5.0,6.0,6.0,1.0,2.0,1.0,2.0,3.0,6.0,2.0,4.0,1.0,2.0,3.0,4.0,4.0,1.0,2.0,3.0,1.0,2.0,3.0,2.0,16.0,8.0,1.0,512.0,256.0,1.0,1.0,1.0,1.0,128.0,2.0,1.0,1.0,6.0,4.0,1.0,5.0,5.0,3.0,6.0,1.0,4.0,4.0,3.0,3.0,1.0,5.0,5.0,6.0,4.0,1024.0,1024.0,1.0,96.0,12.0,1.0,1.0,1.0,1.0,64.0,5.0,1.0,3170525209.0,34615232.0,19706800000.0,124.5671111111111,3136.0,10.0,339968.0,1.0974846567138349e+17
4096.0,32000.0,3136.0,64.0,3.0,4.0,8.0,36.0,6.0,3.0,2.0,3.0,5.0,1.0,3.0,2.0,4.0,1.0,5.0,2.0,3.0,4.0,5.0,3.0,6.0,2.0,6.0,1.0,4.0,4.0,2.0,1.0,256.0,64.0,1.0,2048.0,256.0,1.0,1.0,1.0,1.0,128.0,128.0,1.0,5.0,4.0,3.0,1.0,1.0,1.0,3.0,5.0,1.0,5.0,1.0,4.0,5.0,6.0,5.0,5.0,5.0,2.0,32.0,2048.0,1.0,3.0,24.0,1.0,1.0,1.0,1.0,1.0,320.0,1.0,3424659534.0,32497063.8,19708000000.0,147.00066666666666,3136.0,10.0,11665408.0,1.1129137936967627e+17
1024.0,256000.0,3136.0,64.0,3.0,28.0,8.0,24.0,3.0,3.0,1.0,4.0,3.0,6.0,1.0,6.0,5.0,2.0,1.0,2.0,1.0,6.0,5.0,5.0,5.0,1.0,6.0,3.0,4.0,4.0,3.0,6.0,2048.0,64.0,1.0,512.0,32.0,1.0,1.0,1.0,1.0,16.0,4.0,1.0,5.0,4.0,1.0,6.0,2.0,2.0,5.0,5.0,1.0,1.0,5.0,2.0,3.0,6.0,1.0,4.0,2.0,2.0,128.0,1.0,1.0,1536.0,16.0,1.0,1.0,1.0,1.0,20.0,20.0,1.0,528031908.0,37988306.0,19707000000.0,127.90544444444444,3136.0,10.0,2179072.0,2.005903769886785e+16
2048.0,512000.0,3136.0,64.0,3.0,8.0,34.0,6.0,5.0,6.0,4.0,3.0,1.0,2.0,1.0,4.0,1.0,2.0,4.0,1.0,4.0,5.0,6.0,6.0,2.0,3.0,5.0,6.0,5.0,4.0,4.0,1.0,512.0,4.0,1.0,64.0,512.0,1.0,1.0,1.0,1.0,32.0,16.0,1.0,1.0,4.0,5.0,6.0,5.0,5.0,2.0,5.0,3.0,1.0,2.0,3.0,6.0,4.0,3.0,2.0,6.0,6.0,8.0,256.0,1.0,8.0,768.0,1.0,1.0,1.0,1.0,20.0,1.0,1.0,146391221.0,35838963.3,19707400000.0,142.22488888888887,3136.0,10.0,6082560.0,5246509596861189.0
16000.0,32000.0,3136.0,64.0,3.0,34.0,40.0,40.0,2.0,4.0,4.0,3.0,3.0,5.0,1.0,2.0,5.0,4.0,1.0,3.0,3.0,6.0,5.0,3.0,1.0,2.0,2.0,1.0,4.0,4.0,6.0,6.0,256.0,2.0,1.0,32.0,64.0,1.0,1.0,1.0,1.0,1.0,128.0,1.0,6.0,6.0,3.0,3.0,5.0,1.0,3.0,1.0,5.0,4.0,4.0,2.0,4.0,2.0,3.0,2.0,6.0,1.0,4.0,4096.0,1.0,512.0,768.0,1.0,1.0,1.0,1.0,32.0,80.0,1.0,15586287236.0,32912022.0,19707500000.0,137.40955555555556,3136.0,10.0,7069696.0,5.1297622840955117e+17
1024.0,8192000.0,3136.0,64.0,3.0,42.0,22.0,12.0,1.0,3.0,4.0,5.0,1.0,5.0,1.0,2.0,4.0,1.0,3.0,2.0,2.0,4.0,4.0,5.0,2.0,4.0,2.0,1.0,1.0,6.0,6.0,3.0,2.0,16.0,1.0,8.0,16.0,1.0,1.0,1.0,1.0,32.0,64.0,1.0,1.0,2.0,6.0,6.0,6.0,1.0,3.0,1.0,6.0,6.0,4.0,6.0,2.0,3.0,5.0,5.0,5.0,3.0,4096.0,64.0,1.0,1024.0,512.0,1.0,1.0,1.0,1.0,32.0,4.0,1.0,4165099253.0,34251242.0,19708000000.0,146.05522222222223,3136.0,10.0,11665408.0,1.4265982246852222e+17
32000.0,64000.0,3136.0,64.0,3.0,24.0,32.0,10.0,4.0,3.0,5.0,5.0,2.0,1.0,5.0,2.0,6.0,6.0,1.0,4.0,1.0,1.0,5.0,6.0,5.0,3.0,3.0,3.0,1.0,6.0,2.0,4.0,32.0,1.0,1.0,4.0,256.0,1.0,1.0,1.0,1.0,64.0,128.0,1.0,3.0,3.0,1.0,6.0,4.0,3.0,6.0,6.0,4.0,3.0,5.0,6.0,2.0,4.0,3.0,3.0,6.0,6.0,64.0,2.0,1.0,96.0,128.0,1.0,1.0,1.0,1.0,40.0,2.0,1.0,649031716.0,36407893.0,19706800000.0,123.88233333333334,3136.0,10.0,90112.0,2.3629877269734388e+16
2048000.0,64000.0,3136.0,64.0,3.0,6.0,42.0,24.0,3.0,3.0,1.0,5.0,2.0,6.0,3.0,6.0,3.0,2.0,4.0,6.0,2.0,4.0,5.0,4.0,6.0,6.0,2.0,5.0,6.0,2.0,3.0,4.0,4096.0,1.0,1.0,32.0,1.0,1.0,1.0,1.0,1.0,1.0,2.0,1.0,3.0,5.0,6.0,6.0,6.0,6.0,6.0,2.0,1.0,2.0,4.0,2.0,1.0,2.0,4.0,6.0,5.0,5.0,2.0,512.0,1.0,4.0,512.0,1.0,1.0,1.0,1.0,20.0,4.0,1.0,446615911.0,37619282.0,19706800000.0,125.19388888888889,3136.0,10.0,565248.0,1.6801369901595902e+16
128.0,32000.0,3136.0,64.0,3.0,8.0,8.0,22.0,1.0,1.0,6.0,3.0,6.0,1.0,3.0,1.0,4.0,5.0,3.0,4.0,2.0,6.0,2.0,2.0,3.0,5.0,1.0,5.0,3.0,5.0,1.0,5.0,8.0,2.0,1.0,128.0,64.0,1.0,1.0,1.0,1.0,8.0,4.0,1.0,2.0,4.0,3.0,6.0,2.0,5.0,2.0,5.0,1.0,6.0,6.0,1.0,2.0,6.0,5.0,1.0,1.0,2.0,1024.0,4096.0,1.0,32.0,3072.0,1.0,1.0,1.0,1.0,80.0,160.0,1.0,3163058668.0,37134620.0,19709600000.0,176.32077777777778,3136.0,10.0,27459584.0,1.1745898167388616e+17
128.0,1024000.0,3136.0,64.0,3.0,6.0,38.0,34.0,3.0,5.0,4.0,3.0,4.0,1.0,2.0,6.0,3.0,3.0,6.0,4.0,5.0,6.0,1.0,1.0,5.0,3.0,3.0,5.0,6.0,5.0,3.0,6.0,128.0,64.0,1.0,1024.0,256.0,1.0,1.0,1.0,1.0,32.0,16.0,1.0,3.0,1.0,1.0,2.0,1.0,2.0,6.0,4.0,4.0,4.0,2.0,4.0,3.0,3.0,6.0,5.0,6.0,4.0,1.0,16.0,1.0,1024.0,384.0,1.0,1.0,1.0,1.0,64.0,4.0,1.0,3914052558.0,39231323.0,19706800000.0,124.51644444444443,3136.0,10.0,335872.0,1.5355346014187424e+17
256.0,32000.0,3136.0,64.0,3.0,4.0,12.0,8.0,6.0,3.0,1.0,2.0,3.0,6.0,5.0,3.0,4.0,1.0,2.0,6.0,3.0,6.0,3.0,4.0,5.0,2.0,5.0,6.0,5.0,6.0,6.0,2.0,1.0,4096.0,1.0,1024.0,4.0,1.0,1.0,1.0,1.0,32.0,2.0,1.0,1.0,4.0,2.0,1.0,5.0,3.0,4.0,4.0,3.0,1.0,1.0,3.0,1.0,4.0,3.0,1.0,2.0,5.0,256.0,2.0,1.0,1024.0,6.0,1.0,1.0,1.0,1.0,1.0,16.0,1.0,1873281383.0,32545064.9,19707600000.0,153.44011111111112,3136.0,10.0,8716288.0,6.096606418569675e+16
128000.0,4096000.0,3136.0,64.0,3.0,24.0,26.0,42.0,1.0,2.0,5.0,6.0,5.0,6.0,1.0,5.0,5.0,2.0,1.0,4.0,6.0,2.0,1.0,2.0,3.0,5.0,3.0,3.0,4.0,4.0,4.0,6.0,32.0,2048.0,1.0,16.0,1024.0,1.0,1.0,1.0,1.0,16.0,4.0,1.0,3.0,6.0,5.0,6.0,3.0,1.0,2.0,2.0,6.0,3.0,6.0,2.0,6.0,3.0,5.0,1.0,3.0,3.0,512.0,1.0,1.0,384.0,1536.0,1.0,1.0,1.0,1.0,64.0,320.0,1.0,22282015048.0,32914126.0,19707200000.0,135.94311111111114,3136.0,10.0,4390912.0,7.33393050823768e+17
256000.0,4096000.0,3136.0,64.0,3.0,10.0,6.0,44.0,4.0,4.0,1.0,5.0,4.0,4.0,3.0,2.0,6.0,1.0,3.0,5.0,6.0,2.0,2.0,4.0,6.0,6.0,2.0,3.0,1.0,6.0,2.0,3.0,4.0,128.0,1.0,64.0,4.0,1.0,1.0,1.0,1.0,1.0,32.0,1.0,1.0,5.0,1.0,4.0,4.0,3.0,5.0,5.0,5.0,3.0,5.0,6.0,2.0,3.0,2.0,4.0,5.0,4.0,128.0,256.0,1.0,256.0,512.0,1.0,1.0,1.0,1.0,160.0,16.0,1.0,174613012.0,33085922.0,19706800000.0,125.22788888888888,3136.0,10.0,753664.0,5777232495217064.0
2048.0,128000.0,3136.0,64.0,3.0,26.0,2.0,8.0,1.0,3.0,1.0,2.0,5.0,3.0,4.0,1.0,6.0,3.0,3.0,3.0,2.0,1.0,4.0,5.0,2.0,3.0,5.0,1.0,5.0,2.0,5.0,2.0,128.0,4.0,1.0,16.0,64.0,1.0,1.0,1.0,1.0,32.0,1.0,1.0,5.0,2.0,2.0,4.0,1.0,1.0,1.0,4.0,3.0,3.0,4.0,2.0,3.0,3.0,4.0,5.0,6.0,6.0,512.0,1024.0,1.0,6.0,128.0,1.0,1.0,1.0,1.0,1.0,80.0,1.0,11917729764.0,33980077.0,19706800000.0,124.58255555555556,3136.0,10.0,446464.0,4.049653750459118e+17
128.0,16000.0,3136.0,64.0,3.0,40.0,6.0,12.0,6.0,5.0,4.0,6.0,2.0,2.0,4.0,3.0,5.0,4.0,2.0,1.0,5.0,5.0,5.0,2.0,3.0,5.0,1.0,3.0,2.0,3.0,2.0,2.0,1024.0,2.0,1.0,32.0,128.0,1.0,1.0,1.0,1.0,1.0,32.0,1.0,5.0,1.0,4.0,5.0,5.0,3.0,6.0,3.0,5.0,6.0,5.0,3.0,5.0,1.0,4.0,2.0,1.0,1.0,128.0,128.0,1.0,24.0,384.0,1.0,1.0,1.0,1.0,20.0,2.0,1.0,388524180.0,36722737.0,19707100000.0,132.078,3136.0,10.0,3324928.0,1.426767128028066e+16
128000.0,16000000.0,3136.0,64.0,3.0,34.0,42.0,40.0,6.0,3.0,3.0,2.0,2.0,6.0,2.0,1.0,3.0,4.0,4.0,4.0,1.0,1.0,5.0,3.0,5.0,3.0,2.0,2.0,3.0,5.0,1.0,6.0,512.0,2048.0,1.0,1024.0,4.0,1.0,1.0,1.0,1.0,128.0,8.0,1.0,6.0,6.0,5.0,5.0,5.0,1.0,4.0,1.0,3.0,5.0,5.0,6.0,1.0,6.0,5.0,2.0,4.0,3.0,2.0,1.0,1.0,3.0,16.0,1.0,1.0,1.0,1.0,10.0,8.0,1.0,10196618217.0,81128193.8,19707300000.0,131.32144444444444,3136.0,10.0,4980736.0,8.272332188133864e+17
256.0,8192000.0,3136.0,64.0,3.0,16.0,16.0,46.0,5.0,4.0,6.0,3.0,3.0,1.0,6.0,1.0,3.0,2.0,2.0,1.0,6.0,6.0,4.0,1.0,1.0,4.0,2.0,4.0,2.0,4.0,5.0,1.0,16.0,4096.0,1.0,4.0,64.0,1.0,1.0,1.0,1.0,16.0,128.0,1.0,4.0,3.0,1.0,4.0,3.0,2.0,6.0,1.0,4.0,4.0,6.0,4.0,3.0,5.0,4.0,5.0,2.0,6.0,1.0,1024.0,1.0,12.0,4.0,1.0,1.0,1.0,1.0,4.0,20.0,1.0,460670243.0,36869891.8,19706900000.0,126.24655555555556,3136.0,10.0,1589248.0,1.6984862014889706e+16
2048000.0,32000.0,3136.0,64.0,3.0,8.0,2.0,42.0,2.0,5.0,4.0,4.0,5.0,5.0,3.0,6.0,4.0,2.0,2.0,3.0,4.0,1.0,2.0,6.0,2.0,4.0,6.0,4.0,3.0,6.0,1.0,5.0,256.0,2.0,1.0,2.0,512.0,1.0,1.0,1.0,1.0,2.0,32.0,1.0,2.0,6.0,4.0,5.0,2.0,6.0,4.0,3.0,6.0,2.0,6.0,1.0,6.0,5.0,4.0,5.0,6.0,3.0,256.0,2.0,1.0,3.0,3.0,1.0,1.0,1.0,1.0,16.0,64.0,1.0,22758704338.0,64371440.0,19706800000.0,124.227,3136.0,10.0,311296.0,1.4650105707713068e+18
32000.0,32000000.0,3136.0,64.0,3.0,14.0,30.0,6.0,3.0,1.0,1.0,5.0,4.0,3.0,3.0,2.0,3.0,5.0,1.0,6.0,4.0,5.0,5.0,5.0,5.0,4.0,3.0,3.0,3.0,2.0,3.0,5.0,512.0,2.0,1.0,64.0,32.0,1.0,1.0,1.0,1.0,64.0,8.0,1.0,5.0,2.0,2.0,3.0,1.0,2.0,6.0,4.0,5.0,6.0,4.0,4.0,2.0,1.0,3.0,5.0,4.0,2.0,4.0,512.0,1.0,2.0,128.0,1.0,1.0,1.0,1.0,40.0,16.0,1.0,1688734130.0,32668026.2,19706800000.0,125.04633333333332,3136.0,10.0,540672.0,5.516761080367421e+16
4096.0,64000.0,3136.0,64.0,3.0,34.0,42.0,22.0,5.0,2.0,6.0,1.0,3.0,2.0,6.0,2.0,6.0,4.0,6.0,2.0,4.0,6.0,1.0,3.0,4.0,4.0,2.0,1.0,3.0,1.0,2.0,5.0,512.0,256.0,1.0,1024.0,4.0,1.0,1.0,1.0,1.0,16.0,128.0,1.0,2.0,5.0,2.0,6.0,5.0,6.0,2.0,5.0,1.0,6.0,3.0,1.0,3.0,6.0,6.0,1.0,2.0,6.0,64.0,512.0,1.0,192.0,32.0,1.0,1.0,1.0,1.0,160.0,4.0,1.0,694604566.0,33352536.2,19706900000.0,126.70255555555556,3136.0,10.0,1441792.0,2.316682393220029e+16
512000.0,512000.0,3136.0,64.0,3.0,10.0,10.0,32.0,5.0,1.0,1.0,4.0,5.0,1.0,1.0,2.0,5.0,3.0,6.0,2.0,1.0,2.0,3.0,5.0,5.0,5.0,4.0,5.0,4.0,5.0,5.0,3.0,64.0,4096.0,1.0,2.0,64.0,1.0,1.0,1.0,1.0,64.0,32.0,1.0,2.0,1.0,2.0,2.0,4.0,1.0,3.0,6.0,5.0,3.0,1.0,3.0,4.0,6.0,6.0,3.0,1.0,1.0,2048.0,2.0,1.0,256.0,1.0,1.0,1.0,1.0,1.0,32.0,1.0,1.0,12852399445.0,35026405.0,19707000000.0,129.85677777777778,3136.0,10.0,2375680.0,4.501733481823452e+17
256000.0,1024000.0,3136.0,64.0,3.0,30.0,26.0,40.0,4.0,6.0,2.0,5.0,5.0,4.0,2.0,3.0,6.0,3.0,2.0,4.0,3.0,4.0,5.0,6.0,3.0,2.0,3.0,2.0,2.0,4.0,4.0,1.0,512.0,4096.0,1.0,64.0,64.0,1.0,1.0,1.0,1.0,2.0,2.0,1.0,1.0,3.0,3.0,4.0,2.0,5.0,5.0,1.0,1.0,5.0,2.0,6.0,6.0,2.0,4.0,4.0,5.0,5.0,8.0,2048.0,1.0,256.0,32.0,1.0,1.0,1.0,1.0,80.0,2.0,1.0,2737199540.0,33244948.0,19707000000.0,128.6928888888889,3136.0,10.0,2154496.0,9.099805637292392e+16
1024000.0,2048000.0,3136.0,64.0,3.0,22.0,12.0,32.0,3.0,6.0,3.0,3.0,1.0,6.0,5.0,3.0,4.0,1.0,4.0,5.0,3.0,4.0,6.0,6.0,3.0,6.0,2.0,4.0,3.0,4.0,1.0,4.0,128.0,8.0,1.0,512.0,2048.0,1.0,1.0,1.0,1.0,4.0,1.0,1.0,5.0,2.0,6.0,5.0,6.0,1.0,2.0,5.0,6.0,1.0,2.0,1.0,1.0,5.0,6.0,2.0,1.0,3.0,1.0,512.0,1.0,192.0,3072.0,1.0,1.0,1.0,1.0,160.0,64.0,1.0,3590728688.0,32779005.0,19707200000.0,132.74144444444443,3136.0,10.0,4292608.0,1.1770051361759544e+17
1024.0,128000.0,3136.0,64.0,3.0,30.0,6.0,2.0,1.0,5.0,6.0,4.0,2.0,1.0,2.0,6.0,4.0,5.0,2.0,5.0,6.0,4.0,6.0,1.0,3.0,3.0,6.0,4.0,1.0,6.0,1.0,1.0,256.0,1.0,1.0,2.0,16.0,1.0,1.0,1.0,1.0,1.0,8.0,1.0,5.0,3.0,5.0,1.0,2.0,5.0,4.0,6.0,2.0,6.0,5.0,2.0,2.0,4.0,3.0,4.0,3.0,4.0,4096.0,32.0,1.0,4.0,16.0,1.0,1.0,1.0,1.0,20.0,10.0,1.0,4366155000.0,41385696.0,19706800000.0,124.26877777777779,3136.0,10.0,295552.0,1.8069636351888e+17
32000.0,128000.0,3136.0,64.0,3.0,44.0,20.0,46.0,5.0,5.0,4.0,6.0,5.0,5.0,6.0,4.0,4.0,1.0,5.0,5.0,1.0,6.0,4.0,1.0,6.0,4.0,6.0,3.0,3.0,6.0,2.0,6.0,2048.0,32.0,1.0,32.0,128.0,1.0,1.0,1.0,1.0,1.0,16.0,1.0,1.0,2.0,3.0,5.0,6.0,6.0,2.0,4.0,6.0,3.0,2.0,6.0,5.0,5.0,5.0,4.0,1.0,3.0,64.0,64.0,1.0,384.0,3.0,1.0,1.0,1.0,1.0,64.0,20.0,1.0,2690179208.0,34409682.4,19706800000.0,125.23133333333332,3136.0,10.0,733184.0,9.256821214636354e+16
2048.0,8192000.0,3136.0,64.0,3.0,30.0,20.0,26.0,4.0,6.0,4.0,1.0,5.0,3.0,1.0,1.0,4.0,1.0,4.0,4.0,5.0,5.0,3.0,5.0,2.0,1.0,4.0,3.0,3.0,4.0,1.0,5.0,64.0,1024.0,1.0,4.0,1024.0,1.0,1.0,1.0,1.0,32.0,8.0,1.0,5.0,3.0,5.0,3.0,1.0,6.0,6.0,2.0,2.0,4.0,3.0,2.0,3.0,3.0,5.0,4.0,3.0,6.0,128.0,1024.0,1.0,64.0,24.0,1.0,1.0,1.0,1.0,5.0,160.0,1.0,7768456790.0,33283331.0,19707000000.0,128.01877777777779,3136.0,10.0,2228224.0,2.585601187007675e+17
8192.0,16000000.0,3136.0,64.0,3.0,28.0,16.0,40.0,1.0,3.0,4.0,2.0,5.0,1.0,4.0,6.0,1.0,6.0,6.0,6.0,5.0,2.0,5.0,3.0,2.0,5.0,6.0,1.0,6.0,5.0,1.0,1.0,2.0,4096.0,1.0,2048.0,1.0,1.0,1.0,1.0,1.0,128.0,8.0,1.0,1.0,6.0,1.0,4.0,6.0,5.0,4.0,1.0,2.0,5.0,6.0,1.0,4.0,4.0,4.0,1.0,4.0,2.0,8.0,128.0,1.0,384.0,48.0,1.0,1.0,1.0,1.0,40.0,5.0,1.0,2803127498.0,35312531.8,19708700000.0,152.0871111111111,3136.0,10.0,18350080.0,9.898552891257942e+16
64000.0,1024000.0,3136.0,64.0,3.0,44.0,18.0,40.0,3.0,1.0,5.0,3.0,5.0,6.0,3.0,2.0,2.0,3.0,2.0,3.0,6.0,5.0,2.0,5.0,3.0,2.0,1.0,6.0,3.0,2.0,4.0,3.0,16.0,16.0,1.0,1024.0,32.0,1.0,1.0,1.0,1.0,2.0,2.0,1.0,3.0,5.0,3.0,4.0,3.0,3.0,4.0,2.0,4.0,3.0,3.0,4.0,2.0,3.0,3.0,3.0,6.0,2.0,1024.0,256.0,1.0,32.0,3072.0,1.0,1.0,1.0,1.0,10.0,80.0,1.0,24432203126.0,39282420.0,19707500000.0,137.05488888888888,3136.0,10.0,6946816.0,9.597560647208449e+17
128.0,32000000.0,3136.0,64.0,3.0,28.0,18.0,2.0,3.0,6.0,6.0,1.0,2.0,5.0,2.0,6.0,3.0,5.0,4.0,5.0,5.0,2.0,6.0,6.0,4.0,4.0,4.0,1.0,1.0,2.0,5.0,1.0,4.0,4096.0,1.0,16.0,2048.0,1.0,1.0,1.0,1.0,1.0,1.0,1.0,5.0,6.0,1.0,1.0,1.0,6.0,4.0,2.0,6.0,5.0,5.0,4.0,3.0,5.0,2.0,1.0,3.0,5.0,2048.0,64.0,1.0,12.0,128.0,1.0,1.0,1.0,1.0,32.0,160.0,1.0,1214341641.0,33032451.8,19708500000.0,151.78511111111112,3136.0,10.0,16801792.0,4.011268172506541e+16
64000.0,2048000.0,3136.0,64.0,3.0,46.0,28.0,4.0,3.0,1.0,1.0,5.0,6.0,2.0,1.0,1.0,2.0,2.0,2.0,1.0,5.0,1.0,2.0,4.0,3.0,4.0,5.0,6.0,4.0,5.0,3.0,4.0,2048.0,4096.0,1.0,64.0,512.0,1.0,1.0,1.0,1.0,8.0,8.0,1.0,1.0,5.0,2.0,2.0,2.0,6.0,4.0,4.0,6.0,5.0,4.0,3.0,5.0,4.0,6.0,4.0,6.0,3.0,1024.0,64.0,1.0,256.0,32.0,1.0,1.0,1.0,1.0,320.0,5.0,1.0,1040343425.0,34565492.0,19707200000.0,132.80244444444443,3136.0,10.0,4268032.0,3.59599823340901e+16
256000.0,32000.0,3136.0,64.0,3.0,48.0,12.0,16.0,2.0,2.0,1.0,6.0,4.0,2.0,1.0,1.0,1.0,3.0,2.0,5.0,5.0,6.0,3.0,3.0,3.0,5.0,1.0,3.0,5.0,4.0,1.0,4.0,4.0,2048.0,1.0,2.0,512.0,1.0,1.0,1.0,1.0,32.0,8.0,1.0,4.0,1.0,5.0,5.0,2.0,2.0,2.0,6.0,3.0,4.0,4.0,1.0,2.0,2.0,2.0,1.0,6.0,4.0,2.0,512.0,1.0,1024.0,1024.0,1.0,1.0,1.0,1.0,160.0,2.0,1.0,1185254252.0,32644363.8,19707000000.0,131.79733333333334,3136.0,10.0,2752512.0,3.869187099778488e+16
64000.0,128000.0,3136.0,64.0,3.0,44.0,26.0,38.0,2.0,6.0,4.0,2.0,2.0,2.0,1.0,3.0,2.0,2.0,3.0,5.0,1.0,4.0,4.0,6.0,2.0,1.0,4.0,6.0,6.0,6.0,2.0,5.0,8.0,256.0,1.0,1.0,1.0,1.0,1.0,1.0,1.0,64.0,2.0,1.0,3.0,1.0,2.0,1.0,1.0,5.0,2.0,2.0,4.0,4.0,1.0,6.0,2.0,3.0,4.0,1.0,6.0,2.0,8.0,2048.0,1.0,2.0,512.0,1.0,1.0,1.0,1.0,160.0,1.0,1.0,5374675235.0,52210430.0,19707000000.0,129.3241111111111,3136.0,10.0,2916352.0,2.8061410512970106e+17
4096.0,16000000.0,3136.0,64.0,3.0,16.0,26.0,22.0,2.0,5.0,4.0,6.0,1.0,6.0,3.0,3.0,4.0,2.0,1.0,1.0,1.0,1.0,5.0,5.0,6.0,5.0,4.0,5.0,4.0,6.0,6.0,2.0,128.0,1024.0,1.0,8.0,32.0,1.0,1.0,1.0,1.0,128.0,64.0,1.0,4.0,6.0,2.0,3.0,1.0,3.0,2.0,6.0,6.0,6.0,5.0,4.0,4.0,1.0,2.0,5.0,6.0,1.0,1.0,2048.0,1.0,512.0,1536.0,1.0,1.0,1.0,1.0,8.0,80.0,1.0,774104217.0,32534638.0,19707600000.0,140.65311111111112,3136.0,10.0,8585216.0,2.518520047436845e+16
1024000.0,8192000.0,3136.0,64.0,3.0,26.0,26.0,6.0,4.0,2.0,3.0,6.0,4.0,4.0,1.0,6.0,4.0,1.0,4.0,6.0,2.0,2.0,3.0,1.0,5.0,3.0,2.0,6.0,3.0,4.0,1.0,1.0,128.0,1.0,1.0,4.0,32.0,1.0,1.0,1.0,1.0,16.0,128.0,1.0,1.0,6.0,1.0,2.0,5.0,4.0,3.0,4.0,4.0,3.0,3.0,3.0,1.0,5.0,4.0,1.0,2.0,6.0,512.0,128.0,1.0,768.0,1536.0,1.0,1.0,1.0,1.0,5.0,8.0,1.0,422082405.0,33657146.0,19707000000.0,128.02966666666669,3136.0,10.0,2228224.0,1.420608912911613e+16
256.0,32000.0,3136.0,64.0,3.0,8.0,12.0,8.0,3.0,4.0,2.0,5.0,1.0,2.0,3.0,3.0,6.0,1.0,6.0,1.0,2.0,5.0,5.0,5.0,5.0,6.0,4.0,4.0,4.0,4.0,4.0,5.0,1.0,16.0,1.0,256.0,1.0,1.0,1.0,1.0,1.0,32.0,8.0,1.0,2.0,2.0,5.0,1.0,3.0,6.0,5.0,4.0,1.0,6.0,6.0,5.0,6.0,2.0,1.0,5.0,1.0,2.0,4096.0,1024.0,1.0,3072.0,1024.0,1.0,1.0,1.0,1.0,80.0,16.0,1.0,1781566124.0,33634647.0,19709800000.0,180.8297777777778,3136.0,10.0,29753344.0,5.992234768789822e+16
2048000.0,64000.0,3136.0,64.0,3.0,46.0,44.0,4.0,5.0,4.0,1.0,4.0,4.0,6.0,6.0,3.0,3.0,3.0,6.0,5.0,1.0,2.0,5.0,6.0,1.0,1.0,6.0,1.0,1.0,5.0,4.0,1.0,2048.0,16.0,1.0,16.0,32.0,1.0,1.0,1.0,1.0,32.0,16.0,1.0,6.0,3.0,4.0,2.0,2.0,6.0,2.0,1.0,1.0,2.0,2.0,2.0,3.0,2.0,6.0,6.0,5.0,4.0,1.0,4096.0,1.0,256.0,1536.0,1.0,1.0,1.0,1.0,40.0,20.0,1.0,140815007.0,32985828.0,19708100000.0,149.06944444444443,3136.0,10.0,13033472.0,4644899600720796.0
2048000.0,32000000.0,3136.0,64.0,3.0,4.0,10.0,34.0,1.0,6.0,3.0,5.0,3.0,3.0,5.0,2.0,1.0,1.0,2.0,5.0,3.0,5.0,5.0,3.0,6.0,2.0,2.0,4.0,1.0,2.0,3.0,5.0,32.0,32.0,1.0,2048.0,1024.0,1.0,1.0,1.0,1.0,128.0,8.0,1.0,5.0,4.0,3.0,6.0,6.0,4.0,2.0,4.0,5.0,6.0,1.0,2.0,6.0,1.0,6.0,6.0,6.0,3.0,8.0,128.0,1.0,3072.0,1.0,1.0,1.0,1.0,1.0,8.0,80.0,1.0,2660015539.0,33714783.0,19707000000.0,130.1331111111111,3136.0,10.0,2834432.0,8.968184667401304e+16
16000.0,64000.0,3136.0,64.0,3.0,32.0,10.0,18.0,2.0,2.0,5.0,6.0,5.0,1.0,1.0,3.0,1.0,1.0,5.0,3.0,2.0,5.0,1.0,6.0,3.0,3.0,3.0,5.0,1.0,4.0,2.0,3.0,128.0,16.0,1.0,4.0,2.0,1.0,1.0,1.0,1.0,8.0,16.0,1.0,4.0,4.0,2.0,6.0,3.0,5.0,1.0,2.0,1.0,4.0,5.0,2.0,6.0,5.0,3.0,5.0,1.0,3.0,8.0,32.0,1.0,32.0,32.0,1.0,1.0,1.0,1.0,32.0,2.0,1.0,2556293164.0,39541610.0,19706700000.0,123.81911111111111,3136.0,10.0,43008.0,1.0107994733655405e+17
128.0,2048000.0,3136.0,64.0,3.0,44.0,46.0,24.0,1.0,4.0,1.0,4.0,5.0,1.0,5.0,5.0,6.0,3.0,1.0,4.0,2.0,5.0,5.0,1.0,3.0,6.0,6.0,6.0,3.0,2.0,5.0,6.0,1024.0,128.0,1.0,8.0,4.0,1.0,1.0,1.0,1.0,1.0,8.0,1.0,2.0,5.0,4.0,5.0,3.0,6.0,1.0,1.0,5.0,4.0,1.0,6.0,3.0,1.0,2.0,1.0,6.0,4.0,32.0,1.0,1.0,24.0,8.0,1.0,1.0,1.0,1.0,20.0,5.0,1.0,5003083805.0,45632850.0,19706700000.0,123.74088888888889,3136.0,10.0,32896.0,2.2830497281099424e+17
2048000.0,32000.0,3136.0,64.0,3.0,20.0,6.0,26.0,4.0,1.0,5.0,2.0,5.0,1.0,6.0,3.0,1.0,1.0,6.0,5.0,2.0,4.0,3.0,6.0,5.0,6.0,6.0,2.0,2.0,4.0,6.0,1.0,1.0,2.0,1.0,256.0,4.0,1.0,1.0,1.0,1.0,2.0,4.0,1.0,1.0,6.0,4.0,6.0,3.0,4.0,3.0,6.0,1.0,2.0,1.0,4.0,2.0,2.0,6.0,4.0,1.0,1.0,4.0,2.0,1.0,12.0,768.0,1.0,1.0,1.0,1.0,320.0,80.0,1.0,5851074574.0,63358810.0,19706800000.0,124.64677777777779,3136.0,10.0,500224.0,3.7071712222989696e+17
1024000.0,32000.0,3136.0,64.0,3.0,22.0,36.0,42.0,6.0,1.0,1.0,1.0,1.0,1.0,6.0,3.0,2.0,4.0,5.0,5.0,6.0,2.0,6.0,3.0,5.0,2.0,5.0,6.0,6.0,1.0,2.0,3.0,4.0,4096.0,1.0,512.0,512.0,1.0,1.0,1.0,1.0,1.0,128.0,1.0,4.0,6.0,1.0,6.0,5.0,2.0,3.0,6.0,2.0,3.0,1.0,1.0,2.0,3.0,6.0,5.0,4.0,5.0,16.0,1.0,1.0,8.0,256.0,1.0,1.0,1.0,1.0,20.0,32.0,1.0,4613126447.0,38073451.8,19707300000.0,131.98966666666666,3136.0,10.0,5373952.0,1.7563764742715974e+17
8192.0,256000.0,3136.0,64.0,3.0,38.0,44.0,28.0,2.0,1.0,6.0,2.0,4.0,6.0,3.0,1.0,2.0,1.0,1.0,3.0,2.0,1.0,6.0,5.0,3.0,2.0,1.0,1.0,2.0,5.0,6.0,3.0,256.0,8.0,1.0,8.0,4.0,1.0,1.0,1.0,1.0,2.0,4.0,1.0,5.0,3.0,6.0,2.0,2.0,4.0,4.0,6.0,2.0,3.0,2.0,1.0,3.0,2.0,3.0,6.0,3.0,2.0,2.0,512.0,1.0,16.0,192.0,1.0,1.0,1.0,1.0,2.0,64.0,1.0,24809835862.0,35485768.0,19706800000.0,124.24222222222222,3136.0,10.0,286720.0,8.80396079517012e+17
16000.0,64000.0,3136.0,64.0,3.0,6.0,32.0,34.0,2.0,2.0,2.0,2.0,1.0,4.0,5.0,2.0,4.0,5.0,6.0,6.0,6.0,1.0,2.0,6.0,6.0,6.0,6.0,2.0,1.0,1.0,3.0,3.0,2.0,32.0,1.0,32.0,32.0,1.0,1.0,1.0,1.0,1.0,16.0,1.0,5.0,1.0,4.0,5.0,1.0,4.0,5.0,4.0,3.0,5.0,4.0,4.0,3.0,1.0,2.0,2.0,2.0,2.0,64.0,2.0,1.0,768.0,64.0,1.0,1.0,1.0,1.0,8.0,160.0,1.0,31028323.0,35683586.0,19706800000.0,124.38811111111112,3136.0,10.0,364544.0,1107201832206278.0
1024.0,256000.0,3136.0,64.0,3.0,28.0,2.0,12.0,5.0,3.0,5.0,2.0,5.0,4.0,5.0,1.0,3.0,4.0,4.0,4.0,5.0,2.0,4.0,4.0,6.0,5.0,1.0,4.0,1.0,5.0,3.0,3.0,32.0,64.0,1.0,64.0,1.0,1.0,1.0,1.0,1.0,128.0,32.0,1.0,4.0,2.0,1.0,6.0,2.0,1.0,6.0,5.0,4.0,6.0,4.0,1.0,3.0,6.0,4.0,5.0,5.0,5.0,2048.0,4.0,1.0,384.0,128.0,1.0,1.0,1.0,1.0,16.0,32.0,1.0,10134737052.0,34752891.8,19707100000.0,132.6987777777778,3136.0,10.0,3432448.0,3.522114201896069e+17
1024000.0,4096000.0,3136.0,64.0,3.0,26.0,10.0,38.0,6.0,6.0,1.0,2.0,3.0,5.0,5.0,3.0,2.0,6.0,4.0,1.0,5.0,6.0,4.0,6.0,1.0,1.0,4.0,1.0,2.0,2.0,4.0,4.0,16.0,4096.0,1.0,512.0,2.0,1.0,1.0,1.0,1.0,4.0,128.0,1.0,4.0,3.0,1.0,4.0,1.0,6.0,6.0,5.0,5.0,5.0,2.0,2.0,6.0,6.0,4.0,3.0,6.0,3.0,1024.0,2.0,1.0,1024.0,24.0,1.0,1.0,1.0,1.0,40.0,40.0,1.0,251320510.0,33840061.8,19707700000.0,148.78633333333335,3136.0,10.0,8798208.0,8504701590007517.0
128000.0,512000.0,3136.0,64.0,3.0,30.0,48.0,48.0,6.0,2.0,3.0,3.0,1.0,4.0,1.0,1.0,6.0,6.0,1.0,1.0,4.0,2.0,2.0,4.0,3.0,1.0,1.0,2.0,4.0,6.0,4.0,3.0,4.0,2048.0,1.0,16.0,16.0,1.0,1.0,1.0,1.0,16.0,128.0,1.0,5.0,2.0,1.0,1.0,6.0,6.0,2.0,2.0,4.0,4.0,6.0,3.0,5.0,3.0,5.0,5.0,1.0,1.0,1024.0,32.0,1.0,4.0,3072.0,1.0,1.0,1.0,1.0,20.0,320.0,1.0,24439692084.0,32560183.8,19707700000.0,141.677,3136.0,10.0,8912896.0,7.95760866270445e+17
256000.0,16000000.0,3136.0,64.0,3.0,4.0,36.0,36.0,3.0,6.0,2.0,6.0,5.0,5.0,3.0,1.0,2.0,4.0,2.0,3.0,2.0,6.0,5.0,2.0,3.0,3.0,4.0,1.0,5.0,3.0,1.0,6.0,1024.0,64.0,1.0,1.0,2048.0,1.0,1.0,1.0,1.0,1.0,2.0,1.0,1.0,2.0,6.0,3.0,5.0,6.0,6.0,3.0,3.0,6.0,1.0,4.0,5.0,3.0,3.0,2.0,1.0,1.0,512.0,2048.0,1.0,192.0,48.0,1.0,1.0,1.0,1.0,16.0,8.0,1.0,2576887707.0,38910837.0,19707200000.0,131.93411111111112,3136.0,10.0,4218880.0,1.0026885753438075e+17
1024000.0,16000.0,3136.0,64.0,3.0,4.0,20.0,48.0,3.0,1.0,3.0,2.0,1.0,2.0,6.0,5.0,2.0,1.0,2.0,6.0,5.0,4.0,3.0,3.0,2.0,5.0,6.0,5.0,3.0,3.0,4.0,6.0,256.0,8.0,1.0,1024.0,2.0,1.0,1.0,1.0,1.0,128.0,16.0,1.0,1.0,3.0,1.0,4.0,2.0,2.0,3.0,4.0,6.0,4.0,3.0,6.0,5.0,1.0,1.0,4.0,2.0,2.0,1.0,4096.0,1.0,4.0,3072.0,1.0,1.0,1.0,1.0,320.0,4.0,1.0,23007877932.0,32515022.1,19709800000.0,183.82533333333333,3136.0,10.0,29753344.0,7.481016594330824e+17
2048.0,16000000.0,3136.0,64.0,3.0,46.0,16.0,22.0,4.0,5.0,4.0,3.0,4.0,4.0,6.0,3.0,3.0,6.0,5.0,5.0,6.0,4.0,5.0,2.0,2.0,6.0,4.0,1.0,4.0,1.0,2.0,6.0,512.0,1024.0,1.0,32.0,1024.0,1.0,1.0,1.0,1.0,8.0,2.0,1.0,4.0,5.0,6.0,1.0,2.0,6.0,6.0,3.0,4.0,6.0,5.0,4.0,5.0,1.0,2.0,3.0,3.0,2.0,4096.0,4096.0,1.0,3072.0,128.0,1.0,1.0,1.0,1.0,40.0,32.0,1.0,1744977821.0,33667005.0,19709400000.0,186.00533333333334,3136.0,10.0,25739264.0,5.8748177024496104e+16
128.0,4096000.0,3136.0,64.0,3.0,38.0,32.0,28.0,6.0,4.0,4.0,2.0,3.0,2.0,5.0,2.0,1.0,1.0,2.0,4.0,4.0,5.0,5.0,2.0,5.0,1.0,5.0,1.0,3.0,3.0,3.0,5.0,1.0,2048.0,1.0,2.0,2.0,1.0,1.0,1.0,1.0,2.0,32.0,1.0,6.0,2.0,2.0,2.0,6.0,1.0,3.0,2.0,3.0,1.0,3.0,6.0,6.0,3.0,3.0,1.0,1.0,5.0,2048.0,4096.0,1.0,512.0,384.0,1.0,1.0,1.0,1.0,160.0,32.0,1.0,17783891874.0,40076690.0,19707300000.0,134.97611111111112,3136.0,10.0,5668864.0,7.127195216278171e+17
512000.0,4096000.0,3136.0,64.0,3.0,34.0,20.0,42.0,4.0,6.0,5.0,1.0,5.0,5.0,5.0,3.0,4.0,4.0,1.0,2.0,3.0,2.0,6.0,2.0,3.0,4.0,3.0,5.0,5.0,2.0,4.0,4.0,16.0,32.0,1.0,256.0,4.0,1.0,1.0,1.0,1.0,4.0,8.0,1.0,3.0,2.0,6.0,3.0,6.0,3.0,5.0,4.0,1.0,6.0,5.0,2.0,3.0,4.0,3.0,1.0,2.0,1.0,64.0,2048.0,1.0,128.0,48.0,1.0,1.0,1.0,1.0,5.0,1.0,1.0,9196549567.0,52571626.0,19706800000.0,124.76211111111111,3136.0,10.0,546048.0,4.834775643267859e+17
4096.0,2048000.0,3136.0,64.0,3.0,42.0,6.0,30.0,6.0,2.0,3.0,5.0,5.0,4.0,1.0,6.0,2.0,1.0,2.0,2.0,1.0,2.0,6.0,4.0,6.0,4.0,1.0,5.0,3.0,3.0,2.0,2.0,32.0,2048.0,1.0,128.0,4.0,1.0,1.0,1.0,1.0,32.0,16.0,1.0,3.0,4.0,2.0,1.0,6.0,4.0,5.0,5.0,4.0,3.0,1.0,2.0,4.0,4.0,1.0,4.0,2.0,5.0,64.0,64.0,1.0,768.0,512.0,1.0,1.0,1.0,1.0,8.0,5.0,1.0,898680074.0,32682047.2,19706900000.0,128.96522222222222,3136.0,10.0,1700864.0,2.9370704596167492e+16
8192.0,16000000.0,3136.0,64.0,3.0,20.0,30.0,14.0,3.0,6.0,6.0,5.0,1.0,6.0,4.0,6.0,6.0,6.0,1.0,3.0,4.0,3.0,1.0,5.0,2.0,1.0,3.0,4.0,2.0,4.0,2.0,5.0,4096.0,4.0,1.0,2.0,16.0,1.0,1.0,1.0,1.0,1.0,128.0,1.0,4.0,6.0,6.0,3.0,4.0,4.0,1.0,3.0,5.0,1.0,1.0,2.0,2.0,5.0,6.0,5.0,5.0,6.0,1.0,2.0,1.0,12.0,8.0,1.0,1.0,1.0,1.0,4.0,1.0,1.0,15040775417.0,83228341.8,19706900000.0,125.49866666666667,3136.0,10.0,1183744.0,1.2518187973431135e+18
2048000.0,1024000.0,3136.0,64.0,3.0,24.0,28.0,42.0,4.0,3.0,2.0,6.0,1.0,5.0,2.0,5.0,6.0,3.0,1.0,1.0,1.0,6.0,3.0,3.0,3.0,6.0,1.0,6.0,2.0,4.0,6.0,4.0,256.0,32.0,1.0,64.0,1.0,1.0,1.0,1.0,1.0,32.0,16.0,1.0,2.0,4.0,5.0,1.0,4.0,3.0,5.0,2.0,3.0,1.0,2.0,3.0,2.0,2.0,2.0,4.0,1.0,4.0,1024.0,2.0,1.0,24.0,1024.0,1.0,1.0,1.0,1.0,64.0,80.0,1.0,2579675187.0,33116388.0,19707000000.0,129.07188888888888,3136.0,10.0,2752512.0,8.542952440666456e+16
2048000.0,256000.0,3136.0,64.0,3.0,4.0,34.0,48.0,6.0,2.0,1.0,6.0,5.0,2.0,2.0,2.0,6.0,4.0,6.0,4.0,1.0,3.0,4.0,3.0,6.0,2.0,5.0,4.0,2.0,6.0,6.0,3.0,8.0,1.0,1.0,64.0,2048.0,1.0,1.0,1.0,1.0,128.0,128.0,1.0,4.0,1.0,1.0,2.0,6.0,4.0,3.0,2.0,3.0,3.0,4.0,2.0,6.0,6.0,5.0,5.0,1.0,4.0,64.0,2048.0,1.0,8.0,1024.0,1.0,1.0,1.0,1.0,8.0,5.0,1.0,10210908658.0,42314402.0,19707200000.0,132.67366666666666,3136.0,10.0,4243456.0,4.3206849373989254e+17
512000.0,32000.0,3136.0,64.0,3.0,8.0,22.0,40.0,1.0,3.0,1.0,5.0,3.0,1.0,2.0,5.0,6.0,1.0,4.0,3.0,2.0,2.0,4.0,2.0,3.0,1.0,4.0,1.0,5.0,3.0,2.0,3.0,1024.0,8.0,1.0,8.0,16.0,1.0,1.0,1.0,1.0,2.0,2.0,1.0,4.0,5.0,6.0,5.0,5.0,2.0,3.0,1.0,1.0,5.0,1.0,1.0,1.0,5.0,6.0,2.0,2.0,2.0,16.0,4096.0,1.0,64.0,1024.0,1.0,1.0,1.0,1.0,5.0,8.0,1.0,1184527305.0,33790070.0,19707600000.0,140.30177777777777,3136.0,10.0,8634368.0,4.002526055286135e+16
256000.0,32000.0,3136.0,64.0,3.0,28.0,34.0,2.0,2.0,5.0,3.0,2.0,4.0,3.0,3.0,5.0,1.0,5.0,4.0,4.0,6.0,2.0,1.0,3.0,5.0,2.0,4.0,4.0,5.0,1.0,5.0,4.0,16.0,32.0,1.0,256.0,64.0,1.0,1.0,1.0,1.0,2.0,4.0,1.0,3.0,6.0,6.0,6.0,2.0,2.0,4.0,6.0,4.0,1.0,5.0,2.0,1.0,4.0,5.0,2.0,2.0,2.0,32.0,4096.0,1.0,512.0,192.0,1.0,1.0,1.0,1.0,32.0,2.0,1.0,8624895223.0,38082770.0,19707200000.0,132.31633333333335,3136.0,10.0,4489216.0,3.284599010516077e+17
256000.0,128000.0,3136.0,64.0,3.0,26.0,4.0,28.0,2.0,1.0,1.0,5.0,3.0,2.0,1.0,6.0,3.0,4.0,5.0,6.0,3.0,4.0,4.0,5.0,4.0,4.0,6.0,4.0,6.0,2.0,2.0,1.0,2.0,8.0,1.0,1.0,64.0,1.0,1.0,1.0,1.0,16.0,1.0,1.0,1.0,1.0,3.0,3.0,6.0,6.0,5.0,2.0,5.0,6.0,4.0,6.0,1.0,3.0,3.0,4.0,6.0,6.0,32.0,8.0,1.0,24.0,192.0,1.0,1.0,1.0,1.0,5.0,16.0,1.0,714418210.0,37760763.0,19706800000.0,124.0111111111111,3136.0,10.0,155648.0,2.697697671069423e+16
128000.0,2048000.0,3136.0,64.0,3.0,48.0,34.0,26.0,3.0,1.0,3.0,3.0,5.0,6.0,3.0,4.0,6.0,5.0,4.0,2.0,5.0,1.0,1.0,6.0,1.0,1.0,5.0,3.0,2.0,1.0,3.0,5.0,64.0,512.0,1.0,32.0,256.0,1.0,1.0,1.0,1.0,64.0,8.0,1.0,5.0,1.0,2.0,4.0,1.0,2.0,1.0,3.0,3.0,3.0,3.0,3.0,3.0,1.0,3.0,5.0,5.0,3.0,256.0,16.0,1.0,64.0,256.0,1.0,1.0,1.0,1.0,10.0,40.0,1.0,24429863249.0,34906436.0,19706800000.0,124.56588888888889,3136.0,10.0,360448.0,8.527594579899706e+17
512.0,64000.0,3136.0,64.0,3.0,34.0,6.0,10.0,2.0,4.0,4.0,1.0,4.0,5.0,4.0,4.0,2.0,3.0,2.0,4.0,4.0,5.0,5.0,4.0,6.0,6.0,1.0,6.0,5.0,5.0,5.0,6.0,16.0,16.0,1.0,256.0,256.0,1.0,1.0,1.0,1.0,128.0,1.0,1.0,2.0,2.0,4.0,4.0,1.0,1.0,2.0,1.0,3.0,5.0,4.0,3.0,6.0,6.0,4.0,4.0,4.0,4.0,8.0,1.0,1.0,1024.0,64.0,1.0,1.0,1.0,1.0,320.0,160.0,1.0,8070757916.0,44387786.0,19706800000.0,125.09977777777777,3136.0,10.0,676864.0,3.5824307523321395e+17
512.0,1024000.0,3136.0,64.0,3.0,12.0,34.0,34.0,2.0,1.0,5.0,5.0,6.0,2.0,6.0,4.0,2.0,4.0,2.0,4.0,1.0,5.0,3.0,1.0,4.0,4.0,5.0,4.0,4.0,1.0,4.0,4.0,512.0,1024.0,1.0,8.0,1024.0,1.0,1.0,1.0,1.0,2.0,8.0,1.0,3.0,2.0,2.0,5.0,4.0,2.0,5.0,6.0,5.0,3.0,4.0,3.0,1.0,3.0,4.0,3.0,2.0,3.0,1024.0,512.0,1.0,12.0,3072.0,1.0,1.0,1.0,1.0,2.0,5.0,1.0,14228339173.0,46221391.8,19707400000.0,139.086,3136.0,10.0,6332416.0,6.57653639578521e+17
1024.0,128000.0,3136.0,64.0,3.0,24.0,14.0,4.0,4.0,6.0,5.0,2.0,2.0,6.0,4.0,3.0,6.0,2.0,2.0,4.0,1.0,5.0,5.0,6.0,1.0,2.0,3.0,1.0,5.0,6.0,4.0,2.0,1024.0,2.0,1.0,4.0,512.0,1.0,1.0,1.0,1.0,32.0,32.0,1.0,3.0,4.0,5.0,2.0,6.0,5.0,5.0,6.0,1.0,1.0,2.0,3.0,2.0,4.0,1.0,6.0,6.0,6.0,512.0,4096.0,1.0,4.0,12.0,1.0,1.0,1.0,1.0,64.0,160.0,1.0,7047838253.0,36362937.2,19706900000.0,128.15,3136.0,10.0,1412864.0,2.5628009978959674e+17
4096.0,8192000.0,3136.0,64.0,3.0,46.0,30.0,22.0,1.0,2.0,2.0,1.0,3.0,4.0,3.0,6.0,1.0,1.0,6.0,1.0,4.0,1.0,2.0,5.0,4.0,6.0,1.0,6.0,5.0,3.0,2.0,3.0,4096.0,128.0,1.0,512.0,8.0,1.0,1.0,1.0,1.0,16.0,4.0,1.0,6.0,5.0,5.0,5.0,1.0,4.0,5.0,4.0,4.0,6.0,6.0,3.0,2.0,1.0,6.0,6.0,2.0,2.0,2048.0,32.0,1.0,256.0,16.0,1.0,1.0,1.0,1.0,20.0,160.0,1.0,1798181256.0,32704732.6,19707200000.0,133.76311111111113,3136.0,10.0,4341760.0,5.880903714381215e+16
8192.0,256000.0,3136.0,64.0,3.0,40.0,8.0,42.0,1.0,6.0,2.0,6.0,2.0,6.0,6.0,3.0,3.0,6.0,5.0,4.0,6.0,6.0,2.0,2.0,5.0,5.0,4.0,4.0,2.0,5.0,6.0,1.0,64.0,1.0,1.0,2.0,16.0,1.0,1.0,1.0,1.0,32.0,32.0,1.0,6.0,4.0,5.0,2.0,5.0,1.0,5.0,4.0,5.0,1.0,2.0,1.0,3.0,1.0,6.0,3.0,4.0,2.0,256.0,2048.0,1.0,6.0,64.0,1.0,1.0,1.0,1.0,16.0,4.0,1.0,702678740.0,33571499.0,19706800000.0,125.386,3136.0,10.0,870400.0,2.358997861723126e+16
256.0,512000.0,3136.0,64.0,3.0,48.0,36.0,12.0,4.0,5.0,4.0,3.0,1.0,5.0,6.0,1.0,2.0,2.0,1.0,5.0,2.0,3.0,4.0,1.0,1.0,1.0,2.0,2.0,5.0,1.0,2.0,6.0,4.0,2.0,1.0,4.0,32.0,1.0,1.0,1.0,1.0,1.0,16.0,1.0,4.0,3.0,1.0,3.0,6.0,6.0,2.0,1.0,1.0,3.0,1.0,1.0,5.0,4.0,5.0,6.0,2.0,5.0,128.0,128.0,1.0,3.0,192.0,1.0,1.0,1.0,1.0,32.0,64.0,1.0,1201796155.0,39176150.0,19706800000.0,123.858,3136.0,10.0,90112.0,4.708174643770325e+16
4096.0,4096000.0,3136.0,64.0,3.0,16.0,44.0,42.0,2.0,1.0,3.0,4.0,2.0,2.0,2.0,6.0,6.0,3.0,2.0,2.0,4.0,5.0,4.0,5.0,4.0,2.0,5.0,5.0,2.0,1.0,3.0,2.0,8.0,4096.0,1.0,1024.0,4.0,1.0,1.0,1.0,1.0,1.0,64.0,1.0,6.0,5.0,6.0,1.0,1.0,5.0,6.0,1.0,3.0,2.0,5.0,6.0,5.0,4.0,3.0,6.0,2.0,1.0,64.0,1024.0,1.0,12.0,16.0,1.0,1.0,1.0,1.0,320.0,10.0,1.0,1360810094.0,32560583.8,19707700000.0,138.88944444444445,3136.0,10.0,9043968.0,4.430877110157288e+16
32000.0,8192000.0,3136.0,64.0,3.0,46.0,48.0,46.0,1.0,3.0,5.0,5.0,1.0,3.0,2.0,2.0,5.0,5.0,1.0,2.0,1.0,4.0,6.0,6.0,6.0,3.0,2.0,5.0,3.0,1.0,2.0,2.0,16.0,4.0,1.0,256.0,1.0,1.0,1.0,1.0,1.0,2.0,2.0,1.0,4.0,4.0,4.0,1.0,6.0,1.0,2.0,5.0,3.0,3.0,6.0,1.0,4.0,4.0,6.0,2.0,5.0,6.0,2048.0,2048.0,1.0,2.0,48.0,1.0,1.0,1.0,1.0,320.0,1.0,1.0,952756029.0,43518390.0,19706900000.0,126.645,3136.0,10.0,1538048.0,4.146240844487331e+16
512.0,2048000.0,3136.0,64.0,3.0,34.0,12.0,40.0,6.0,2.0,1.0,6.0,1.0,6.0,4.0,4.0,2.0,6.0,2.0,4.0,1.0,1.0,1.0,3.0,3.0,1.0,6.0,1.0,6.0,5.0,3.0,4.0,64.0,2.0,1.0,512.0,8.0,1.0,1.0,1.0,1.0,1.0,128.0,1.0,5.0,2.0,6.0,6.0,2.0,1.0,4.0,1.0,6.0,2.0,2.0,1.0,6.0,3.0,5.0,1.0,4.0,5.0,16.0,64.0,1.0,1536.0,24.0,1.0,1.0,1.0,1.0,320.0,1.0,1.0,4226074318.0,32747862.3,19707000000.0,129.25377777777777,3136.0,10.0,2408448.0,1.3839489983543042e+17
128000.0,2048000.0,3136.0,64.0,3.0,24.0,26.0,48.0,6.0,2.0,2.0,3.0,5.0,1.0,3.0,6.0,1.0,3.0,2.0,2.0,3.0,2.0,1.0,4.0,6.0,2.0,3.0,3.0,3.0,1.0,5.0,2.0,2.0,16.0,1.0,2.0,128.0,1.0,1.0,1.0,1.0,4.0,32.0,1.0,2.0,6.0,3.0,1.0,5.0,2.0,4.0,4.0,3.0,3.0,1.0,4.0,5.0,5.0,3.0,6.0,2.0,6.0,1.0,64.0,1.0,6.0,768.0,1.0,1.0,1.0,1.0,160.0,10.0,1.0,3389031878.0,33950109.0,19706800000.0,124.63811111111112,3136.0,10.0,483328.0,1.150580016625747e+17
8192.0,2048000.0,3136.0,64.0,3.0,14.0,12.0,46.0,2.0,5.0,3.0,3.0,5.0,3.0,2.0,6.0,6.0,2.0,6.0,3.0,2.0,1.0,6.0,4.0,3.0,3.0,2.0,5.0,4.0,1.0,4.0,3.0,16.0,2.0,1.0,128.0,4.0,1.0,1.0,1.0,1.0,2.0,2.0,1.0,6.0,4.0,6.0,6.0,4.0,1.0,1.0,4.0,6.0,1.0,5.0,3.0,1.0,2.0,6.0,2.0,1.0,4.0,16.0,1.0,1.0,768.0,24.0,1.0,1.0,1.0,1.0,160.0,320.0,1.0,2316801058.0,39148715.0,19706800000.0,124.699,3136.0,10.0,526336.0,9.069978433134046e+16
4096.0,32000000.0,3136.0,64.0,3.0,46.0,8.0,24.0,1.0,6.0,3.0,4.0,3.0,2.0,4.0,2.0,1.0,5.0,5.0,1.0,3.0,6.0,3.0,5.0,1.0,6.0,6.0,2.0,2.0,5.0,4.0,3.0,32.0,64.0,1.0,8.0,2048.0,1.0,1.0,1.0,1.0,1.0,16.0,1.0,1.0,1.0,2.0,2.0,3.0,2.0,2.0,1.0,2.0,4.0,1.0,5.0,5.0,5.0,6.0,2.0,3.0,5.0,8.0,1024.0,1.0,768.0,192.0,1.0,1.0,1.0,1.0,8.0,1.0,1.0,444852557.0,33379861.0,19707000000.0,128.808,3136.0,10.0,2031616.0,1.4849116518154576e+16
8192.0,8192000.0,3136.0,64.0,3.0,46.0,10.0,18.0,5.0,1.0,6.0,2.0,6.0,4.0,6.0,3.0,3.0,1.0,2.0,3.0,1.0,1.0,2.0,6.0,3.0,4.0,6.0,6.0,3.0,3.0,4.0,4.0,2048.0,2.0,1.0,16.0,4.0,1.0,1.0,1.0,1.0,8.0,8.0,1.0,1.0,6.0,3.0,4.0,4.0,5.0,4.0,1.0,6.0,5.0,2.0,1.0,2.0,5.0,5.0,4.0,2.0,2.0,128.0,1024.0,1.0,16.0,256.0,1.0,1.0,1.0,1.0,2.0,4.0,1.0,21278461161.0,51163173.0,19706800000.0,124.85855555555557,3136.0,10.0,534528.0,1.0886735895540238e+18
4096.0,8192000.0,3136.0,64.0,3.0,40.0,18.0,20.0,5.0,2.0,1.0,3.0,5.0,6.0,1.0,1.0,5.0,5.0,2.0,6.0,6.0,5.0,6.0,6.0,2.0,5.0,4.0,2.0,6.0,3.0,1.0,2.0,256.0,2.0,1.0,2.0,32.0,1.0,1.0,1.0,1.0,32.0,64.0,1.0,2.0,5.0,6.0,1.0,1.0,6.0,5.0,5.0,3.0,2.0,4.0,1.0,4.0,5.0,3.0,6.0,3.0,5.0,2048.0,256.0,1.0,128.0,192.0,1.0,1.0,1.0,1.0,40.0,32.0,1.0,270681112.0,33160373.0,19706800000.0,125.61588888888889,3136.0,10.0,965632.0,8975886637974776.0
1024000.0,2048000.0,3136.0,64.0,3.0,40.0,32.0,44.0,2.0,1.0,4.0,5.0,2.0,4.0,5.0,1.0,3.0,4.0,1.0,6.0,5.0,5.0,6.0,5.0,6.0,5.0,1.0,3.0,6.0,4.0,4.0,4.0,128.0,1024.0,1.0,512.0,1024.0,1.0,1.0,1.0,1.0,128.0,16.0,1.0,5.0,1.0,5.0,2.0,6.0,1.0,1.0,3.0,5.0,5.0,5.0,6.0,5.0,6.0,6.0,4.0,2.0,6.0,16.0,8.0,1.0,1024.0,32.0,1.0,1.0,1.0,1.0,8.0,10.0,1.0,14369228994.0,40758298.0,19707000000.0,127.84533333333333,3136.0,10.0,2621440.0,5.856653173676922e+17
512.0,2048000.0,3136.0,64.0,3.0,4.0,10.0,16.0,3.0,5.0,1.0,1.0,2.0,4.0,1.0,6.0,1.0,5.0,5.0,2.0,2.0,3.0,1.0,4.0,2.0,5.0,3.0,2.0,6.0,2.0,6.0,1.0,1.0,64.0,1.0,256.0,1024.0,1.0,1.0,1.0,1.0,2.0,8.0,1.0,4.0,2.0,5.0,5.0,3.0,3.0,4.0,1.0,2.0,6.0,1.0,5.0,4.0,1.0,4.0,3.0,5.0,5.0,1.0,4.0,1.0,32.0,6.0,1.0,1.0,1.0,1.0,80.0,1.0,1.0,5167259741.0,57486014.0,19706800000.0,123.92222222222222,3136.0,10.0,148480.0,2.970451658127624e+17
8192.0,8192000.0,3136.0,64.0,3.0,34.0,2.0,10.0,3.0,1.0,2.0,2.0,3.0,4.0,1.0,1.0,4.0,6.0,6.0,6.0,6.0,5.0,2.0,5.0,6.0,2.0,1.0,2.0,6.0,6.0,6.0,2.0,8.0,512.0,1.0,32.0,1024.0,1.0,1.0,1.0,1.0,16.0,32.0,1.0,5.0,6.0,5.0,5.0,2.0,2.0,6.0,3.0,3.0,3.0,3.0,4.0,5.0,1.0,3.0,5.0,2.0,4.0,128.0,512.0,1.0,1536.0,1.0,1.0,1.0,1.0,1.0,1.0,1.0,1.0,12253674144.0,33141751.0,19706900000.0,128.47222222222223,3136.0,10.0,1581056.0,4.061082173155862e+17
1024000.0,64000.0,3136.0,64.0,3.0,4.0,20.0,12.0,5.0,4.0,2.0,1.0,2.0,4.0,6.0,4.0,4.0,3.0,3.0,4.0,4.0,2.0,3.0,6.0,5.0,5.0,5.0,3.0,6.0,3.0,5.0,1.0,16.0,256.0,1.0,128.0,2.0,1.0,1.0,1.0,1.0,4.0,1.0,1.0,6.0,3.0,6.0,3.0,5.0,1.0,5.0,1.0,6.0,4.0,6.0,5.0,1.0,3.0,4.0,5.0,3.0,1.0,256.0,1024.0,1.0,768.0,6.0,1.0,1.0,1.0,1.0,8.0,80.0,1.0,309363400.0,32706964.0,19707500000.0,138.58244444444443,3136.0,10.0,7069696.0,1.01183375867176e+16
64000.0,4096000.0,3136.0,64.0,3.0,26.0,36.0,4.0,3.0,3.0,1.0,4.0,6.0,5.0,4.0,4.0,3.0,4.0,5.0,5.0,4.0,6.0,4.0,5.0,4.0,1.0,6.0,3.0,4.0,3.0,4.0,3.0,2048.0,4096.0,1.0,16.0,2048.0,1.0,1.0,1.0,1.0,8.0,64.0,1.0,6.0,5.0,2.0,5.0,6.0,4.0,4.0,5.0,3.0,6.0,6.0,2.0,1.0,4.0,6.0,4.0,3.0,1.0,1.0,16.0,1.0,512.0,6.0,1.0,1.0,1.0,1.0,10.0,40.0,1.0,9465060267.0,37989001.8,19708600000.0,150.72633333333334,3136.0,10.0,17563648.0,3.5956819152017146e+17
32000.0,16000000.0,3136.0,64.0,3.0,30.0,30.0,36.0,6.0,5.0,4.0,4.0,3.0,2.0,6.0,4.0,4.0,6.0,6.0,5.0,3.0,5.0,5.0,1.0,6.0,2.0,4.0,2.0,1.0,6.0,1.0,3.0,128.0,2.0,1.0,64.0,128.0,1.0,1.0,1.0,1.0,8.0,16.0,1.0,2.0,1.0,1.0,3.0,1.0,1.0,2.0,2.0,2.0,4.0,1.0,4.0,1.0,1.0,6.0,2.0,2.0,1.0,512.0,1024.0,1.0,1536.0,256.0,1.0,1.0,1.0,1.0,64.0,320.0,1.0,2752531745.0,33608554.0,19707600000.0,140.25755555555557,3136.0,10.0,8585216.0,9.250861178854674e+16
4096.0,8192000.0,3136.0,64.0,3.0,34.0,36.0,40.0,2.0,5.0,3.0,5.0,1.0,5.0,2.0,2.0,3.0,6.0,2.0,4.0,1.0,3.0,4.0,3.0,1.0,4.0,1.0,4.0,1.0,2.0,4.0,2.0,4.0,128.0,1.0,1024.0,512.0,1.0,1.0,1.0,1.0,32.0,1.0,1.0,1.0,2.0,2.0,2.0,5.0,6.0,2.0,4.0,4.0,5.0,1.0,4.0,3.0,3.0,1.0,4.0,2.0,6.0,32.0,16.0,1.0,32.0,3.0,1.0,1.0,1.0,1.0,16.0,32.0,1.0,2019259577.0,39456580.0,19706800000.0,124.331,3136.0,10.0,409600.0,7.967307704066666e+16
256.0,32000.0,3136.0,64.0,3.0,26.0,8.0,40.0,4.0,3.0,1.0,6.0,4.0,3.0,1.0,5.0,6.0,4.0,3.0,2.0,5.0,5.0,4.0,6.0,1.0,6.0,3.0,6.0,6.0,5.0,2.0,3.0,4.0,4.0,1.0,4.0,128.0,1.0,1.0,1.0,1.0,1.0,16.0,1.0,5.0,2.0,3.0,6.0,6.0,5.0,5.0,5.0,5.0,6.0,4.0,4.0,5.0,5.0,3.0,5.0,1.0,6.0,2048.0,2.0,1.0,192.0,384.0,1.0,1.0,1.0,1.0,40.0,160.0,1.0,183912864.0,37251750.0,19707100000.0,129.7341111111111,3136.0,10.0,3129344.0,6851076031512000.0
2048000.0,16000000.0,3136.0,64.0,3.0,2.0,14.0,42.0,4.0,1.0,5.0,5.0,3.0,1.0,2.0,2.0,4.0,3.0,4.0,5.0,6.0,1.0,6.0,1.0,2.0,2.0,6.0,1.0,1.0,6.0,2.0,4.0,1.0,2048.0,1.0,2.0,2.0,1.0,1.0,1.0,1.0,32.0,128.0,1.0,5.0,5.0,1.0,2.0,4.0,6.0,5.0,3.0,5.0,3.0,5.0,2.0,5.0,3.0,5.0,4.0,6.0,6.0,4.0,2.0,1.0,48.0,768.0,1.0,1.0,1.0,1.0,320.0,2.0,1.0,10152857610.0,54019483.8,19706800000.0,125.45922222222222,3136.0,10.0,532992.0,5.484521271871017e+17
2048000.0,128000.0,3136.0,64.0,3.0,44.0,8.0,48.0,5.0,1.0,5.0,4.0,3.0,5.0,3.0,3.0,2.0,1.0,4.0,1.0,6.0,1.0,5.0,4.0,3.0,5.0,2.0,6.0,6.0,6.0,2.0,2.0,2048.0,1024.0,1.0,2.0,512.0,1.0,1.0,1.0,1.0,128.0,32.0,1.0,3.0,2.0,2.0,6.0,1.0,3.0,5.0,4.0,2.0,4.0,4.0,5.0,5.0,1.0,3.0,6.0,6.0,6.0,128.0,1.0,1.0,768.0,3072.0,1.0,1.0,1.0,1.0,80.0,64.0,1.0,4664189502.0,33205391.8,19707500000.0,145.238,3136.0,10.0,6946816.0,1.548762398433569e+17
64000.0,4096000.0,3136.0,64.0,3.0,24.0,4.0,8.0,5.0,2.0,4.0,1.0,6.0,5.0,6.0,6.0,6.0,6.0,4.0,2.0,1.0,2.0,4.0,4.0,2.0,3.0,6.0,4.0,2.0,6.0,4.0,2.0,4.0,2048.0,1.0,1024.0,16.0,1.0,1.0,1.0,1.0,32.0,64.0,1.0,4.0,5.0,3.0,5.0,1.0,2.0,3.0,1.0,6.0,2.0,1.0,2.0,6.0,3.0,4.0,5.0,5.0,1.0,512.0,16.0,1.0,48.0,32.0,1.0,1.0,1.0,1.0,4.0,16.0,1.0,6110761843.0,39332595.9,19707200000.0,130.8461111111111,3136.0,10.0,4587520.0,2.4035212621185824e+17
256000.0,16000.0,3136.0,64.0,3.0,44.0,4.0,6.0,4.0,4.0,3.0,1.0,3.0,2.0,6.0,2.0,5.0,5.0,5.0,6.0,2.0,2.0,6.0,4.0,1.0,6.0,6.0,3.0,5.0,3.0,1.0,3.0,8.0,64.0,1.0,128.0,1.0,1.0,1.0,1.0,1.0,16.0,2.0,1.0,3.0,3.0,1.0,2.0,6.0,3.0,6.0,6.0,3.0,4.0,6.0,3.0,4.0,4.0,1.0,4.0,3.0,5.0,4096.0,256.0,1.0,24.0,4.0,1.0,1.0,1.0,1.0,40.0,2.0,1.0,6732000920.0,36862523.0,19706900000.0,126.507,3136.0,10.0,1183744.0,2.4815853874952115e+17
2048000.0,128000.0,3136.0,64.0,3.0,26.0,46.0,40.0,1.0,5.0,5.0,3.0,4.0,2.0,6.0,6.0,6.0,4.0,6.0,2.0,5.0,5.0,2.0,5.0,5.0,1.0,4.0,5.0,3.0,3.0,1.0,4.0,2.0,512.0,1.0,512.0,256.0,1.0,1.0,1.0,1.0,8.0,32.0,1.0,3.0,2.0,5.0,5.0,1.0,2.0,1.0,4.0,3.0,2.0,6.0,3.0,5.0,6.0,6.0,6.0,6.0,5.0,512.0,4096.0,1.0,1024.0,32.0,1.0,1.0,1.0,1.0,40.0,20.0,1.0,600340018.0,33893485.4,19707700000.0,141.45077777777777,3136.0,10.0,8798208.0,2.0347615635118736e+16
512.0,16000.0,3136.0,64.0,3.0,18.0,46.0,16.0,2.0,4.0,4.0,5.0,4.0,3.0,4.0,3.0,4.0,2.0,2.0,3.0,2.0,5.0,1.0,5.0,2.0,6.0,4.0,6.0,2.0,3.0,4.0,5.0,8.0,2048.0,1.0,2.0,16.0,1.0,1.0,1.0,1.0,4.0,16.0,1.0,2.0,6.0,2.0,3.0,2.0,5.0,5.0,2.0,6.0,3.0,2.0,3.0,1.0,3.0,4.0,2.0,6.0,1.0,32.0,16.0,1.0,2.0,32.0,1.0,1.0,1.0,1.0,2.0,16.0,1.0,456112345.0,39789255.0,19706800000.0,124.20877777777778,3136.0,10.0,329728.0,1.8148370403852976e+16
8192.0,16000000.0,3136.0,64.0,3.0,6.0,48.0,2.0,6.0,3.0,1.0,6.0,6.0,4.0,4.0,4.0,2.0,2.0,3.0,2.0,2.0,2.0,4.0,1.0,2.0,6.0,2.0,6.0,3.0,3.0,5.0,4.0,512.0,4.0,1.0,32.0,1.0,1.0,1.0,1.0,1.0,128.0,2.0,1.0,3.0,5.0,3.0,3.0,5.0,3.0,4.0,6.0,6.0,2.0,3.0,6.0,5.0,1.0,1.0,2.0,2.0,3.0,4096.0,8.0,1.0,2.0,12.0,1.0,1.0,1.0,1.0,20.0,5.0,1.0,12935255318.0,39682911.8,19706900000.0,126.20855555555556,3136.0,10.0,1318912.0,5.1330859589467494e+17
2048000.0,128000.0,3136.0,64.0,3.0,6.0,6.0,24.0,2.0,4.0,3.0,2.0,6.0,6.0,4.0,5.0,4.0,3.0,1.0,1.0,3.0,2.0,5.0,5.0,1.0,6.0,4.0,6.0,3.0,5.0,1.0,1.0,4096.0,512.0,1.0,128.0,256.0,1.0,1.0,1.0,1.0,4.0,128.0,1.0,3.0,2.0,5.0,4.0,4.0,1.0,2.0,3.0,5.0,1.0,4.0,6.0,5.0,3.0,1.0,4.0,6.0,2.0,1.0,2048.0,1.0,384.0,1.0,1.0,1.0,1.0,1.0,8.0,160.0,1.0,22850589228.0,32784341.8,19707100000.0,133.11366666666666,3136.0,10.0,3211264.0,7.491415275821501e+17
256.0,2048000.0,3136.0,64.0,3.0,16.0,46.0,18.0,4.0,3.0,3.0,3.0,4.0,3.0,1.0,1.0,4.0,2.0,1.0,3.0,6.0,3.0,1.0,6.0,4.0,3.0,1.0,4.0,2.0,6.0,5.0,5.0,1.0,4.0,1.0,16.0,1024.0,1.0,1.0,1.0,1.0,8.0,1.0,1.0,1.0,1.0,4.0,2.0,6.0,4.0,4.0,3.0,2.0,5.0,4.0,1.0,4.0,2.0,3.0,3.0,5.0,3.0,512.0,2048.0,1.0,384.0,384.0,1.0,1.0,1.0,1.0,32.0,5.0,1.0,711279984.0,38628770.0,19707100000.0,130.325,3136.0,10.0,3432448.0,2.747587090753968e+16
256000.0,32000000.0,3136.0,64.0,3.0,30.0,10.0,32.0,3.0,1.0,6.0,4.0,6.0,3.0,6.0,1.0,1.0,2.0,1.0,1.0,5.0,5.0,3.0,4.0,6.0,3.0,1.0,6.0,2.0,6.0,6.0,4.0,1024.0,512.0,1.0,512.0,16.0,1.0,1.0,1.0,1.0,16.0,16.0,1.0,6.0,5.0,1.0,6.0,2.0,3.0,2.0,6.0,3.0,4.0,6.0,3.0,1.0,3.0,1.0,5.0,4.0,3.0,2.0,256.0,1.0,8.0,24.0,1.0,1.0,1.0,1.0,80.0,20.0,1.0,2613128929.0,34503173.0,19706900000.0,125.47555555555556,3136.0,10.0,1097728.0,9.016123950859171e+16
512.0,4096000.0,3136.0,64.0,3.0,34.0,30.0,18.0,4.0,5.0,1.0,4.0,3.0,3.0,3.0,3.0,4.0,6.0,1.0,1.0,5.0,6.0,3.0,6.0,5.0,4.0,5.0,3.0,4.0,6.0,6.0,3.0,1.0,64.0,1.0,2048.0,1.0,1.0,1.0,1.0,1.0,1.0,128.0,1.0,3.0,6.0,4.0,3.0,2.0,6.0,3.0,1.0,4.0,1.0,6.0,1.0,6.0,3.0,1.0,5.0,1.0,1.0,1.0,64.0,1.0,12.0,32.0,1.0,1.0,1.0,1.0,10.0,8.0,1.0,683265993.0,35649296.5,19706900000.0,126.67533333333333,3136.0,10.0,1916928.0,2.4357951972823924e+16
4096.0,2048000.0,3136.0,64.0,3.0,10.0,42.0,38.0,2.0,4.0,6.0,5.0,5.0,4.0,5.0,1.0,1.0,3.0,6.0,4.0,4.0,2.0,4.0,4.0,2.0,2.0,3.0,6.0,2.0,1.0,2.0,1.0,32.0,8.0,1.0,16.0,4.0,1.0,1.0,1.0,1.0,1.0,64.0,1.0,6.0,1.0,6.0,3.0,3.0,2.0,6.0,2.0,1.0,3.0,3.0,6.0,1.0,3.0,4.0,4.0,3.0,5.0,512.0,8.0,1.0,3072.0,4.0,1.0,1.0,1.0,1.0,5.0,4.0,1.0,20719997911.0,33365228.0,19707100000.0,129.79244444444444,3136.0,10.0,3181568.0,6.913274544600387e+17
2048000.0,16000.0,3136.0,64.0,3.0,28.0,6.0,22.0,6.0,5.0,6.0,1.0,3.0,3.0,4.0,6.0,6.0,4.0,6.0,4.0,6.0,5.0,4.0,5.0,4.0,2.0,1.0,4.0,6.0,4.0,4.0,3.0,128.0,1024.0,1.0,16.0,2048.0,1.0,1.0,1.0,1.0,4.0,32.0,1.0,6.0,6.0,6.0,6.0,3.0,4.0,6.0,5.0,2.0,4.0,5.0,3.0,5.0,2.0,1.0,2.0,5.0,3.0,4.0,4096.0,1.0,192.0,8.0,1.0,1.0,1.0,1.0,10.0,32.0,1.0,3553135517.0,32898641.8,19708500000.0,153.55155555555555,3136.0,10.0,17170432.0,1.1689333264064082e+17
512.0,2048000.0,3136.0,64.0,3.0,26.0,32.0,42.0,4.0,4.0,4.0,1.0,1.0,2.0,6.0,6.0,5.0,3.0,4.0,6.0,5.0,4.0,1.0,4.0,6.0,5.0,1.0,5.0,3.0,4.0,3.0,4.0,64.0,2.0,1.0,1.0,2.0,1.0,1.0,1.0,1.0,128.0,128.0,1.0,6.0,5.0,6.0,6.0,5.0,3.0,1.0,6.0,1.0,1.0,3.0,5.0,4.0,5.0,2.0,5.0,3.0,3.0,2048.0,32.0,1.0,384.0,48.0,1.0,1.0,1.0,1.0,20.0,20.0,1.0,2336405224.0,36421455.0,19707100000.0,130.10777777777778,3136.0,10.0,3324928.0,8.509527772768093e+16
1024.0,32000.0,3136.0,64.0,3.0,18.0,20.0,46.0,1.0,4.0,6.0,6.0,3.0,4.0,6.0,6.0,2.0,4.0,5.0,3.0,3.0,6.0,2.0,1.0,5.0,2.0,1.0,6.0,2.0,4.0,3.0,2.0,512.0,1024.0,1.0,64.0,8.0,1.0,1.0,1.0,1.0,1.0,2.0,1.0,3.0,6.0,3.0,5.0,4.0,5.0,1.0,6.0,5.0,6.0,5.0,1.0,6.0,3.0,1.0,2.0,3.0,1.0,2.0,128.0,1.0,1.0,12.0,1.0,1.0,1.0,1.0,80.0,1.0,1.0,2634612844.0,41905838.0,19706800000.0,123.93944444444443,3136.0,10.0,135424.0,1.1040565903338326e+17
1024.0,256000.0,3136.0,64.0,3.0,28.0,10.0,36.0,3.0,6.0,3.0,3.0,2.0,5.0,3.0,3.0,4.0,1.0,4.0,1.0,1.0,6.0,3.0,1.0,3.0,2.0,3.0,1.0,1.0,4.0,2.0,5.0,64.0,1024.0,1.0,32.0,32.0,1.0,1.0,1.0,1.0,16.0,128.0,1.0,3.0,6.0,4.0,5.0,3.0,5.0,4.0,1.0,5.0,6.0,2.0,6.0,3.0,5.0,1.0,6.0,2.0,5.0,2.0,32.0,1.0,384.0,24.0,1.0,1.0,1.0,1.0,4.0,64.0,1.0,6824814829.0,36534128.0,19706800000.0,124.34755555555556,3136.0,10.0,335872.0,2.4933865853898413e+17
8192.0,2048000.0,3136.0,64.0,3.0,38.0,42.0,10.0,2.0,5.0,4.0,3.0,4.0,1.0,2.0,2.0,1.0,1.0,1.0,2.0,3.0,1.0,6.0,3.0,4.0,5.0,5.0,6.0,2.0,3.0,4.0,5.0,256.0,4.0,1.0,1024.0,512.0,1.0,1.0,1.0,1.0,4.0,128.0,1.0,3.0,2.0,2.0,2.0,6.0,2.0,3.0,1.0,4.0,2.0,4.0,1.0,1.0,3.0,2.0,3.0,6.0,6.0,128.0,8.0,1.0,96.0,48.0,1.0,1.0,1.0,1.0,320.0,2.0,1.0,11153446609.0,33212102.6,19706800000.0,125.31144444444443,3136.0,10.0,851968.0,3.704294131217301e+17
2048000.0,2048000.0,3136.0,64.0,3.0,4.0,44.0,2.0,6.0,5.0,1.0,6.0,6.0,3.0,4.0,6.0,6.0,4.0,4.0,2.0,6.0,2.0,6.0,3.0,2.0,2.0,4.0,5.0,2.0,5.0,4.0,1.0,16.0,128.0,1.0,1.0,256.0,1.0,1.0,1.0,1.0,16.0,8.0,1.0,5.0,2.0,6.0,5.0,6.0,2.0,2.0,3.0,2.0,5.0,2.0,6.0,1.0,4.0,6.0,6.0,1.0,3.0,128.0,2.0,1.0,512.0,256.0,1.0,1.0,1.0,1.0,40.0,32.0,1.0,382797205.0,34232585.2,19707200000.0,135.85788888888888,3136.0,10.0,4562944.0,1.3104137934484368e+16
2048.0,32000.0,3136.0,64.0,3.0,20.0,46.0,38.0,3.0,5.0,6.0,6.0,1.0,4.0,6.0,5.0,5.0,6.0,3.0,5.0,4.0,3.0,1.0,6.0,3.0,5.0,3.0,2.0,2.0,6.0,6.0,2.0,2.0,512.0,1.0,2048.0,32.0,1.0,1.0,1.0,1.0,4.0,16.0,1.0,3.0,4.0,5.0,2.0,3.0,6.0,4.0,6.0,5.0,4.0,3.0,4.0,1.0,5.0,4.0,5.0,3.0,5.0,256.0,2048.0,1.0,4.0,6.0,1.0,1.0,1.0,1.0,20.0,4.0,1.0,6781879961.0,47434236.2,19707000000.0,127.22877777777778,3136.0,10.0,2179072.0,3.216932959501208e+17
128.0,8192000.0,3136.0,64.0,3.0,26.0,24.0,40.0,5.0,4.0,3.0,3.0,4.0,3.0,4.0,1.0,1.0,5.0,4.0,2.0,3.0,2.0,3.0,1.0,6.0,6.0,4.0,6.0,3.0,1.0,5.0,2.0,4096.0,1024.0,1.0,64.0,4.0,1.0,1.0,1.0,1.0,16.0,128.0,1.0,3.0,3.0,2.0,6.0,4.0,2.0,2.0,1.0,4.0,3.0,6.0,5.0,6.0,1.0,1.0,2.0,1.0,5.0,256.0,512.0,1.0,1.0,8.0,1.0,1.0,1.0,1.0,320.0,8.0,1.0,1212635537.0,32534681.8,19706900000.0,128.061,3136.0,10.0,1589248.0,3.945271133566713e+16
512000.0,4096000.0,3136.0,64.0,3.0,4.0,4.0,4.0,5.0,2.0,1.0,1.0,4.0,6.0,4.0,6.0,6.0,4.0,2.0,4.0,5.0,2.0,2.0,1.0,4.0,6.0,5.0,3.0,4.0,6.0,2.0,2.0,2.0,2.0,1.0,16.0,16.0,1.0,1.0,1.0,1.0,32.0,64.0,1.0,3.0,3.0,6.0,3.0,1.0,3.0,6.0,6.0,6.0,5.0,1.0,5.0,2.0,2.0,4.0,3.0,6.0,6.0,128.0,256.0,1.0,4.0,2.0,1.0,1.0,1.0,1.0,40.0,2.0,1.0,6133350424.0,63423660.0,19706700000.0,123.73044444444444,3136.0,10.0,22848.0,3.889995319526318e+17
256000.0,4096000.0,3136.0,64.0,3.0,14.0,36.0,12.0,4.0,2.0,2.0,4.0,5.0,4.0,2.0,5.0,3.0,5.0,3.0,6.0,2.0,5.0,2.0,4.0,6.0,6.0,3.0,3.0,5.0,1.0,5.0,5.0,128.0,8.0,1.0,4.0,1.0,1.0,1.0,1.0,1.0,64.0,4.0,1.0,3.0,2.0,2.0,6.0,6.0,6.0,1.0,1.0,1.0,6.0,6.0,2.0,4.0,1.0,1.0,3.0,6.0,1.0,128.0,1024.0,1.0,8.0,8.0,1.0,1.0,1.0,1.0,2.0,32.0,1.0,2660855890.0,40366420.0,19706800000.0,123.86888888888889,3136.0,10.0,82432.0,1.074092264152138e+17
512000.0,16000.0,3136.0,64.0,3.0,8.0,16.0,36.0,6.0,4.0,2.0,2.0,4.0,4.0,5.0,3.0,5.0,3.0,4.0,1.0,3.0,1.0,1.0,2.0,2.0,6.0,1.0,4.0,3.0,3.0,5.0,4.0,2.0,8.0,1.0,2.0,2.0,1.0,1.0,1.0,1.0,32.0,2.0,1.0,1.0,5.0,1.0,4.0,6.0,5.0,6.0,5.0,1.0,6.0,3.0,6.0,6.0,3.0,2.0,3.0,6.0,1.0,512.0,256.0,1.0,384.0,96.0,1.0,1.0,1.0,1.0,10.0,320.0,1.0,2232019343.0,40559300.0,19707100000.0,131.06744444444445,3136.0,10.0,3850240.0,9.05291421385399e+16
2048.0,8192000.0,3136.0,64.0,3.0,38.0,42.0,18.0,1.0,1.0,5.0,2.0,3.0,3.0,2.0,2.0,3.0,2.0,2.0,6.0,1.0,1.0,4.0,1.0,1.0,4.0,2.0,2.0,2.0,6.0,5.0,6.0,4096.0,128.0,1.0,1024.0,256.0,1.0,1.0,1.0,1.0,8.0,64.0,1.0,2.0,4.0,6.0,4.0,4.0,6.0,2.0,4.0,6.0,5.0,6.0,4.0,5.0,2.0,6.0,1.0,3.0,3.0,2048.0,256.0,1.0,24.0,32.0,1.0,1.0,1.0,1.0,4.0,4.0,1.0,11141552992.0,46763273.8,19707700000.0,137.83388888888888,3136.0,10.0,9043968.0,5.2101549312210515e+17
64000.0,16000000.0,3136.0,64.0,3.0,2.0,30.0,30.0,3.0,3.0,2.0,6.0,6.0,6.0,5.0,5.0,4.0,4.0,3.0,1.0,6.0,2.0,2.0,4.0,3.0,3.0,1.0,3.0,1.0,5.0,2.0,5.0,1.0,32.0,1.0,512.0,1.0,1.0,1.0,1.0,1.0,32.0,2.0,1.0,1.0,1.0,5.0,3.0,2.0,1.0,2.0,3.0,4.0,2.0,1.0,6.0,1.0,3.0,5.0,1.0,4.0,2.0,512.0,2.0,1.0,8.0,3072.0,1.0,1.0,1.0,1.0,32.0,320.0,1.0,5777136406.0,33217226.0,19707300000.0,134.3192222222222,3136.0,10.0,5439488.0,1.9190044563092976e+17
256.0,256000.0,3136.0,64.0,3.0,14.0,44.0,22.0,4.0,1.0,6.0,2.0,2.0,6.0,6.0,2.0,5.0,6.0,6.0,5.0,1.0,1.0,3.0,2.0,5.0,6.0,6.0,3.0,5.0,3.0,2.0,3.0,1.0,32.0,1.0,256.0,1.0,1.0,1.0,1.0,1.0,64.0,2.0,1.0,5.0,4.0,6.0,6.0,5.0,4.0,6.0,1.0,3.0,4.0,6.0,2.0,2.0,1.0,3.0,6.0,1.0,6.0,256.0,64.0,1.0,64.0,4.0,1.0,1.0,1.0,1.0,4.0,4.0,1.0,16528756782.0,56295980.0,19706700000.0,123.83255555555556,3136.0,10.0,53248.0,9.305025612243364e+17
256000.0,128000.0,3136.0,64.0,3.0,6.0,38.0,6.0,1.0,1.0,1.0,3.0,3.0,1.0,1.0,2.0,5.0,5.0,3.0,1.0,4.0,2.0,6.0,1.0,4.0,1.0,6.0,6.0,4.0,6.0,3.0,5.0,32.0,16.0,1.0,1024.0,8.0,1.0,1.0,1.0,1.0,8.0,1.0,1.0,6.0,6.0,1.0,6.0,5.0,3.0,1.0,4.0,3.0,5.0,4.0,1.0,2.0,6.0,5.0,1.0,4.0,1.0,16.0,1.0,1.0,8.0,64.0,1.0,1.0,1.0,1.0,64.0,2.0,1.0,1394669626.0,38587115.0,19706800000.0,124.22255555555556,3136.0,10.0,285184.0,5.381627724546899e+16
128000.0,32000.0,3136.0,64.0,3.0,24.0,20.0,2.0,1.0,2.0,2.0,3.0,3.0,3.0,3.0,4.0,3.0,3.0,5.0,6.0,4.0,6.0,4.0,5.0,6.0,4.0,6.0,6.0,1.0,6.0,5.0,3.0,2.0,64.0,1.0,4.0,16.0,1.0,1.0,1.0,1.0,32.0,4.0,1.0,4.0,5.0,1.0,3.0,2.0,6.0,4.0,4.0,2.0,3.0,1.0,4.0,4.0,1.0,4.0,2.0,1.0,3.0,1.0,2.0,1.0,96.0,64.0,1.0,1.0,1.0,1.0,20.0,64.0,1.0,2589294609.0,77495931.0,19706700000.0,123.83877777777778,3136.0,10.0,63104.0,2.0065979635773597e+17
2048000.0,256000.0,3136.0,64.0,3.0,4.0,24.0,20.0,6.0,2.0,2.0,2.0,3.0,3.0,4.0,1.0,2.0,3.0,3.0,2.0,6.0,3.0,6.0,3.0,2.0,3.0,5.0,4.0,2.0,3.0,2.0,5.0,1024.0,4096.0,1.0,8.0,64.0,1.0,1.0,1.0,1.0,2.0,2.0,1.0,3.0,1.0,1.0,3.0,3.0,5.0,5.0,2.0,6.0,3.0,6.0,6.0,4.0,2.0,5.0,2.0,4.0,6.0,256.0,8.0,1.0,8.0,1.0,1.0,1.0,1.0,1.0,320.0,40.0,1.0,4323842817.0,42091470.0,19706800000.0,126.45344444444444,3136.0,10.0,1012736.0,1.8199690021647098e+17
256.0,16000000.0,3136.0,64.0,3.0,48.0,12.0,6.0,2.0,5.0,2.0,4.0,2.0,3.0,3.0,5.0,3.0,4.0,4.0,5.0,2.0,5.0,1.0,2.0,1.0,1.0,4.0,6.0,5.0,5.0,4.0,5.0,8.0,2.0,1.0,2.0,1024.0,1.0,1.0,1.0,1.0,4.0,1.0,1.0,6.0,3.0,4.0,2.0,4.0,3.0,5.0,5.0,2.0,5.0,6.0,3.0,5.0,2.0,4.0,3.0,6.0,6.0,1.0,16.0,1.0,96.0,8.0,1.0,1.0,1.0,1.0,64.0,4.0,1.0,358756379.0,40154672.0,19706800000.0,124.25655555555556,3136.0,10.0,280576.0,1.4405744726652688e+16
1024000.0,32000.0,3136.0,64.0,3.0,20.0,42.0,46.0,6.0,3.0,5.0,4.0,6.0,1.0,1.0,2.0,5.0,2.0,2.0,4.0,3.0,3.0,4.0,5.0,5.0,5.0,2.0,3.0,3.0,1.0,2.0,4.0,8.0,64.0,1.0,256.0,2.0,1.0,1.0,1.0,1.0,4.0,32.0,1.0,3.0,5.0,3.0,1.0,1.0,3.0,3.0,5.0,2.0,6.0,1.0,5.0,3.0,1.0,4.0,1.0,4.0,4.0,256.0,1.0,1.0,3.0,3.0,1.0,1.0,1.0,1.0,160.0,20.0,1.0,24830451806.0,63429023.0,19706800000.0,123.92644444444444,3136.0,10.0,84416.0,1.5749712987031654e+18
256.0,2048000.0,3136.0,64.0,3.0,38.0,20.0,20.0,2.0,2.0,4.0,4.0,6.0,6.0,6.0,6.0,2.0,4.0,1.0,6.0,1.0,6.0,1.0,2.0,3.0,1.0,2.0,5.0,3.0,1.0,5.0,1.0,128.0,1024.0,1.0,512.0,16.0,1.0,1.0,1.0,1.0,4.0,2.0,1.0,4.0,2.0,4.0,5.0,2.0,4.0,3.0,6.0,5.0,2.0,1.0,3.0,4.0,3.0,6.0,6.0,2.0,6.0,4096.0,512.0,1.0,6.0,16.0,1.0,1.0,1.0,1.0,320.0,2.0,1.0,24432368311.0,32534499.9,19707000000.0,130.6052222222222,3136.0,10.0,2762752.0,7.948948843709926e+17
512000.0,128000.0,3136.0,64.0,3.0,40.0,18.0,2.0,4.0,1.0,6.0,4.0,6.0,6.0,4.0,6.0,5.0,6.0,6.0,5.0,2.0,3.0,4.0,6.0,4.0,1.0,3.0,4.0,6.0,3.0,2.0,6.0,128.0,2048.0,1.0,256.0,2.0,1.0,1.0,1.0,1.0,4.0,4.0,1.0,5.0,5.0,5.0,2.0,1.0,4.0,4.0,6.0,2.0,3.0,3.0,4.0,4.0,2.0,6.0,2.0,3.0,4.0,2.0,32.0,1.0,512.0,16.0,1.0,1.0,1.0,1.0,8.0,160.0,1.0,12296661195.0,37738726.0,19706900000.0,125.71566666666668,3136.0,10.0,1067008.0,4.640603275529376e+17
4096.0,16000.0,3136.0,64.0,3.0,6.0,16.0,14.0,2.0,6.0,6.0,5.0,2.0,3.0,4.0,6.0,6.0,6.0,6.0,5.0,2.0,1.0,3.0,6.0,6.0,2.0,4.0,2.0,2.0,3.0,5.0,6.0,256.0,4096.0,1.0,64.0,32.0,1.0,1.0,1.0,1.0,64.0,2.0,1.0,2.0,4.0,3.0,4.0,1.0,6.0,5.0,6.0,1.0,6.0,1.0,4.0,1.0,6.0,1.0,5.0,4.0,3.0,32.0,32.0,1.0,512.0,192.0,1.0,1.0,1.0,1.0,8.0,80.0,1.0,4035299523.0,36325715.0,19706900000.0,125.53344444444444,3136.0,10.0,1056768.0,1.4658514041213395e+17
256000.0,32000.0,3136.0,64.0,3.0,46.0,28.0,24.0,6.0,1.0,2.0,3.0,1.0,5.0,6.0,2.0,4.0,3.0,1.0,6.0,5.0,6.0,4.0,4.0,1.0,5.0,4.0,4.0,3.0,2.0,3.0,3.0,16.0,1.0,1.0,64.0,256.0,1.0,1.0,1.0,1.0,32.0,16.0,1.0,6.0,5.0,6.0,4.0,1.0,6.0,1.0,6.0,5.0,4.0,2.0,6.0,1.0,1.0,3.0,5.0,3.0,2.0,1.0,64.0,1.0,3.0,768.0,1.0,1.0,1.0,1.0,16.0,32.0,1.0,869281250.0,33583184.0,19706800000.0,124.64422222222223,3136.0,10.0,458752.0,2.91932321665e+16
128.0,512000.0,3136.0,64.0,3.0,34.0,24.0,28.0,4.0,2.0,5.0,1.0,3.0,3.0,2.0,2.0,1.0,3.0,6.0,5.0,4.0,6.0,3.0,6.0,2.0,6.0,1.0,6.0,6.0,1.0,6.0,1.0,8.0,64.0,1.0,1024.0,8.0,1.0,1.0,1.0,1.0,4.0,32.0,1.0,1.0,2.0,3.0,1.0,2.0,3.0,1.0,2.0,3.0,2.0,6.0,2.0,1.0,3.0,6.0,5.0,2.0,1.0,16.0,4096.0,1.0,384.0,384.0,1.0,1.0,1.0,1.0,5.0,16.0,1.0,100823567.0,33441457.0,19707100000.0,130.29544444444443,3136.0,10.0,3289088.0,3371686980417119.0
64000.0,64000.0,3136.0,64.0,3.0,20.0,4.0,44.0,1.0,3.0,1.0,3.0,4.0,4.0,3.0,5.0,3.0,4.0,3.0,4.0,2.0,5.0,6.0,1.0,6.0,4.0,1.0,6.0,3.0,3.0,3.0,1.0,1.0,256.0,1.0,2.0,64.0,1.0,1.0,1.0,1.0,16.0,8.0,1.0,6.0,2.0,4.0,2.0,4.0,6.0,3.0,5.0,3.0,6.0,5.0,1.0,4.0,6.0,5.0,6.0,3.0,5.0,4096.0,512.0,1.0,4.0,1536.0,1.0,1.0,1.0,1.0,2.0,5.0,1.0,8461642221.0,33918148.0,19708100000.0,147.97477777777777,3136.0,10.0,12639232.0,2.8700323317492672e+17
512000.0,1024000.0,3136.0,64.0,3.0,4.0,6.0,30.0,2.0,3.0,1.0,3.0,1.0,4.0,5.0,3.0,4.0,5.0,4.0,4.0,6.0,1.0,3.0,2.0,1.0,5.0,4.0,6.0,5.0,4.0,4.0,1.0,128.0,1.0,1.0,1.0,4.0,1.0,1.0,1.0,1.0,64.0,128.0,1.0,1.0,1.0,4.0,5.0,1.0,1.0,2.0,5.0,5.0,4.0,5.0,4.0,2.0,5.0,5.0,6.0,3.0,1.0,4096.0,128.0,1.0,768.0,24.0,1.0,1.0,1.0,1.0,20.0,1.0,1.0,3859446710.0,35880055.0,19707400000.0,136.168,3136.0,10.0,6486016.0,1.3847716022436906e+17
2048.0,8192000.0,3136.0,64.0,3.0,26.0,18.0,26.0,5.0,2.0,2.0,2.0,5.0,6.0,3.0,1.0,2.0,6.0,1.0,4.0,1.0,6.0,5.0,3.0,6.0,5.0,4.0,1.0,2.0,2.0,5.0,2.0,256.0,4.0,1.0,2048.0,512.0,1.0,1.0,1.0,1.0,2.0,2.0,1.0,3.0,4.0,5.0,2.0,6.0,2.0,3.0,2.0,1.0,4.0,5.0,4.0,6.0,5.0,4.0,6.0,6.0,4.0,2.0,8.0,1.0,4.0,16.0,1.0,1.0,1.0,1.0,320.0,16.0,1.0,1331691525.0,58292630.0,19706900000.0,125.33522222222221,3136.0,10.0,1057792.0,7.762780134096075e+16
128.0,64000.0,3136.0,64.0,3.0,16.0,8.0,48.0,1.0,5.0,1.0,4.0,3.0,2.0,4.0,5.0,3.0,6.0,4.0,3.0,5.0,2.0,3.0,3.0,6.0,2.0,2.0,2.0,5.0,5.0,3.0,6.0,2.0,2.0,1.0,128.0,1024.0,1.0,1.0,1.0,1.0,32.0,1.0,1.0,4.0,2.0,3.0,3.0,5.0,5.0,6.0,2.0,3.0,4.0,4.0,1.0,3.0,3.0,2.0,5.0,4.0,1.0,4096.0,16.0,1.0,1536.0,3.0,1.0,1.0,1.0,1.0,8.0,40.0,1.0,449900395.0,41689760.0,19708400000.0,155.118,3136.0,10.0,16187392.0,1.87562394914552e+16
16000.0,2048000.0,3136.0,64.0,3.0,38.0,46.0,2.0,2.0,5.0,6.0,6.0,1.0,2.0,1.0,4.0,2.0,6.0,6.0,1.0,2.0,6.0,6.0,2.0,5.0,3.0,5.0,3.0,3.0,4.0,1.0,1.0,64.0,128.0,1.0,1024.0,128.0,1.0,1.0,1.0,1.0,32.0,2.0,1.0,6.0,6.0,4.0,6.0,2.0,3.0,4.0,5.0,2.0,2.0,5.0,4.0,2.0,2.0,5.0,1.0,1.0,5.0,1.0,8.0,1.0,3.0,48.0,1.0,1.0,1.0,1.0,16.0,1.0,1.0,2008208565.0,45654464.0,19706800000.0,124.20311111111111,3136.0,10.0,335872.0,9.168368563528416e+16
512.0,64000.0,3136.0,64.0,3.0,24.0,2.0,28.0,3.0,4.0,3.0,5.0,6.0,1.0,6.0,2.0,5.0,4.0,1.0,1.0,6.0,1.0,3.0,2.0,4.0,6.0,6.0,1.0,6.0,1.0,3.0,4.0,8.0,2048.0,1.0,1024.0,1024.0,1.0,1.0,1.0,1.0,1.0,16.0,1.0,4.0,2.0,1.0,2.0,6.0,2.0,3.0,3.0,1.0,2.0,5.0,2.0,4.0,4.0,3.0,2.0,5.0,5.0,2048.0,1.0,1.0,1.0,2.0,1.0,1.0,1.0,1.0,1.0,20.0,1.0,19394972779.0,76349194.0,19707200000.0,130.438,3136.0,10.0,4292608.0,1.48079053932859e+18
128000.0,16000000.0,3136.0,64.0,3.0,8.0,14.0,20.0,2.0,6.0,5.0,6.0,4.0,6.0,1.0,4.0,2.0,4.0,3.0,2.0,4.0,1.0,1.0,2.0,1.0,4.0,4.0,1.0,5.0,3.0,4.0,1.0,2.0,1.0,1.0,16.0,64.0,1.0,1.0,1.0,1.0,2.0,64.0,1.0,3.0,3.0,6.0,4.0,2.0,3.0,4.0,2.0,5.0,2.0,4.0,3.0,5.0,4.0,4.0,1.0,2.0,6.0,256.0,8.0,1.0,48.0,384.0,1.0,1.0,1.0,1.0,8.0,32.0,1.0,805651366.0,42298820.0,19706800000.0,124.87144444444444,3136.0,10.0,606208.0,3.407810211318812e+16
128000.0,64000.0,3136.0,64.0,3.0,10.0,10.0,26.0,4.0,5.0,1.0,2.0,3.0,1.0,6.0,6.0,2.0,1.0,2.0,4.0,2.0,3.0,5.0,2.0,5.0,6.0,1.0,1.0,5.0,4.0,6.0,5.0,8.0,512.0,1.0,512.0,2048.0,1.0,1.0,1.0,1.0,2.0,2.0,1.0,4.0,3.0,5.0,6.0,1.0,3.0,2.0,3.0,5.0,5.0,1.0,2.0,4.0,2.0,2.0,6.0,4.0,3.0,16.0,128.0,1.0,3072.0,4.0,1.0,1.0,1.0,1.0,40.0,64.0,1.0,146173715.0,33256531.8,19708500000.0,168.664,3136.0,10.0,16801792.0,4861230801221637.0
32000.0,32000000.0,3136.0,64.0,3.0,38.0,16.0,24.0,1.0,5.0,1.0,2.0,3.0,2.0,6.0,4.0,3.0,1.0,6.0,2.0,5.0,4.0,6.0,3.0,5.0,4.0,2.0,1.0,1.0,5.0,6.0,6.0,128.0,8.0,1.0,128.0,2.0,1.0,1.0,1.0,1.0,128.0,32.0,1.0,1.0,3.0,4.0,6.0,4.0,4.0,4.0,2.0,4.0,3.0,2.0,1.0,5.0,6.0,5.0,6.0,4.0,2.0,512.0,8.0,1.0,12.0,1.0,1.0,1.0,1.0,1.0,64.0,4.0,1.0,908644461.0,40644365.0,19706800000.0,123.9858888888889,3136.0,10.0,98304.0,3.6931277128112264e+16
2048000.0,2048000.0,3136.0,64.0,3.0,30.0,48.0,38.0,2.0,5.0,5.0,4.0,5.0,3.0,5.0,4.0,2.0,6.0,3.0,3.0,4.0,4.0,4.0,1.0,6.0,6.0,6.0,2.0,4.0,2.0,3.0,3.0,16.0,4096.0,1.0,4.0,4.0,1.0,1.0,1.0,1.0,64.0,4.0,1.0,4.0,3.0,3.0,4.0,2.0,6.0,2.0,6.0,4.0,1.0,4.0,6.0,3.0,2.0,5.0,5.0,6.0,3.0,8.0,64.0,1.0,256.0,12.0,1.0,1.0,1.0,1.0,2.0,64.0,1.0,3112918151.0,35033037.0,19706800000.0,124.67977777777779,3136.0,10.0,557568.0,1.090549767619546e+17
16000.0,256000.0,3136.0,64.0,3.0,32.0,6.0,42.0,5.0,6.0,5.0,5.0,1.0,1.0,5.0,4.0,1.0,2.0,1.0,3.0,1.0,6.0,2.0,3.0,5.0,1.0,6.0,4.0,5.0,3.0,5.0,5.0,1.0,4.0,1.0,32.0,64.0,1.0,1.0,1.0,1.0,16.0,64.0,1.0,4.0,2.0,4.0,5.0,6.0,1.0,1.0,5.0,1.0,4.0,6.0,6.0,4.0,1.0,2.0,6.0,1.0,5.0,1024.0,512.0,1.0,6.0,2.0,1.0,1.0,1.0,1.0,64.0,4.0,1.0,1858886612.0,34172490.0,19706800000.0,124.81511111111111,3136.0,10.0,574208.0,6.352278415970388e+16
2048000.0,32000.0,3136.0,64.0,3.0,10.0,30.0,8.0,2.0,6.0,2.0,6.0,6.0,5.0,6.0,5.0,1.0,3.0,1.0,2.0,2.0,4.0,1.0,2.0,1.0,6.0,5.0,3.0,5.0,4.0,3.0,2.0,1.0,1.0,1.0,1.0,64.0,1.0,1.0,1.0,1.0,1.0,16.0,1.0,2.0,5.0,2.0,1.0,3.0,1.0,3.0,2.0,2.0,2.0,2.0,5.0,3.0,6.0,6.0,1.0,5.0,2.0,16.0,128.0,1.0,4.0,6.0,1.0,1.0,1.0,1.0,64.0,8.0,1.0,2756788294.0,63428340.0,19706800000.0,123.876,3136.0,10.0,87296.0,1.7485850521985197e+17
128.0,16000000.0,3136.0,64.0,3.0,22.0,46.0,28.0,4.0,1.0,5.0,2.0,3.0,6.0,4.0,6.0,1.0,4.0,3.0,1.0,1.0,1.0,4.0,1.0,5.0,3.0,5.0,4.0,2.0,1.0,3.0,6.0,32.0,1024.0,1.0,16.0,4.0,1.0,1.0,1.0,1.0,4.0,2.0,1.0,1.0,3.0,6.0,2.0,2.0,6.0,3.0,1.0,3.0,1.0,1.0,3.0,2.0,6.0,1.0,1.0,4.0,4.0,512.0,256.0,1.0,128.0,1024.0,1.0,1.0,1.0,1.0,16.0,80.0,1.0,10201234341.0,34702753.0,19706900000.0,126.22722222222222,3136.0,10.0,1294336.0,3.5401091563084077e+17
512.0,2048000.0,3136.0,64.0,3.0,18.0,4.0,6.0,5.0,1.0,1.0,6.0,5.0,6.0,4.0,4.0,6.0,5.0,2.0,2.0,1.0,3.0,5.0,3.0,5.0,4.0,2.0,5.0,3.0,5.0,3.0,2.0,8.0,1.0,1.0,512.0,8.0,1.0,1.0,1.0,1.0,32.0,2.0,1.0,5.0,3.0,2.0,2.0,2.0,6.0,6.0,3.0,4.0,4.0,6.0,6.0,2.0,4.0,4.0,5.0,4.0,6.0,8.0,512.0,1.0,2.0,16.0,1.0,1.0,1.0,1.0,1.0,1.0,1.0,469261550.0,36010492.0,19706800000.0,124.45766666666667,3136.0,10.0,290944.0,1.68983392921826e+16
2048000.0,64000.0,3136.0,64.0,3.0,6.0,14.0,26.0,5.0,1.0,2.0,4.0,1.0,6.0,1.0,1.0,6.0,2.0,2.0,4.0,5.0,2.0,6.0,1.0,6.0,3.0,5.0,3.0,6.0,4.0,4.0,3.0,128.0,32.0,1.0,1024.0,2048.0,1.0,1.0,1.0,1.0,128.0,16.0,1.0,3.0,5.0,1.0,2.0,3.0,1.0,3.0,4.0,4.0,6.0,2.0,6.0,1.0,2.0,4.0,1.0,6.0,2.0,4096.0,1.0,1.0,384.0,16.0,1.0,1.0,1.0,1.0,160.0,320.0,1.0,206800516.0,32631705.0,19707400000.0,136.8662222222222,3136.0,10.0,6012928.0,6748253431959780.0
8192.0,16000.0,3136.0,64.0,3.0,6.0,24.0,12.0,1.0,3.0,5.0,1.0,2.0,5.0,5.0,1.0,1.0,1.0,4.0,4.0,2.0,1.0,3.0,4.0,6.0,2.0,6.0,5.0,4.0,5.0,5.0,3.0,128.0,4.0,1.0,32.0,64.0,1.0,1.0,1.0,1.0,1.0,64.0,1.0,1.0,2.0,5.0,3.0,5.0,1.0,4.0,3.0,4.0,5.0,1.0,3.0,3.0,6.0,5.0,5.0,6.0,2.0,2.0,64.0,1.0,48.0,48.0,1.0,1.0,1.0,1.0,1.0,8.0,1.0,2202837026.0,47232289.0,19706700000.0,123.76166666666667,3136.0,10.0,40960.0,1.0404503503193251e+17
128000.0,128000.0,3136.0,64.0,3.0,42.0,22.0,48.0,4.0,4.0,1.0,6.0,5.0,2.0,2.0,2.0,6.0,5.0,6.0,4.0,2.0,5.0,3.0,1.0,1.0,2.0,1.0,2.0,2.0,4.0,6.0,6.0,512.0,128.0,1.0,16.0,16.0,1.0,1.0,1.0,1.0,1.0,4.0,1.0,2.0,5.0,1.0,1.0,3.0,5.0,1.0,3.0,1.0,6.0,2.0,2.0,4.0,2.0,6.0,3.0,3.0,2.0,2.0,4.0,1.0,128.0,3.0,1.0,1.0,1.0,1.0,64.0,4.0,1.0,4700413973.0,57084377.0,19706700000.0,123.78788888888889,3136.0,10.0,34816.0,2.683202032907998e+17
128000.0,32000000.0,3136.0,64.0,3.0,24.0,24.0,34.0,5.0,3.0,2.0,5.0,3.0,1.0,1.0,2.0,6.0,3.0,5.0,2.0,4.0,6.0,4.0,2.0,3.0,3.0,1.0,5.0,3.0,4.0,3.0,3.0,256.0,512.0,1.0,2048.0,512.0,1.0,1.0,1.0,1.0,1.0,16.0,1.0,6.0,4.0,4.0,5.0,2.0,2.0,3.0,2.0,6.0,4.0,1.0,2.0,4.0,4.0,3.0,5.0,1.0,5.0,32.0,4.0,1.0,2.0,24.0,1.0,1.0,1.0,1.0,1.0,5.0,1.0,1123038417.0,52118724.0,19707400000.0,133.51677777777778,3136.0,10.0,6406144.0,5.85313292970199e+16
512000.0,256000.0,3136.0,64.0,3.0,18.0,26.0,4.0,3.0,6.0,1.0,1.0,2.0,6.0,5.0,3.0,5.0,1.0,6.0,6.0,5.0,2.0,1.0,2.0,3.0,1.0,4.0,4.0,2.0,3.0,3.0,4.0,8.0,64.0,1.0,2.0,2048.0,1.0,1.0,1.0,1.0,1.0,64.0,1.0,2.0,3.0,4.0,5.0,1.0,6.0,5.0,1.0,4.0,2.0,6.0,6.0,3.0,5.0,2.0,1.0,4.0,6.0,2048.0,1024.0,1.0,24.0,24.0,1.0,1.0,1.0,1.0,80.0,80.0,1.0,20305859588.0,35569151.0,19706800000.0,125.32333333333332,3136.0,10.0,532480.0,7.222621858703698e+17
8192.0,1024000.0,3136.0,64.0,3.0,8.0,22.0,44.0,2.0,5.0,3.0,2.0,4.0,1.0,5.0,3.0,4.0,1.0,6.0,3.0,4.0,3.0,1.0,1.0,5.0,1.0,2.0,4.0,2.0,3.0,2.0,6.0,256.0,4.0,1.0,1.0,1024.0,1.0,1.0,1.0,1.0,8.0,2.0,1.0,2.0,6.0,3.0,5.0,1.0,4.0,2.0,1.0,1.0,5.0,6.0,6.0,2.0,6.0,2.0,2.0,3.0,2.0,8.0,128.0,1.0,192.0,1024.0,1.0,1.0,1.0,1.0,1.0,8.0,1.0,3997936427.0,44190396.5,19706800000.0,125.05633333333333,3136.0,10.0,544768.0,1.766703958909233e+17
64000.0,1024000.0,3136.0,64.0,3.0,16.0,28.0,48.0,3.0,5.0,6.0,2.0,3.0,4.0,5.0,3.0,6.0,6.0,1.0,6.0,5.0,1.0,5.0,3.0,6.0,6.0,5.0,1.0,6.0,3.0,4.0,1.0,512.0,128.0,1.0,4.0,256.0,1.0,1.0,1.0,1.0,128.0,1.0,1.0,3.0,6.0,3.0,4.0,4.0,5.0,5.0,3.0,4.0,2.0,3.0,6.0,3.0,6.0,1.0,4.0,6.0,6.0,128.0,1.0,1.0,12.0,3.0,1.0,1.0,1.0,1.0,160.0,80.0,1.0,348407332.0,41005786.2,19706800000.0,124.47822222222221,3136.0,10.0,458752.0,1.428671656650442e+16
256000.0,32000000.0,3136.0,64.0,3.0,38.0,6.0,12.0,4.0,5.0,6.0,2.0,1.0,1.0,2.0,3.0,1.0,2.0,6.0,2.0,3.0,4.0,1.0,4.0,1.0,6.0,2.0,5.0,5.0,1.0,6.0,5.0,64.0,1024.0,1.0,128.0,4.0,1.0,1.0,1.0,1.0,1.0,1.0,1.0,3.0,6.0,5.0,1.0,1.0,1.0,2.0,5.0,1.0,1.0,1.0,3.0,1.0,4.0,2.0,5.0,6.0,2.0,16.0,4.0,1.0,3.0,128.0,1.0,1.0,1.0,1.0,4.0,20.0,1.0,2694824113.0,38708718.0,19706800000.0,124.11077777777778,3136.0,10.0,266752.0,1.0431318664971714e+17
128.0,32000000.0,3136.0,64.0,3.0,32.0,18.0,42.0,1.0,5.0,1.0,6.0,3.0,1.0,4.0,6.0,2.0,3.0,4.0,3.0,6.0,2.0,1.0,1.0,1.0,1.0,2.0,1.0,4.0,5.0,5.0,5.0,256.0,4.0,1.0,8.0,128.0,1.0,1.0,1.0,1.0,1.0,64.0,1.0,4.0,6.0,5.0,6.0,1.0,6.0,5.0,1.0,1.0,1.0,4.0,3.0,3.0,4.0,1.0,6.0,4.0,5.0,256.0,8.0,1.0,12.0,64.0,1.0,1.0,1.0,1.0,10.0,20.0,1.0,1081032848.0,35143340.0,19706800000.0,124.09522222222222,3136.0,10.0,163840.0,3.799110492843232e+16
128.0,4096000.0,3136.0,64.0,3.0,12.0,12.0,24.0,3.0,1.0,2.0,3.0,2.0,5.0,6.0,2.0,2.0,5.0,2.0,3.0,3.0,5.0,6.0,4.0,1.0,4.0,3.0,3.0,2.0,4.0,2.0,2.0,2048.0,512.0,1.0,1.0,2048.0,1.0,1.0,1.0,1.0,4.0,2.0,1.0,2.0,3.0,1.0,5.0,1.0,6.0,3.0,4.0,4.0,1.0,1.0,4.0,1.0,4.0,2.0,4.0,5.0,3.0,16.0,4.0,1.0,12.0,1536.0,1.0,1.0,1.0,1.0,80.0,16.0,1.0,1710505761.0,38756403.8,19707600000.0,137.16588888888887,3136.0,10.0,8421376.0,6.629305197554229e+16
512.0,32000.0,3136.0,64.0,3.0,34.0,6.0,40.0,1.0,4.0,5.0,5.0,1.0,6.0,5.0,4.0,1.0,3.0,3.0,3.0,4.0,6.0,6.0,3.0,3.0,4.0,2.0,5.0,6.0,2.0,6.0,2.0,1024.0,1.0,1.0,512.0,2048.0,1.0,1.0,1.0,1.0,16.0,8.0,1.0,4.0,4.0,2.0,3.0,5.0,6.0,1.0,2.0,2.0,3.0,2.0,5.0,1.0,1.0,1.0,5.0,5.0,5.0,32.0,128.0,1.0,384.0,64.0,1.0,1.0,1.0,1.0,320.0,32.0,1.0,4429507737.0,33158248.0,19707200000.0,131.08188888888887,3136.0,10.0,4292608.0,1.4687471606136477e+17
512.0,256000.0,3136.0,64.0,3.0,2.0,8.0,42.0,2.0,3.0,3.0,6.0,3.0,2.0,6.0,5.0,5.0,3.0,2.0,2.0,1.0,5.0,5.0,5.0,6.0,1.0,5.0,4.0,4.0,4.0,5.0,6.0,64.0,128.0,1.0,256.0,512.0,1.0,1.0,1.0,1.0,2.0,64.0,1.0,2.0,3.0,2.0,6.0,6.0,1.0,6.0,5.0,5.0,5.0,6.0,3.0,6.0,3.0,1.0,4.0,4.0,2.0,512.0,2048.0,1.0,6.0,256.0,1.0,1.0,1.0,1.0,160.0,20.0,1.0,2489384297.0,32813449.0,19707000000.0,128.97155555555557,3136.0,10.0,2523136.0,8.168528467101035e+16
512.0,512000.0,3136.0,64.0,3.0,20.0,44.0,42.0,3.0,3.0,2.0,5.0,3.0,5.0,1.0,3.0,3.0,4.0,5.0,6.0,5.0,6.0,5.0,3.0,1.0,6.0,6.0,4.0,2.0,2.0,2.0,5.0,2048.0,4.0,1.0,4.0,1.0,1.0,1.0,1.0,1.0,32.0,16.0,1.0,3.0,5.0,2.0,6.0,2.0,4.0,6.0,5.0,6.0,1.0,1.0,5.0,1.0,4.0,4.0,4.0,5.0,4.0,1.0,512.0,1.0,512.0,192.0,1.0,1.0,1.0,1.0,64.0,1.0,1.0,4971579115.0,36876696.0,19706800000.0,125.16577777777778,3136.0,10.0,655360.0,1.8333541166380403e+17
16000.0,32000.0,3136.0,64.0,3.0,46.0,38.0,16.0,2.0,4.0,1.0,2.0,5.0,5.0,2.0,2.0,5.0,5.0,1.0,6.0,2.0,4.0,2.0,1.0,1.0,3.0,3.0,4.0,5.0,2.0,5.0,1.0,2048.0,512.0,1.0,256.0,16.0,1.0,1.0,1.0,1.0,1.0,16.0,1.0,3.0,3.0,1.0,6.0,2.0,3.0,6.0,5.0,3.0,3.0,5.0,1.0,1.0,4.0,3.0,1.0,6.0,1.0,32.0,1024.0,1.0,3.0,3072.0,1.0,1.0,1.0,1.0,64.0,5.0,1.0,7022189868.0,34454065.0,19707500000.0,138.46777777777777,3136.0,10.0,6815744.0,2.419429861544134e+17
256000.0,16000.0,3136.0,64.0,3.0,38.0,48.0,16.0,2.0,5.0,4.0,5.0,2.0,1.0,1.0,1.0,4.0,5.0,6.0,1.0,5.0,2.0,1.0,4.0,6.0,5.0,3.0,5.0,6.0,3.0,2.0,2.0,2048.0,512.0,1.0,64.0,2048.0,1.0,1.0,1.0,1.0,64.0,2.0,1.0,4.0,6.0,1.0,1.0,2.0,5.0,2.0,5.0,1.0,1.0,5.0,5.0,4.0,2.0,3.0,4.0,2.0,3.0,2048.0,1024.0,1.0,1.0,96.0,1.0,1.0,1.0,1.0,80.0,16.0,1.0,171990336.0,32984313.8,19707700000.0,141.53711111111113,3136.0,10.0,9437184.0,5672983213191437.0
256.0,4096000.0,3136.0,64.0,3.0,12.0,8.0,48.0,2.0,4.0,1.0,4.0,1.0,6.0,5.0,2.0,6.0,4.0,3.0,5.0,3.0,2.0,2.0,6.0,3.0,4.0,1.0,2.0,5.0,3.0,5.0,5.0,128.0,1024.0,1.0,16.0,4.0,1.0,1.0,1.0,1.0,4.0,16.0,1.0,6.0,1.0,2.0,1.0,1.0,4.0,4.0,6.0,6.0,3.0,1.0,3.0,4.0,5.0,5.0,5.0,4.0,4.0,8.0,256.0,1.0,1024.0,6.0,1.0,1.0,1.0,1.0,64.0,160.0,1.0,635747313.0,33939265.0,19706800000.0,125.57433333333333,3136.0,10.0,933888.0,2.1576796528944944e+16
32000.0,32000000.0,3136.0,64.0,3.0,42.0,16.0,40.0,1.0,4.0,1.0,3.0,4.0,6.0,5.0,2.0,4.0,4.0,4.0,1.0,3.0,1.0,1.0,6.0,4.0,5.0,5.0,1.0,6.0,2.0,6.0,1.0,4.0,128.0,1.0,2.0,16.0,1.0,1.0,1.0,1.0,8.0,64.0,1.0,5.0,6.0,3.0,5.0,6.0,1.0,5.0,2.0,5.0,1.0,4.0,4.0,2.0,4.0,5.0,6.0,3.0,4.0,1.0,32.0,1.0,24.0,128.0,1.0,1.0,1.0,1.0,2.0,8.0,1.0,3996770330.0,36150641.0,19706700000.0,123.73822222222222,3136.0,10.0,22528.0,1.4448580935928154e+17
8192.0,1024000.0,3136.0,64.0,3.0,18.0,48.0,38.0,6.0,6.0,4.0,1.0,3.0,1.0,6.0,2.0,6.0,1.0,5.0,5.0,2.0,3.0,5.0,5.0,2.0,6.0,4.0,2.0,3.0,3.0,2.0,2.0,4.0,128.0,1.0,8.0,1024.0,1.0,1.0,1.0,1.0,16.0,32.0,1.0,1.0,5.0,2.0,6.0,3.0,4.0,4.0,4.0,6.0,6.0,6.0,5.0,2.0,2.0,2.0,1.0,1.0,4.0,4.0,2048.0,1.0,3.0,24.0,1.0,1.0,1.0,1.0,1.0,10.0,1.0,2722342179.0,43486019.0,19706800000.0,124.46588888888888,3136.0,10.0,335872.0,1.1838382372049541e+17
64000.0,16000000.0,3136.0,64.0,3.0,20.0,12.0,8.0,2.0,4.0,2.0,4.0,1.0,6.0,2.0,2.0,6.0,5.0,5.0,1.0,5.0,3.0,1.0,5.0,6.0,1.0,5.0,5.0,4.0,2.0,6.0,6.0,1024.0,512.0,1.0,128.0,256.0,1.0,1.0,1.0,1.0,8.0,32.0,1.0,6.0,4.0,6.0,5.0,6.0,4.0,5.0,2.0,2.0,4.0,5.0,2.0,5.0,6.0,3.0,1.0,1.0,1.0,1.0,512.0,1.0,768.0,3072.0,1.0,1.0,1.0,1.0,80.0,5.0,1.0,2551477291.0,33108439.0,19707100000.0,131.74111111111114,3136.0,10.0,3719168.0,8.447543024895875e+16
2048000.0,16000000.0,3136.0,64.0,3.0,36.0,10.0,14.0,4.0,4.0,5.0,5.0,2.0,2.0,3.0,5.0,4.0,6.0,1.0,2.0,6.0,2.0,6.0,3.0,3.0,6.0,1.0,4.0,5.0,5.0,1.0,2.0,2.0,128.0,1.0,4.0,256.0,1.0,1.0,1.0,1.0,128.0,8.0,1.0,3.0,6.0,1.0,2.0,1.0,6.0,6.0,3.0,6.0,4.0,3.0,4.0,1.0,4.0,1.0,1.0,5.0,4.0,4.0,4096.0,1.0,8.0,3.0,1.0,1.0,1.0,1.0,10.0,10.0,1.0,548840632.0,43857693.0,19706800000.0,124.21688888888889,3136.0,10.0,163840.0,2.4070883944181976e+16
8192.0,128000.0,3136.0,64.0,3.0,6.0,22.0,10.0,3.0,2.0,4.0,4.0,2.0,1.0,6.0,6.0,1.0,6.0,5.0,6.0,5.0,5.0,2.0,1.0,2.0,2.0,2.0,1.0,3.0,4.0,4.0,2.0,1.0,64.0,1.0,2048.0,128.0,1.0,1.0,1.0,1.0,4.0,128.0,1.0,4.0,4.0,2.0,3.0,3.0,4.0,6.0,5.0,1.0,4.0,3.0,1.0,3.0,5.0,2.0,4.0,6.0,4.0,1024.0,128.0,1.0,96.0,48.0,1.0,1.0,1.0,1.0,5.0,4.0,1.0,2115183193.0,33756291.0,19706800000.0,125.31244444444444,3136.0,10.0,802816.0,7.140073938121716e+16
512.0,64000.0,3136.0,64.0,3.0,10.0,24.0,2.0,4.0,6.0,3.0,3.0,1.0,2.0,3.0,5.0,3.0,1.0,3.0,4.0,1.0,3.0,2.0,1.0,6.0,2.0,1.0,2.0,1.0,3.0,3.0,1.0,8.0,1024.0,1.0,2.0,16.0,1.0,1.0,1.0,1.0,16.0,128.0,1.0,2.0,5.0,5.0,4.0,5.0,5.0,1.0,5.0,3.0,6.0,6.0,4.0,6.0,6.0,1.0,2.0,2.0,4.0,16.0,256.0,1.0,24.0,2.0,1.0,1.0,1.0,1.0,1.0,160.0,1.0,241241769.0,34225445.5,19706900000.0,128.402,3136.0,10.0,1515008.0,8256607017233090.0
128.0,8192000.0,3136.0,64.0,3.0,48.0,26.0,34.0,2.0,5.0,5.0,3.0,4.0,5.0,6.0,4.0,1.0,3.0,2.0,5.0,2.0,4.0,4.0,4.0,5.0,3.0,2.0,4.0,1.0,3.0,5.0,6.0,2.0,64.0,1.0,2048.0,128.0,1.0,1.0,1.0,1.0,64.0,8.0,1.0,6.0,4.0,2.0,1.0,3.0,4.0,6.0,5.0,6.0,4.0,6.0,4.0,6.0,4.0,3.0,1.0,5.0,3.0,8.0,32.0,1.0,128.0,16.0,1.0,1.0,1.0,1.0,8.0,16.0,1.0,699151546.0,36104431.0,19706800000.0,124.525,3136.0,10.0,532480.0,2.524246875110033e+16
256.0,64000.0,3136.0,64.0,3.0,38.0,4.0,14.0,2.0,3.0,6.0,6.0,2.0,6.0,5.0,1.0,5.0,6.0,4.0,2.0,6.0,1.0,6.0,4.0,1.0,6.0,1.0,2.0,1.0,2.0,6.0,3.0,512.0,2.0,1.0,4.0,1024.0,1.0,1.0,1.0,1.0,128.0,16.0,1.0,2.0,2.0,6.0,6.0,4.0,6.0,1.0,5.0,5.0,4.0,6.0,5.0,3.0,2.0,4.0,5.0,3.0,2.0,2048.0,1.0,1.0,128.0,192.0,1.0,1.0,1.0,1.0,32.0,10.0,1.0,5629807699.0,35062516.2,19706900000.0,127.67588888888889,3136.0,10.0,1441792.0,1.9739522364907226e+17
128.0,512000.0,3136.0,64.0,3.0,26.0,34.0,38.0,1.0,5.0,4.0,1.0,2.0,2.0,4.0,2.0,2.0,1.0,2.0,3.0,2.0,3.0,6.0,1.0,6.0,5.0,5.0,3.0,3.0,6.0,5.0,1.0,256.0,8.0,1.0,64.0,8.0,1.0,1.0,1.0,1.0,8.0,2.0,1.0,6.0,3.0,4.0,1.0,1.0,2.0,3.0,5.0,3.0,3.0,1.0,2.0,5.0,3.0,4.0,6.0,6.0,2.0,32.0,16.0,1.0,128.0,16.0,1.0,1.0,1.0,1.0,16.0,32.0,1.0,856438818.0,36138842.0,19706700000.0,123.77677777777778,3136.0,10.0,37888.0,3.0950707126368756e+16
8192.0,16000000.0,3136.0,64.0,3.0,26.0,32.0,22.0,2.0,4.0,5.0,2.0,4.0,5.0,2.0,5.0,1.0,4.0,2.0,6.0,5.0,5.0,6.0,5.0,4.0,6.0,1.0,2.0,3.0,5.0,3.0,3.0,32.0,8.0,1.0,512.0,4.0,1.0,1.0,1.0,1.0,32.0,16.0,1.0,2.0,6.0,3.0,3.0,3.0,5.0,1.0,5.0,1.0,3.0,5.0,4.0,1.0,1.0,1.0,1.0,3.0,5.0,256.0,512.0,1.0,16.0,3.0,1.0,1.0,1.0,1.0,160.0,32.0,1.0,8632853673.0,39343608.0,19706800000.0,124.1421111111111,3136.0,10.0,185344.0,3.396476108318722e+17
1024000.0,32000.0,3136.0,64.0,3.0,22.0,36.0,8.0,1.0,5.0,1.0,3.0,3.0,2.0,2.0,2.0,2.0,1.0,3.0,4.0,2.0,5.0,5.0,4.0,4.0,5.0,1.0,6.0,5.0,4.0,5.0,4.0,8.0,256.0,1.0,32.0,1.0,1.0,1.0,1.0,1.0,64.0,128.0,1.0,4.0,1.0,2.0,1.0,2.0,2.0,5.0,5.0,4.0,3.0,3.0,3.0,2.0,5.0,5.0,6.0,5.0,6.0,128.0,512.0,1.0,32.0,16.0,1.0,1.0,1.0,1.0,4.0,8.0,1.0,1141270679.0,34850172.6,19706800000.0,124.05122222222222,3136.0,10.0,119808.0,3.97734801464692e+16
32000.0,16000000.0,3136.0,64.0,3.0,42.0,42.0,42.0,3.0,6.0,3.0,3.0,2.0,3.0,5.0,3.0,3.0,5.0,3.0,5.0,6.0,6.0,6.0,4.0,2.0,1.0,3.0,1.0,2.0,1.0,2.0,2.0,1.0,1024.0,1.0,128.0,512.0,1.0,1.0,1.0,1.0,16.0,128.0,1.0,1.0,4.0,1.0,2.0,3.0,4.0,1.0,5.0,4.0,4.0,4.0,3.0,2.0,6.0,5.0,6.0,6.0,4.0,2048.0,256.0,1.0,512.0,512.0,1.0,1.0,1.0,1.0,5.0,10.0,1.0,21207041197.0,37150638.0,19707000000.0,130.01144444444444,3136.0,10.0,2148352.0,7.878551105608337e+17
16000.0,32000.0,3136.0,64.0,3.0,22.0,12.0,14.0,5.0,3.0,5.0,6.0,6.0,6.0,3.0,2.0,1.0,2.0,1.0,2.0,3.0,5.0,4.0,1.0,1.0,5.0,4.0,5.0,5.0,4.0,4.0,2.0,4.0,1024.0,1.0,16.0,32.0,1.0,1.0,1.0,1.0,2.0,64.0,1.0,1.0,6.0,3.0,6.0,1.0,5.0,1.0,4.0,5.0,2.0,4.0,5.0,2.0,4.0,5.0,6.0,6.0,2.0,32.0,128.0,1.0,128.0,768.0,1.0,1.0,1.0,1.0,64.0,320.0,1.0,22296999605.0,33241996.4,19706800000.0,125.67422222222221,3136.0,10.0,770048.0,7.411967806002113e+17
4096.0,32000.0,3136.0,64.0,3.0,36.0,12.0,48.0,5.0,6.0,3.0,3.0,2.0,1.0,3.0,2.0,4.0,3.0,5.0,4.0,6.0,5.0,2.0,4.0,6.0,1.0,2.0,4.0,3.0,3.0,5.0,2.0,2048.0,4096.0,1.0,256.0,128.0,1.0,1.0,1.0,1.0,32.0,32.0,1.0,6.0,1.0,2.0,5.0,5.0,1.0,1.0,3.0,1.0,4.0,1.0,2.0,2.0,5.0,6.0,5.0,1.0,6.0,4.0,2.0,1.0,128.0,512.0,1.0,1.0,1.0,1.0,8.0,1.0,1.0,3157339624.0,46579604.0,19707000000.0,127.38122222222222,3136.0,10.0,2375680.0,1.470676293794289e+17
128000.0,128000.0,3136.0,64.0,3.0,38.0,18.0,38.0,1.0,4.0,4.0,5.0,1.0,6.0,1.0,6.0,3.0,4.0,4.0,1.0,6.0,3.0,2.0,2.0,1.0,5.0,4.0,1.0,5.0,6.0,4.0,3.0,64.0,16.0,1.0,2.0,256.0,1.0,1.0,1.0,1.0,64.0,8.0,1.0,5.0,3.0,6.0,1.0,2.0,6.0,4.0,2.0,5.0,6.0,1.0,6.0,1.0,2.0,2.0,4.0,2.0,2.0,32.0,8.0,1.0,3.0,3.0,1.0,1.0,1.0,1.0,64.0,5.0,1.0,8420724769.0,60284452.0,19706800000.0,123.80522222222221,3136.0,10.0,73728.0,5.076387781419916e+17
32000.0,128000.0,3136.0,64.0,3.0,18.0,22.0,28.0,6.0,4.0,6.0,5.0,3.0,3.0,3.0,5.0,6.0,4.0,5.0,3.0,5.0,4.0,6.0,2.0,2.0,1.0,2.0,6.0,5.0,4.0,5.0,5.0,64.0,256.0,1.0,256.0,16.0,1.0,1.0,1.0,1.0,16.0,2.0,1.0,5.0,3.0,6.0,4.0,3.0,1.0,6.0,6.0,1.0,1.0,6.0,6.0,1.0,3.0,3.0,6.0,4.0,1.0,128.0,64.0,1.0,768.0,16.0,1.0,1.0,1.0,1.0,32.0,80.0,1.0,342414854.0,34101370.0,19706900000.0,127.07955555555556,3136.0,10.0,1208320.0,1.167681562974998e+16
64000.0,64000.0,3136.0,64.0,3.0,34.0,32.0,48.0,2.0,3.0,3.0,1.0,2.0,5.0,1.0,5.0,2.0,5.0,1.0,5.0,6.0,4.0,1.0,4.0,6.0,3.0,4.0,5.0,4.0,1.0,4.0,5.0,128.0,512.0,1.0,2048.0,2048.0,1.0,1.0,1.0,1.0,16.0,16.0,1.0,2.0,1.0,6.0,1.0,5.0,1.0,2.0,1.0,5.0,1.0,4.0,1.0,1.0,6.0,2.0,4.0,1.0,2.0,2048.0,2.0,1.0,12.0,768.0,1.0,1.0,1.0,1.0,10.0,1.0,1.0,4937248053.0,33591579.0,19707100000.0,133.16155555555557,3136.0,10.0,3202048.0,1.658499580149457e+17
2048000.0,8192000.0,3136.0,64.0,3.0,42.0,40.0,10.0,1.0,1.0,3.0,1.0,4.0,5.0,1.0,1.0,2.0,3.0,2.0,3.0,6.0,4.0,5.0,6.0,4.0,1.0,2.0,5.0,6.0,5.0,4.0,5.0,8.0,256.0,1.0,2048.0,16.0,1.0,1.0,1.0,1.0,16.0,32.0,1.0,4.0,3.0,2.0,6.0,5.0,6.0,3.0,3.0,3.0,5.0,3.0,4.0,3.0,5.0,5.0,3.0,1.0,2.0,64.0,4.0,1.0,8.0,4.0,1.0,1.0,1.0,1.0,8.0,80.0,1.0,24587502514.0,35191938.0,19706900000.0,125.5411111111111,3136.0,10.0,1196032.0,8.652818640475322e+17
32000.0,16000.0,3136.0,64.0,3.0,20.0,42.0,8.0,1.0,5.0,2.0,6.0,1.0,5.0,5.0,1.0,1.0,4.0,6.0,2.0,5.0,6.0,6.0,2.0,2.0,3.0,5.0,3.0,2.0,3.0,5.0,6.0,1.0,256.0,1.0,8.0,16.0,1.0,1.0,1.0,1.0,64.0,8.0,1.0,1.0,6.0,2.0,4.0,1.0,1.0,1.0,4.0,1.0,3.0,2.0,4.0,6.0,6.0,5.0,4.0,2.0,3.0,2.0,4.0,1.0,1536.0,8.0,1.0,1.0,1.0,1.0,10.0,2.0,1.0,1179000880.0,54973170.7,19706800000.0,124.35755555555556,3136.0,10.0,289488.0,6.4813416631690216e+16
512.0,2048000.0,3136.0,64.0,3.0,24.0,48.0,30.0,4.0,2.0,1.0,2.0,5.0,4.0,1.0,3.0,5.0,6.0,4.0,6.0,6.0,5.0,6.0,4.0,5.0,6.0,5.0,3.0,3.0,2.0,1.0,5.0,128.0,1024.0,1.0,64.0,1024.0,1.0,1.0,1.0,1.0,16.0,4.0,1.0,2.0,1.0,2.0,1.0,3.0,5.0,5.0,3.0,5.0,5.0,4.0,6.0,2.0,1.0,2.0,1.0,6.0,4.0,4096.0,16.0,1.0,48.0,128.0,1.0,1.0,1.0,1.0,160.0,40.0,1.0,47332301.0,33818384.0,19707000000.0,131.59955555555555,3136.0,10.0,2400256.0,1600701930821584.0
256.0,2048000.0,3136.0,64.0,3.0,12.0,40.0,40.0,6.0,5.0,6.0,3.0,5.0,5.0,1.0,3.0,1.0,1.0,5.0,5.0,4.0,5.0,3.0,6.0,6.0,1.0,6.0,5.0,6.0,6.0,5.0,2.0,16.0,1024.0,1.0,64.0,256.0,1.0,1.0,1.0,1.0,2.0,2.0,1.0,6.0,1.0,5.0,1.0,2.0,5.0,5.0,5.0,4.0,2.0,5.0,2.0,5.0,5.0,5.0,4.0,3.0,2.0,64.0,8.0,1.0,4.0,16.0,1.0,1.0,1.0,1.0,2.0,40.0,1.0,6186582366.0,38926395.4,19706800000.0,124.5111111111111,3136.0,10.0,529408.0,2.4082135135358352e+17
1024000.0,16000.0,3136.0,64.0,3.0,22.0,6.0,12.0,3.0,6.0,2.0,2.0,6.0,2.0,6.0,5.0,1.0,5.0,2.0,2.0,4.0,2.0,1.0,6.0,5.0,5.0,3.0,2.0,2.0,2.0,3.0,1.0,1.0,1024.0,1.0,8.0,4.0,1.0,1.0,1.0,1.0,64.0,128.0,1.0,5.0,6.0,1.0,1.0,4.0,5.0,6.0,3.0,6.0,1.0,1.0,5.0,6.0,3.0,5.0,3.0,1.0,1.0,512.0,8.0,1.0,24.0,64.0,1.0,1.0,1.0,1.0,40.0,2.0,1.0,9725299977.0,34044878.0,19706800000.0,124.32711111111111,3136.0,10.0,280576.0,3.310966512303678e+17
16000.0,16000.0,3136.0,64.0,3.0,24.0,6.0,6.0,5.0,4.0,2.0,3.0,4.0,4.0,5.0,4.0,6.0,5.0,2.0,2.0,4.0,1.0,4.0,4.0,2.0,1.0,3.0,4.0,2.0,1.0,6.0,2.0,128.0,512.0,1.0,16.0,1.0,1.0,1.0,1.0,1.0,16.0,1.0,1.0,1.0,1.0,2.0,4.0,1.0,1.0,6.0,2.0,3.0,5.0,4.0,2.0,2.0,5.0,4.0,2.0,3.0,2.0,32.0,2.0,1.0,128.0,6.0,1.0,1.0,1.0,1.0,8.0,320.0,1.0,116423006.0,33601179.0,19707000000.0,129.024,3136.0,10.0,2576384.0,3911950264324074.0
1024000.0,2048000.0,3136.0,64.0,3.0,4.0,48.0,48.0,4.0,2.0,1.0,2.0,1.0,6.0,6.0,4.0,3.0,6.0,1.0,2.0,4.0,5.0,2.0,5.0,4.0,6.0,5.0,2.0,3.0,2.0,1.0,4.0,8.0,32.0,1.0,8.0,1024.0,1.0,1.0,1.0,1.0,2.0,16.0,1.0,3.0,6.0,2.0,3.0,4.0,5.0,2.0,6.0,6.0,1.0,1.0,6.0,5.0,2.0,1.0,5.0,3.0,1.0,128.0,16.0,1.0,128.0,12.0,1.0,1.0,1.0,1.0,160.0,8.0,1.0,360580712.0,34943843.0,19706800000.0,124.05544444444443,3136.0,10.0,114688.0,1.2600075788956216e+16
1024000.0,32000000.0,3136.0,64.0,3.0,30.0,28.0,4.0,5.0,1.0,1.0,1.0,6.0,5.0,5.0,2.0,2.0,4.0,4.0,4.0,3.0,2.0,4.0,3.0,6.0,3.0,3.0,2.0,5.0,2.0,6.0,3.0,512.0,512.0,1.0,2048.0,512.0,1.0,1.0,1.0,1.0,4.0,2.0,1.0,1.0,4.0,2.0,2.0,3.0,4.0,3.0,1.0,1.0,3.0,2.0,5.0,2.0,5.0,6.0,6.0,6.0,2.0,1.0,512.0,1.0,1024.0,3072.0,1.0,1.0,1.0,1.0,64.0,4.0,1.0,1260801936.0,33681886.2,19707100000.0,133.839,3136.0,10.0,3604480.0,4.246618732909169e+16
128.0,256000.0,3136.0,64.0,3.0,38.0,4.0,36.0,6.0,5.0,6.0,1.0,6.0,2.0,3.0,2.0,2.0,4.0,2.0,2.0,3.0,1.0,1.0,6.0,6.0,6.0,3.0,4.0,5.0,1.0,1.0,2.0,64.0,32.0,1.0,256.0,2.0,1.0,1.0,1.0,1.0,64.0,4.0,1.0,1.0,4.0,3.0,1.0,5.0,1.0,1.0,2.0,6.0,4.0,6.0,2.0,4.0,4.0,6.0,1.0,5.0,5.0,64.0,2048.0,1.0,1536.0,768.0,1.0,1.0,1.0,1.0,320.0,32.0,1.0,10335833135.0,32584041.0,19708400000.0,156.07844444444444,3136.0,10.0,16187392.0,3.367832106399985e+17
32000.0,64000.0,3136.0,64.0,3.0,20.0,28.0,38.0,4.0,1.0,1.0,6.0,4.0,1.0,3.0,6.0,2.0,6.0,4.0,5.0,4.0,1.0,3.0,3.0,3.0,4.0,5.0,1.0,3.0,3.0,1.0,6.0,256.0,64.0,1.0,128.0,128.0,1.0,1.0,1.0,1.0,128.0,4.0,1.0,2.0,6.0,4.0,1.0,3.0,3.0,2.0,2.0,2.0,1.0,4.0,6.0,3.0,5.0,4.0,1.0,4.0,4.0,128.0,512.0,1.0,192.0,1.0,1.0,1.0,1.0,1.0,80.0,160.0,1.0,2550436088.0,33239580.0,19706800000.0,125.17466666666667,3136.0,10.0,647168.0,8.477542438196304e+16
128000.0,16000000.0,3136.0,64.0,3.0,20.0,40.0,8.0,6.0,2.0,4.0,3.0,6.0,5.0,5.0,6.0,2.0,2.0,4.0,3.0,5.0,2.0,1.0,3.0,5.0,2.0,6.0,3.0,3.0,5.0,5.0,4.0,1024.0,2.0,1.0,2.0,256.0,1.0,1.0,1.0,1.0,1.0,16.0,1.0,6.0,3.0,6.0,3.0,6.0,2.0,5.0,4.0,4.0,4.0,5.0,6.0,5.0,4.0,1.0,6.0,2.0,3.0,512.0,16.0,1.0,96.0,1536.0,1.0,1.0,1.0,1.0,2.0,80.0,1.0,3725373427.0,32540832.6,19708100000.0,152.95677777777777,3136.0,10.0,13484032.0,1.2122675306049533e+17
512000.0,32000000.0,3136.0,64.0,3.0,34.0,24.0,2.0,5.0,3.0,3.0,6.0,4.0,4.0,6.0,1.0,1.0,6.0,2.0,5.0,6.0,1.0,2.0,5.0,4.0,5.0,6.0,2.0,4.0,4.0,1.0,6.0,32.0,1.0,1.0,128.0,2.0,1.0,1.0,1.0,1.0,128.0,32.0,1.0,2.0,2.0,5.0,1.0,2.0,6.0,1.0,5.0,5.0,4.0,5.0,4.0,1.0,3.0,2.0,1.0,1.0,6.0,4.0,2.0,1.0,384.0,768.0,1.0,1.0,1.0,1.0,16.0,20.0,1.0,453095446.0,54583073.0,19706800000.0,124.71744444444444,3136.0,10.0,500224.0,2.473134180498556e+16
128.0,256000.0,3136.0,64.0,3.0,46.0,22.0,38.0,6.0,6.0,6.0,4.0,5.0,5.0,2.0,3.0,2.0,5.0,5.0,2.0,4.0,1.0,3.0,1.0,1.0,5.0,2.0,5.0,5.0,3.0,4.0,3.0,128.0,1.0,1.0,128.0,2048.0,1.0,1.0,1.0,1.0,2.0,16.0,1.0,4.0,4.0,6.0,4.0,3.0,5.0,1.0,4.0,6.0,4.0,1.0,1.0,5.0,2.0,2.0,1.0,2.0,4.0,512.0,256.0,1.0,3072.0,1024.0,1.0,1.0,1.0,1.0,32.0,64.0,1.0,2609245930.0,33572919.0,19707800000.0,145.43244444444443,3136.0,10.0,10027008.0,8.760000225896966e+16
256.0,64000.0,3136.0,64.0,3.0,2.0,2.0,22.0,6.0,1.0,5.0,1.0,3.0,3.0,3.0,5.0,3.0,2.0,4.0,1.0,6.0,5.0,5.0,3.0,4.0,4.0,2.0,3.0,2.0,1.0,2.0,2.0,16.0,32.0,1.0,512.0,1024.0,1.0,1.0,1.0,1.0,128.0,2.0,1.0,3.0,4.0,4.0,4.0,4.0,2.0,5.0,1.0,2.0,6.0,3.0,6.0,5.0,6.0,2.0,2.0,4.0,5.0,32.0,64.0,1.0,1536.0,384.0,1.0,1.0,1.0,1.0,5.0,4.0,1.0,444626573.0,32527863.2,19708100000.0,156.337,3136.0,10.0,12639232.0,1.4462752341628814e+16
256.0,4096000.0,3136.0,64.0,3.0,42.0,44.0,46.0,4.0,4.0,6.0,5.0,2.0,2.0,3.0,5.0,5.0,6.0,4.0,2.0,5.0,6.0,5.0,1.0,6.0,4.0,4.0,1.0,5.0,4.0,6.0,4.0,1.0,256.0,1.0,128.0,2048.0,1.0,1.0,1.0,1.0,16.0,128.0,1.0,1.0,2.0,3.0,2.0,2.0,1.0,3.0,4.0,4.0,1.0,1.0,2.0,3.0,3.0,1.0,1.0,6.0,4.0,128.0,4096.0,1.0,384.0,192.0,1.0,1.0,1.0,1.0,20.0,64.0,1.0,91336098.0,32728352.6,19707100000.0,133.3237777777778,3136.0,10.0,3719168.0,2989280020452155.0
256.0,64000.0,3136.0,64.0,3.0,10.0,42.0,14.0,1.0,4.0,6.0,6.0,1.0,5.0,6.0,2.0,2.0,5.0,3.0,6.0,2.0,2.0,1.0,3.0,6.0,1.0,1.0,3.0,6.0,5.0,4.0,5.0,16.0,4.0,1.0,32.0,1.0,1.0,1.0,1.0,1.0,4.0,128.0,1.0,5.0,4.0,2.0,2.0,4.0,1.0,2.0,2.0,6.0,5.0,3.0,5.0,4.0,4.0,5.0,6.0,6.0,3.0,256.0,2.0,1.0,192.0,192.0,1.0,1.0,1.0,1.0,320.0,5.0,1.0,10479535574.0,33952686.0,19706800000.0,124.44177777777779,3136.0,10.0,385024.0,3.558083807698518e+17
64000.0,128000.0,3136.0,64.0,3.0,40.0,24.0,38.0,6.0,1.0,2.0,2.0,2.0,3.0,3.0,4.0,6.0,2.0,1.0,5.0,3.0,3.0,6.0,6.0,1.0,6.0,1.0,6.0,3.0,5.0,3.0,4.0,8.0,32.0,1.0,2048.0,128.0,1.0,1.0,1.0,1.0,128.0,32.0,1.0,1.0,1.0,2.0,4.0,6.0,5.0,1.0,4.0,2.0,5.0,1.0,4.0,2.0,2.0,6.0,2.0,6.0,2.0,128.0,2048.0,1.0,12.0,32.0,1.0,1.0,1.0,1.0,5.0,80.0,1.0,11510691863.0,33527008.0,19706800000.0,126.89577777777778,3136.0,10.0,942080.0,3.859190581763359e+17
4096.0,1024000.0,3136.0,64.0,3.0,32.0,36.0,42.0,1.0,6.0,6.0,3.0,3.0,2.0,1.0,3.0,6.0,4.0,2.0,4.0,3.0,1.0,3.0,6.0,1.0,4.0,3.0,4.0,4.0,5.0,2.0,1.0,32.0,1.0,1.0,512.0,128.0,1.0,1.0,1.0,1.0,16.0,64.0,1.0,4.0,3.0,1.0,2.0,6.0,5.0,5.0,6.0,5.0,3.0,5.0,4.0,6.0,1.0,6.0,4.0,5.0,3.0,4096.0,1.0,1.0,4.0,4.0,1.0,1.0,1.0,1.0,160.0,5.0,1.0,9194451531.0,44782628.0,19706900000.0,126.41766666666668,3136.0,10.0,1344768.0,4.1175170257680346e+17
2048000.0,32000.0,3136.0,64.0,3.0,20.0,8.0,38.0,1.0,5.0,5.0,2.0,4.0,1.0,4.0,6.0,3.0,4.0,2.0,1.0,4.0,1.0,1.0,3.0,1.0,4.0,3.0,2.0,2.0,4.0,3.0,3.0,32.0,512.0,1.0,2.0,32.0,1.0,1.0,1.0,1.0,2.0,16.0,1.0,1.0,1.0,6.0,6.0,3.0,4.0,1.0,6.0,6.0,5.0,4.0,3.0,3.0,3.0,5.0,1.0,2.0,2.0,16.0,8.0,1.0,3072.0,3.0,1.0,1.0,1.0,1.0,64.0,5.0,1.0,1584748912.0,39646226.0,19706800000.0,124.706,3136.0,10.0,493568.0,6.282931351840611e+16
2048.0,128000.0,3136.0,64.0,3.0,36.0,38.0,26.0,6.0,6.0,1.0,1.0,3.0,4.0,2.0,5.0,2.0,1.0,1.0,5.0,5.0,6.0,5.0,2.0,4.0,5.0,6.0,3.0,4.0,1.0,6.0,4.0,1024.0,1.0,1.0,32.0,512.0,1.0,1.0,1.0,1.0,4.0,4.0,1.0,6.0,3.0,5.0,1.0,3.0,5.0,6.0,3.0,4.0,1.0,6.0,6.0,3.0,2.0,5.0,5.0,3.0,4.0,512.0,32.0,1.0,64.0,32.0,1.0,1.0,1.0,1.0,2.0,20.0,1.0,3911997882.0,33893128.4,19707100000.0,129.05,3136.0,10.0,3174400.0,1.3258984651515405e+17
512000.0,64000.0,3136.0,64.0,3.0,30.0,28.0,44.0,1.0,6.0,3.0,6.0,6.0,1.0,3.0,4.0,6.0,3.0,2.0,2.0,5.0,3.0,1.0,4.0,1.0,2.0,5.0,5.0,4.0,4.0,1.0,1.0,1.0,32.0,1.0,16.0,64.0,1.0,1.0,1.0,1.0,64.0,1.0,1.0,2.0,6.0,1.0,1.0,1.0,1.0,6.0,2.0,2.0,1.0,5.0,4.0,4.0,2.0,5.0,2.0,6.0,5.0,16.0,2.0,1.0,12.0,384.0,1.0,1.0,1.0,1.0,32.0,4.0,1.0,1189414935.0,38938827.0,19706700000.0,123.84866666666667,3136.0,10.0,63488.0,4.631442238518125e+16
16000.0,512000.0,3136.0,64.0,3.0,28.0,24.0,22.0,1.0,6.0,6.0,4.0,3.0,4.0,4.0,6.0,4.0,2.0,2.0,5.0,1.0,6.0,1.0,5.0,1.0,3.0,6.0,4.0,1.0,2.0,2.0,2.0,4.0,128.0,1.0,128.0,16.0,1.0,1.0,1.0,1.0,2.0,1.0,1.0,3.0,6.0,1.0,4.0,3.0,1.0,1.0,1.0,2.0,6.0,6.0,2.0,2.0,3.0,4.0,6.0,4.0,2.0,32.0,8.0,1.0,4.0,192.0,1.0,1.0,1.0,1.0,2.0,20.0,1.0,1393328167.0,40198591.0,19706700000.0,123.77555555555556,3136.0,10.0,33792.0,5.6009829114012696e+16
256.0,128000.0,3136.0,64.0,3.0,18.0,38.0,42.0,4.0,4.0,1.0,1.0,6.0,2.0,6.0,5.0,1.0,6.0,6.0,5.0,5.0,6.0,1.0,4.0,4.0,1.0,6.0,3.0,3.0,5.0,3.0,4.0,4.0,2.0,1.0,128.0,1.0,1.0,1.0,1.0,1.0,8.0,2.0,1.0,4.0,3.0,2.0,4.0,6.0,6.0,5.0,3.0,3.0,4.0,6.0,4.0,5.0,5.0,4.0,2.0,3.0,1.0,256.0,32.0,1.0,192.0,3072.0,1.0,1.0,1.0,1.0,64.0,1.0,1.0,2751151620.0,39601650.0,19707000000.0,127.519,3136.0,10.0,1998848.0,1.08950143552173e+17
4096.0,512000.0,3136.0,64.0,3.0,24.0,38.0,46.0,3.0,3.0,5.0,1.0,2.0,5.0,3.0,5.0,4.0,1.0,4.0,4.0,1.0,5.0,6.0,5.0,5.0,5.0,6.0,3.0,2.0,4.0,3.0,5.0,64.0,16.0,1.0,1.0,128.0,1.0,1.0,1.0,1.0,16.0,128.0,1.0,1.0,5.0,4.0,3.0,2.0,1.0,5.0,4.0,6.0,3.0,3.0,6.0,4.0,5.0,5.0,2.0,1.0,6.0,64.0,2.0,1.0,64.0,1024.0,1.0,1.0,1.0,1.0,20.0,320.0,1.0,4948759652.0,34304517.0,19706800000.0,125.36955555555556,3136.0,10.0,827392.0,1.697648096109481e+17
32000.0,1024000.0,3136.0,64.0,3.0,40.0,8.0,10.0,4.0,5.0,6.0,2.0,3.0,4.0,4.0,3.0,6.0,5.0,3.0,4.0,2.0,2.0,5.0,1.0,1.0,5.0,1.0,5.0,1.0,2.0,3.0,5.0,2048.0,32.0,1.0,16.0,128.0,1.0,1.0,1.0,1.0,4.0,32.0,1.0,3.0,5.0,2.0,6.0,3.0,3.0,1.0,2.0,2.0,2.0,5.0,3.0,1.0,3.0,6.0,1.0,1.0,2.0,4096.0,1.0,1.0,256.0,1536.0,1.0,1.0,1.0,1.0,80.0,80.0,1.0,604417799.0,33385255.0,19708100000.0,150.54477777777777,3136.0,10.0,13484032.0,2.0178642346153744e+16
32000.0,256000.0,3136.0,64.0,3.0,36.0,46.0,38.0,1.0,1.0,1.0,1.0,6.0,1.0,5.0,2.0,2.0,1.0,1.0,3.0,3.0,2.0,4.0,5.0,6.0,4.0,2.0,4.0,1.0,1.0,6.0,5.0,1024.0,2048.0,1.0,1.0,64.0,1.0,1.0,1.0,1.0,128.0,4.0,1.0,1.0,3.0,5.0,3.0,4.0,4.0,4.0,1.0,4.0,1.0,4.0,5.0,6.0,3.0,1.0,6.0,4.0,1.0,16.0,512.0,1.0,64.0,96.0,1.0,1.0,1.0,1.0,16.0,20.0,1.0,2168038999.0,37359173.8,19706800000.0,125.14911111111111,3136.0,10.0,802816.0,8.099614576881902e+16
128000.0,256000.0,3136.0,64.0,3.0,12.0,6.0,22.0,3.0,2.0,6.0,1.0,5.0,5.0,3.0,1.0,5.0,5.0,3.0,5.0,3.0,5.0,2.0,6.0,6.0,3.0,6.0,1.0,4.0,1.0,2.0,1.0,1.0,512.0,1.0,2.0,512.0,1.0,1.0,1.0,1.0,128.0,64.0,1.0,6.0,5.0,2.0,2.0,5.0,6.0,3.0,6.0,3.0,1.0,3.0,4.0,5.0,3.0,3.0,5.0,5.0,2.0,32.0,32.0,1.0,512.0,2.0,1.0,1.0,1.0,1.0,160.0,16.0,1.0,12267036743.0,35271106.2,19706800000.0,125.28544444444444,3136.0,10.0,786432.0,4.326719557216552e+17
1024.0,16000000.0,3136.0,64.0,3.0,22.0,40.0,6.0,3.0,5.0,6.0,1.0,2.0,3.0,6.0,4.0,6.0,3.0,2.0,1.0,4.0,4.0,5.0,3.0,4.0,1.0,6.0,2.0,2.0,2.0,4.0,1.0,16.0,128.0,1.0,2.0,16.0,1.0,1.0,1.0,1.0,8.0,16.0,1.0,4.0,5.0,5.0,3.0,4.0,5.0,3.0,1.0,5.0,1.0,4.0,6.0,5.0,3.0,6.0,2.0,1.0,1.0,8.0,1024.0,1.0,16.0,3072.0,1.0,1.0,1.0,1.0,320.0,5.0,1.0,346985940.0,33782382.0,19707700000.0,140.77966666666666,3136.0,10.0,8912896.0,1.172201157370908e+16
1024000.0,8192000.0,3136.0,64.0,3.0,20.0,12.0,40.0,5.0,1.0,2.0,6.0,3.0,5.0,6.0,2.0,6.0,1.0,3.0,3.0,6.0,5.0,5.0,2.0,2.0,3.0,5.0,2.0,6.0,3.0,2.0,1.0,128.0,64.0,1.0,64.0,32.0,1.0,1.0,1.0,1.0,16.0,32.0,1.0,6.0,3.0,3.0,6.0,2.0,1.0,1.0,4.0,6.0,6.0,5.0,3.0,5.0,5.0,1.0,3.0,3.0,3.0,8.0,2.0,1.0,3.0,2.0,1.0,1.0,1.0,1.0,8.0,20.0,1.0,1535664165.0,43956982.0,19706700000.0,123.78844444444444,3136.0,10.0,65536.0,6.750316205895003e+16
1024.0,128000.0,3136.0,64.0,3.0,42.0,16.0,4.0,2.0,5.0,4.0,2.0,5.0,3.0,4.0,3.0,4.0,3.0,2.0,2.0,6.0,5.0,6.0,1.0,6.0,6.0,5.0,1.0,1.0,2.0,2.0,2.0,256.0,8.0,1.0,2048.0,128.0,1.0,1.0,1.0,1.0,4.0,2.0,1.0,5.0,3.0,4.0,4.0,3.0,3.0,5.0,4.0,2.0,3.0,6.0,4.0,3.0,4.0,1.0,1.0,1.0,6.0,32.0,2.0,1.0,3072.0,384.0,1.0,1.0,1.0,1.0,64.0,40.0,1.0,2785270848.0,35231802.6,19706900000.0,126.45733333333332,3136.0,10.0,1067008.0,9.813011270427061e+16
128.0,512000.0,3136.0,64.0,3.0,4.0,14.0,18.0,4.0,5.0,2.0,6.0,3.0,4.0,5.0,3.0,6.0,1.0,4.0,6.0,2.0,1.0,4.0,1.0,4.0,6.0,5.0,4.0,3.0,1.0,1.0,2.0,32.0,64.0,1.0,512.0,2048.0,1.0,1.0,1.0,1.0,1.0,64.0,1.0,6.0,5.0,2.0,2.0,4.0,3.0,1.0,1.0,3.0,6.0,2.0,4.0,4.0,5.0,1.0,3.0,3.0,2.0,4.0,128.0,1.0,6.0,8.0,1.0,1.0,1.0,1.0,5.0,5.0,1.0,1964635587.0,42782387.0,19706800000.0,124.94966666666667,3136.0,10.0,802816.0,8.405179999700618e+16
128.0,256000.0,3136.0,64.0,3.0,26.0,20.0,44.0,2.0,1.0,6.0,5.0,5.0,1.0,5.0,1.0,2.0,4.0,2.0,4.0,1.0,6.0,3.0,1.0,3.0,5.0,5.0,5.0,3.0,1.0,4.0,3.0,256.0,1024.0,1.0,32.0,1.0,1.0,1.0,1.0,1.0,4.0,1.0,1.0,2.0,4.0,2.0,1.0,6.0,1.0,3.0,1.0,3.0,2.0,5.0,5.0,6.0,5.0,4.0,5.0,5.0,6.0,1024.0,2048.0,1.0,128.0,256.0,1.0,1.0,1.0,1.0,40.0,80.0,1.0,5310053020.0,37594980.0,19706900000.0,126.513,3136.0,10.0,1417216.0,1.996313370858396e+17
64000.0,4096000.0,3136.0,64.0,3.0,30.0,42.0,42.0,5.0,6.0,3.0,4.0,1.0,6.0,5.0,2.0,6.0,4.0,6.0,4.0,5.0,6.0,4.0,6.0,3.0,4.0,4.0,3.0,2.0,1.0,5.0,2.0,512.0,256.0,1.0,4.0,8.0,1.0,1.0,1.0,1.0,4.0,128.0,1.0,4.0,6.0,6.0,4.0,5.0,2.0,4.0,6.0,6.0,1.0,5.0,6.0,4.0,6.0,3.0,1.0,5.0,3.0,2.0,2048.0,1.0,12.0,6.0,1.0,1.0,1.0,1.0,10.0,4.0,1.0,7365812391.0,40094926.2,19706800000.0,124.07322222222221,3136.0,10.0,141312.0,2.953317042201906e+17
128.0,8192000.0,3136.0,64.0,3.0,48.0,2.0,30.0,1.0,1.0,2.0,1.0,1.0,5.0,1.0,6.0,3.0,6.0,6.0,6.0,5.0,6.0,2.0,1.0,6.0,1.0,2.0,3.0,1.0,1.0,2.0,1.0,512.0,128.0,1.0,4.0,16.0,1.0,1.0,1.0,1.0,16.0,2.0,1.0,2.0,4.0,4.0,2.0,5.0,1.0,3.0,6.0,1.0,3.0,3.0,4.0,3.0,5.0,2.0,1.0,4.0,2.0,1.0,8.0,1.0,1.0,1024.0,1.0,1.0,1.0,1.0,1.0,160.0,1.0,17249123372.0,45517408.0,19706800000.0,124.39855555555556,3136.0,10.0,346624.0,7.851353861656598e+17
1024000.0,4096000.0,3136.0,64.0,3.0,32.0,20.0,36.0,1.0,5.0,2.0,4.0,4.0,3.0,5.0,6.0,6.0,1.0,4.0,6.0,6.0,5.0,5.0,5.0,6.0,4.0,4.0,3.0,2.0,3.0,5.0,5.0,8.0,32.0,1.0,1.0,4.0,1.0,1.0,1.0,1.0,16.0,1.0,1.0,2.0,3.0,1.0,4.0,1.0,4.0,5.0,4.0,1.0,3.0,3.0,5.0,3.0,6.0,5.0,4.0,3.0,5.0,8.0,256.0,1.0,2.0,1.0,1.0,1.0,1.0,1.0,8.0,10.0,1.0,2866216984.0,83663640.0,19706700000.0,123.73222222222222,3136.0,10.0,21664.0,2.3979814591126176e+17
8192.0,2048000.0,3136.0,64.0,3.0,24.0,38.0,24.0,2.0,1.0,6.0,6.0,1.0,2.0,6.0,3.0,1.0,3.0,2.0,4.0,6.0,1.0,5.0,2.0,5.0,5.0,3.0,2.0,6.0,4.0,3.0,3.0,256.0,256.0,1.0,256.0,2048.0,1.0,1.0,1.0,1.0,4.0,8.0,1.0,1.0,2.0,2.0,6.0,5.0,5.0,1.0,2.0,1.0,5.0,5.0,2.0,3.0,4.0,5.0,2.0,5.0,6.0,4096.0,16.0,1.0,96.0,32.0,1.0,1.0,1.0,1.0,160.0,320.0,1.0,2175063872.0,32559902.6,19707100000.0,131.9968888888889,3136.0,10.0,3469312.0,7.081986782109887e+16
512000.0,4096000.0,3136.0,64.0,3.0,10.0,4.0,8.0,6.0,5.0,5.0,2.0,3.0,3.0,5.0,6.0,1.0,1.0,3.0,2.0,3.0,3.0,3.0,1.0,5.0,5.0,2.0,6.0,5.0,2.0,3.0,1.0,1.0,32.0,1.0,4.0,4.0,1.0,1.0,1.0,1.0,2.0,8.0,1.0,5.0,5.0,4.0,3.0,4.0,4.0,6.0,5.0,2.0,6.0,3.0,6.0,5.0,5.0,1.0,2.0,2.0,1.0,256.0,1.0,1.0,6.0,192.0,1.0,1.0,1.0,1.0,5.0,2.0,1.0,484514106.0,37702940.0,19706900000.0,126.89577777777778,3136.0,10.0,1615744.0,1.826760626767164e+16
64000.0,8192000.0,3136.0,64.0,3.0,46.0,14.0,30.0,4.0,2.0,2.0,6.0,6.0,6.0,3.0,1.0,4.0,2.0,1.0,4.0,2.0,1.0,5.0,5.0,1.0,3.0,6.0,4.0,4.0,5.0,4.0,1.0,1024.0,16.0,1.0,512.0,4.0,1.0,1.0,1.0,1.0,2.0,8.0,1.0,1.0,1.0,5.0,5.0,6.0,2.0,4.0,6.0,5.0,1.0,3.0,5.0,2.0,6.0,4.0,1.0,5.0,1.0,32.0,256.0,1.0,24.0,1024.0,1.0,1.0,1.0,1.0,80.0,320.0,1.0,1053364654.0,33056527.0,19706900000.0,128.12955555555556,3136.0,10.0,1343488.0,3.4820577125796656e+16
256.0,128000.0,3136.0,64.0,3.0,4.0,32.0,16.0,5.0,6.0,3.0,5.0,3.0,5.0,1.0,3.0,3.0,6.0,5.0,2.0,3.0,3.0,6.0,3.0,1.0,5.0,3.0,4.0,4.0,4.0,4.0,4.0,16.0,4096.0,1.0,512.0,2.0,1.0,1.0,1.0,1.0,32.0,4.0,1.0,2.0,6.0,2.0,2.0,5.0,2.0,6.0,3.0,4.0,1.0,5.0,2.0,4.0,1.0,2.0,1.0,6.0,4.0,512.0,1.0,1.0,128.0,96.0,1.0,1.0,1.0,1.0,160.0,32.0,1.0,305320643.0,33298320.0,19707200000.0,134.03655555555557,3136.0,10.0,4489216.0,1.016666447321976e+16
128.0,32000.0,3136.0,64.0,3.0,24.0,44.0,10.0,6.0,1.0,4.0,5.0,1.0,5.0,6.0,6.0,6.0,5.0,2.0,3.0,1.0,4.0,6.0,1.0,2.0,4.0,6.0,2.0,3.0,1.0,3.0,5.0,32.0,8.0,1.0,1.0,32.0,1.0,1.0,1.0,1.0,64.0,32.0,1.0,3.0,6.0,2.0,1.0,4.0,1.0,5.0,6.0,3.0,2.0,5.0,2.0,5.0,4.0,4.0,2.0,3.0,5.0,32.0,64.0,1.0,256.0,2.0,1.0,1.0,1.0,1.0,20.0,5.0,1.0,1350323300.0,33399628.0,19706800000.0,124.24933333333333,3136.0,10.0,257536.0,4.51002958997324e+16
256.0,32000000.0,3136.0,64.0,3.0,16.0,42.0,10.0,4.0,4.0,1.0,6.0,5.0,5.0,3.0,2.0,3.0,5.0,6.0,4.0,6.0,1.0,2.0,2.0,3.0,3.0,5.0,6.0,2.0,3.0,3.0,1.0,32.0,16.0,1.0,8.0,1024.0,1.0,1.0,1.0,1.0,8.0,128.0,1.0,2.0,5.0,4.0,4.0,3.0,5.0,2.0,4.0,4.0,5.0,1.0,1.0,5.0,1.0,4.0,6.0,3.0,2.0,1.0,4096.0,1.0,3.0,4.0,1.0,1.0,1.0,1.0,64.0,2.0,1.0,3560971128.0,33062583.0,19707000000.0,129.29033333333334,3136.0,10.0,2656768.0,1.1773490348010362e+17
256000.0,8192000.0,3136.0,64.0,3.0,22.0,42.0,48.0,6.0,5.0,6.0,4.0,2.0,2.0,6.0,6.0,4.0,2.0,5.0,5.0,3.0,2.0,1.0,2.0,2.0,6.0,2.0,3.0,4.0,4.0,1.0,5.0,8.0,64.0,1.0,8.0,4.0,1.0,1.0,1.0,1.0,2.0,32.0,1.0,3.0,4.0,3.0,2.0,1.0,2.0,1.0,6.0,4.0,1.0,6.0,4.0,4.0,6.0,5.0,2.0,1.0,5.0,8.0,16.0,1.0,4.0,384.0,1.0,1.0,1.0,1.0,8.0,10.0,1.0,2814705683.0,40222417.0,19706700000.0,123.73077777777777,3136.0,10.0,20288.0,1.132142657138958e+17
256000.0,32000000.0,3136.0,64.0,3.0,48.0,10.0,2.0,2.0,6.0,5.0,5.0,3.0,4.0,2.0,4.0,4.0,6.0,6.0,3.0,3.0,2.0,5.0,1.0,5.0,1.0,2.0,5.0,3.0,2.0,3.0,3.0,2.0,2.0,1.0,32.0,64.0,1.0,1.0,1.0,1.0,1.0,64.0,1.0,2.0,1.0,4.0,4.0,3.0,1.0,5.0,6.0,6.0,6.0,4.0,4.0,2.0,5.0,1.0,6.0,1.0,3.0,64.0,1024.0,1.0,192.0,48.0,1.0,1.0,1.0,1.0,64.0,4.0,1.0,4681783976.0,43339840.0,19706800000.0,124.74855555555555,3136.0,10.0,548864.0,2.0290776843440384e+17
128000.0,4096000.0,3136.0,64.0,3.0,10.0,2.0,46.0,3.0,6.0,3.0,3.0,6.0,5.0,5.0,6.0,2.0,6.0,3.0,2.0,3.0,3.0,1.0,6.0,2.0,6.0,3.0,4.0,4.0,4.0,5.0,2.0,2.0,512.0,1.0,2048.0,8.0,1.0,1.0,1.0,1.0,32.0,64.0,1.0,2.0,3.0,5.0,3.0,3.0,4.0,1.0,4.0,1.0,1.0,1.0,2.0,4.0,1.0,1.0,3.0,5.0,1.0,512.0,64.0,1.0,192.0,12.0,1.0,1.0,1.0,1.0,2.0,5.0,1.0,14239180361.0,49175424.0,19707000000.0,127.79177777777778,3136.0,10.0,2424832.0,7.002177316646481e+17
256.0,512000.0,3136.0,64.0,3.0,44.0,6.0,32.0,5.0,5.0,1.0,2.0,2.0,4.0,5.0,3.0,1.0,1.0,4.0,2.0,5.0,3.0,3.0,6.0,2.0,6.0,6.0,4.0,5.0,5.0,3.0,4.0,4.0,4.0,1.0,16.0,1.0,1.0,1.0,1.0,1.0,4.0,128.0,1.0,6.0,6.0,1.0,5.0,6.0,4.0,3.0,3.0,4.0,1.0,4.0,3.0,5.0,3.0,1.0,5.0,4.0,2.0,32.0,256.0,1.0,64.0,768.0,1.0,1.0,1.0,1.0,20.0,20.0,1.0,49327722.0,32859921.0,19707400000.0,136.14933333333335,3136.0,10.0,6486016.0,1620905048029962.0
2048.0,16000000.0,3136.0,64.0,3.0,22.0,44.0,44.0,3.0,4.0,1.0,3.0,5.0,6.0,2.0,1.0,1.0,2.0,3.0,4.0,4.0,3.0,5.0,2.0,3.0,6.0,1.0,5.0,3.0,6.0,6.0,1.0,64.0,1.0,1.0,512.0,2.0,1.0,1.0,1.0,1.0,16.0,1.0,1.0,5.0,6.0,2.0,3.0,2.0,6.0,1.0,3.0,5.0,6.0,5.0,3.0,4.0,6.0,2.0,3.0,3.0,2.0,8.0,2048.0,1.0,96.0,512.0,1.0,1.0,1.0,1.0,80.0,8.0,1.0,3854067883.0,33750056.0,19707000000.0,128.61633333333333,3136.0,10.0,2506752.0,1.3007500687905146e+17
128000.0,32000000.0,3136.0,64.0,3.0,34.0,26.0,38.0,2.0,5.0,4.0,2.0,4.0,5.0,4.0,1.0,4.0,6.0,2.0,2.0,6.0,4.0,1.0,3.0,5.0,4.0,4.0,5.0,6.0,5.0,5.0,6.0,512.0,128.0,1.0,256.0,1.0,1.0,1.0,1.0,1.0,32.0,2.0,1.0,2.0,1.0,5.0,4.0,1.0,3.0,6.0,4.0,3.0,6.0,6.0,3.0,4.0,5.0,2.0,5.0,3.0,6.0,2048.0,4.0,1.0,6.0,256.0,1.0,1.0,1.0,1.0,160.0,32.0,1.0,1113378560.0,33284180.0,19706900000.0,127.58311111111111,3136.0,10.0,1785856.0,3.70578923991808e+16
512.0,256000.0,3136.0,64.0,3.0,22.0,22.0,18.0,5.0,5.0,2.0,6.0,2.0,1.0,4.0,5.0,6.0,2.0,4.0,5.0,1.0,5.0,6.0,4.0,5.0,2.0,5.0,3.0,3.0,4.0,6.0,1.0,32.0,4.0,1.0,512.0,2.0,1.0,1.0,1.0,1.0,16.0,8.0,1.0,3.0,5.0,4.0,1.0,1.0,5.0,2.0,1.0,5.0,5.0,2.0,1.0,3.0,2.0,2.0,5.0,6.0,3.0,512.0,2048.0,1.0,48.0,24.0,1.0,1.0,1.0,1.0,1.0,20.0,1.0,147924995.0,34593169.0,19706800000.0,125.422,3136.0,10.0,783488.0,5117194351359155.0
256.0,2048000.0,3136.0,64.0,3.0,22.0,2.0,30.0,4.0,3.0,5.0,1.0,1.0,2.0,2.0,6.0,5.0,4.0,3.0,4.0,3.0,2.0,2.0,2.0,4.0,3.0,2.0,3.0,3.0,1.0,1.0,4.0,128.0,512.0,1.0,128.0,1024.0,1.0,1.0,1.0,1.0,1.0,64.0,1.0,2.0,2.0,6.0,4.0,6.0,4.0,5.0,2.0,4.0,5.0,4.0,5.0,4.0,2.0,5.0,1.0,6.0,5.0,16.0,64.0,1.0,1.0,32.0,1.0,1.0,1.0,1.0,10.0,40.0,1.0,10213443666.0,36016478.0,19706900000.0,125.6151111111111,3136.0,10.0,1245184.0,3.678522691007283e+17
2048.0,4096000.0,3136.0,64.0,3.0,46.0,6.0,18.0,1.0,4.0,3.0,5.0,1.0,4.0,2.0,5.0,6.0,4.0,4.0,2.0,2.0,3.0,2.0,5.0,6.0,5.0,1.0,5.0,5.0,1.0,6.0,4.0,64.0,1.0,1.0,16.0,2048.0,1.0,1.0,1.0,1.0,4.0,4.0,1.0,1.0,5.0,3.0,4.0,4.0,1.0,6.0,1.0,2.0,6.0,5.0,4.0,5.0,4.0,4.0,5.0,4.0,3.0,512.0,64.0,1.0,768.0,96.0,1.0,1.0,1.0,1.0,16.0,20.0,1.0,361439822.0,33155726.0,19706900000.0,127.91411111111111,3136.0,10.0,1605632.0,1.1983799703720772e+16
8192.0,32000.0,3136.0,64.0,3.0,40.0,4.0,16.0,3.0,1.0,6.0,5.0,3.0,5.0,4.0,3.0,1.0,4.0,3.0,4.0,2.0,3.0,2.0,5.0,1.0,5.0,6.0,1.0,4.0,6.0,1.0,6.0,512.0,128.0,1.0,256.0,128.0,1.0,1.0,1.0,1.0,4.0,128.0,1.0,2.0,3.0,2.0,6.0,5.0,1.0,3.0,2.0,1.0,1.0,3.0,5.0,3.0,4.0,4.0,1.0,2.0,6.0,256.0,1024.0,1.0,12.0,24.0,1.0,1.0,1.0,1.0,10.0,16.0,1.0,7181637442.0,40927366.2,19706800000.0,124.54488888888889,3136.0,10.0,458752.0,2.939255055043653e+17
2048000.0,32000000.0,3136.0,64.0,3.0,16.0,36.0,46.0,4.0,6.0,6.0,6.0,1.0,6.0,3.0,5.0,1.0,2.0,6.0,6.0,2.0,4.0,5.0,4.0,6.0,1.0,5.0,6.0,4.0,2.0,4.0,4.0,2.0,32.0,1.0,128.0,8.0,1.0,1.0,1.0,1.0,4.0,16.0,1.0,5.0,2.0,1.0,6.0,3.0,4.0,4.0,4.0,3.0,4.0,3.0,5.0,5.0,3.0,6.0,6.0,2.0,5.0,32.0,16.0,1.0,24.0,3.0,1.0,1.0,1.0,1.0,8.0,160.0,1.0,774340626.0,36169882.0,19706700000.0,123.74066666666667,3136.0,10.0,19456.0,2.8007809070226132e+16
256000.0,512000.0,3136.0,64.0,3.0,42.0,32.0,46.0,2.0,2.0,4.0,6.0,6.0,2.0,1.0,6.0,6.0,5.0,2.0,3.0,5.0,4.0,6.0,3.0,1.0,3.0,6.0,5.0,3.0,2.0,3.0,6.0,32.0,8.0,1.0,2048.0,32.0,1.0,1.0,1.0,1.0,32.0,16.0,1.0,1.0,4.0,3.0,6.0,3.0,4.0,4.0,5.0,4.0,5.0,3.0,4.0,3.0,6.0,5.0,5.0,6.0,3.0,8.0,2.0,1.0,96.0,1536.0,1.0,1.0,1.0,1.0,160.0,320.0,1.0,22281328753.0,43998658.0,19706800000.0,126.23344444444444,3136.0,10.0,1012736.0,9.803485635888134e+17
2048000.0,16000.0,3136.0,64.0,3.0,36.0,32.0,18.0,2.0,6.0,6.0,6.0,5.0,4.0,3.0,3.0,4.0,1.0,3.0,3.0,4.0,3.0,3.0,4.0,2.0,5.0,2.0,4.0,2.0,6.0,5.0,4.0,2048.0,2.0,1.0,16.0,2048.0,1.0,1.0,1.0,1.0,8.0,128.0,1.0,2.0,4.0,2.0,6.0,3.0,2.0,1.0,1.0,3.0,1.0,3.0,1.0,2.0,5.0,3.0,3.0,2.0,3.0,256.0,16.0,1.0,48.0,1024.0,1.0,1.0,1.0,1.0,2.0,40.0,1.0,978429171.0,34848143.8,19707700000.0,139.35433333333333,3136.0,10.0,9437184.0,3.4096440449122788e+16
1024.0,32000.0,3136.0,64.0,3.0,30.0,26.0,18.0,1.0,4.0,2.0,4.0,6.0,6.0,3.0,6.0,1.0,1.0,1.0,6.0,3.0,6.0,6.0,3.0,5.0,4.0,4.0,6.0,2.0,6.0,6.0,1.0,512.0,64.0,1.0,8.0,128.0,1.0,1.0,1.0,1.0,2.0,128.0,1.0,5.0,4.0,2.0,3.0,1.0,4.0,6.0,3.0,4.0,3.0,3.0,5.0,1.0,3.0,6.0,5.0,3.0,6.0,64.0,64.0,1.0,6.0,1024.0,1.0,1.0,1.0,1.0,5.0,80.0,1.0,3913572891.0,34023000.0,19706800000.0,124.72044444444444,3136.0,10.0,305152.0,1.33151490470493e+17
4096.0,16000000.0,3136.0,64.0,3.0,32.0,22.0,46.0,6.0,3.0,6.0,2.0,1.0,3.0,4.0,5.0,1.0,3.0,2.0,4.0,2.0,6.0,3.0,3.0,5.0,1.0,1.0,6.0,1.0,3.0,2.0,3.0,16.0,2.0,1.0,512.0,512.0,1.0,1.0,1.0,1.0,1.0,64.0,1.0,4.0,2.0,4.0,2.0,1.0,2.0,3.0,3.0,2.0,2.0,2.0,1.0,2.0,5.0,3.0,1.0,1.0,1.0,16.0,256.0,1.0,256.0,32.0,1.0,1.0,1.0,1.0,1.0,64.0,1.0,2388191871.0,33273159.0,19706800000.0,124.87333333333333,3136.0,10.0,524288.0,7.94626878462905e+16
2048000.0,256000.0,3136.0,64.0,3.0,6.0,40.0,28.0,4.0,4.0,1.0,6.0,2.0,1.0,4.0,1.0,2.0,5.0,6.0,4.0,1.0,4.0,4.0,2.0,4.0,4.0,4.0,2.0,2.0,6.0,3.0,5.0,8.0,2048.0,1.0,16.0,2.0,1.0,1.0,1.0,1.0,32.0,32.0,1.0,4.0,2.0,5.0,2.0,1.0,4.0,6.0,6.0,4.0,3.0,2.0,1.0,2.0,5.0,5.0,2.0,5.0,6.0,4096.0,4.0,1.0,3.0,768.0,1.0,1.0,1.0,1.0,2.0,8.0,1.0,125335140.0,32738769.0,19707400000.0,136.546,3136.0,10.0,6447104.0,4103318196042660.0
1024000.0,16000000.0,3136.0,64.0,3.0,44.0,44.0,22.0,4.0,1.0,6.0,6.0,4.0,5.0,3.0,3.0,5.0,3.0,3.0,5.0,1.0,2.0,3.0,1.0,3.0,4.0,3.0,5.0,5.0,5.0,1.0,2.0,64.0,512.0,1.0,8.0,32.0,1.0,1.0,1.0,1.0,16.0,2.0,1.0,4.0,1.0,5.0,1.0,3.0,5.0,4.0,6.0,5.0,1.0,3.0,3.0,5.0,3.0,5.0,4.0,5.0,2.0,4096.0,1024.0,1.0,96.0,192.0,1.0,1.0,1.0,1.0,80.0,16.0,1.0,6815786836.0,33401873.0,19707000000.0,128.08988888888888,3136.0,10.0,2258944.0,2.2766004629114384e+17
512.0,8192000.0,3136.0,64.0,3.0,6.0,38.0,34.0,3.0,3.0,5.0,2.0,4.0,1.0,1.0,3.0,3.0,1.0,5.0,3.0,2.0,6.0,2.0,4.0,4.0,1.0,2.0,6.0,1.0,5.0,6.0,2.0,128.0,8.0,1.0,512.0,32.0,1.0,1.0,1.0,1.0,2.0,32.0,1.0,6.0,3.0,6.0,3.0,1.0,3.0,2.0,2.0,2.0,6.0,1.0,6.0,1.0,2.0,5.0,5.0,5.0,5.0,128.0,64.0,1.0,96.0,1024.0,1.0,1.0,1.0,1.0,32.0,20.0,1.0,771979896.0,33367205.0,19706800000.0,124.59088888888888,3136.0,10.0,335872.0,2.575881144571068e+16
2048000.0,16000.0,3136.0,64.0,3.0,6.0,8.0,44.0,4.0,3.0,4.0,2.0,2.0,2.0,3.0,3.0,4.0,6.0,3.0,4.0,6.0,6.0,3.0,2.0,2.0,2.0,5.0,2.0,4.0,4.0,3.0,6.0,64.0,2.0,1.0,2.0,2048.0,1.0,1.0,1.0,1.0,32.0,1.0,1.0,1.0,5.0,5.0,2.0,5.0,2.0,1.0,1.0,5.0,1.0,4.0,6.0,1.0,4.0,5.0,6.0,6.0,4.0,128.0,4.0,1.0,192.0,24.0,1.0,1.0,1.0,1.0,40.0,4.0,1.0,390893900.0,34951129.0,19707000000.0,128.0901111111111,3136.0,10.0,2260992.0,1.36621831242131e+16
512.0,512000.0,3136.0,64.0,3.0,28.0,48.0,24.0,5.0,4.0,2.0,5.0,2.0,3.0,6.0,1.0,1.0,4.0,4.0,1.0,3.0,3.0,6.0,3.0,3.0,6.0,1.0,6.0,3.0,5.0,3.0,1.0,1.0,64.0,1.0,512.0,32.0,1.0,1.0,1.0,1.0,4.0,4.0,1.0,4.0,1.0,5.0,6.0,3.0,5.0,5.0,5.0,3.0,3.0,5.0,4.0,4.0,2.0,4.0,2.0,6.0,2.0,128.0,1.0,1.0,192.0,12.0,1.0,1.0,1.0,1.0,2.0,160.0,1.0,723536617.0,36875614.0,19706800000.0,124.35522222222222,3136.0,10.0,241664.0,2.668085700335784e+16
128.0,8192000.0,3136.0,64.0,3.0,8.0,40.0,42.0,4.0,2.0,2.0,4.0,2.0,3.0,4.0,5.0,5.0,1.0,2.0,3.0,1.0,5.0,3.0,4.0,2.0,6.0,2.0,5.0,4.0,5.0,6.0,6.0,4096.0,1024.0,1.0,2.0,1024.0,1.0,1.0,1.0,1.0,32.0,4.0,1.0,1.0,2.0,3.0,5.0,6.0,4.0,1.0,1.0,6.0,4.0,4.0,2.0,4.0,5.0,4.0,1.0,5.0,1.0,4096.0,128.0,1.0,12.0,3072.0,1.0,1.0,1.0,1.0,40.0,10.0,1.0,6175876445.0,32499944.9,19709400000.0,186.38177777777778,3136.0,10.0,25739264.0,2.0071564417170787e+17
16000.0,16000.0,3136.0,64.0,3.0,12.0,12.0,32.0,2.0,6.0,4.0,4.0,6.0,2.0,2.0,2.0,4.0,2.0,4.0,4.0,5.0,4.0,3.0,5.0,4.0,4.0,6.0,5.0,3.0,6.0,3.0,3.0,32.0,2.0,1.0,4.0,512.0,1.0,1.0,1.0,1.0,4.0,64.0,1.0,2.0,2.0,6.0,3.0,5.0,1.0,6.0,6.0,2.0,5.0,1.0,5.0,2.0,5.0,1.0,2.0,5.0,4.0,4.0,4096.0,1.0,24.0,6.0,1.0,1.0,1.0,1.0,20.0,16.0,1.0,5434784058.0,37374569.0,19706800000.0,124.53266666666667,3136.0,10.0,361408.0,2.03122711775821e+17
128.0,8192000.0,3136.0,64.0,3.0,46.0,26.0,16.0,1.0,3.0,2.0,4.0,6.0,1.0,2.0,4.0,3.0,2.0,1.0,5.0,6.0,1.0,1.0,3.0,2.0,4.0,2.0,6.0,6.0,6.0,3.0,6.0,1024.0,64.0,1.0,32.0,8.0,1.0,1.0,1.0,1.0,32.0,64.0,1.0,6.0,4.0,5.0,3.0,4.0,3.0,4.0,4.0,4.0,3.0,4.0,6.0,3.0,6.0,1.0,2.0,5.0,3.0,512.0,1024.0,1.0,3.0,24.0,1.0,1.0,1.0,1.0,20.0,10.0,1.0,570904779.0,36689745.0,19706800000.0,124.16544444444443,3136.0,10.0,200704.0,2.0946350760791356e+16
32000.0,512000.0,3136.0,64.0,3.0,14.0,22.0,32.0,4.0,3.0,4.0,2.0,2.0,6.0,4.0,4.0,3.0,5.0,6.0,5.0,1.0,4.0,2.0,4.0,5.0,5.0,4.0,5.0,2.0,6.0,1.0,2.0,4096.0,2.0,1.0,128.0,128.0,1.0,1.0,1.0,1.0,128.0,16.0,1.0,4.0,4.0,5.0,3.0,2.0,4.0,3.0,3.0,6.0,1.0,5.0,5.0,5.0,2.0,3.0,6.0,4.0,2.0,128.0,1.0,1.0,512.0,1024.0,1.0,1.0,1.0,1.0,2.0,40.0,1.0,1141837528.0,33197401.8,19707000000.0,127.62822222222222,3136.0,10.0,2129920.0,3.790603920733475e+16
2048.0,256000.0,3136.0,64.0,3.0,26.0,34.0,16.0,1.0,4.0,5.0,1.0,2.0,6.0,2.0,1.0,6.0,4.0,5.0,2.0,5.0,4.0,3.0,6.0,2.0,5.0,6.0,3.0,1.0,4.0,4.0,3.0,256.0,4096.0,1.0,64.0,2048.0,1.0,1.0,1.0,1.0,2.0,16.0,1.0,3.0,4.0,1.0,2.0,1.0,1.0,5.0,3.0,3.0,4.0,1.0,1.0,1.0,1.0,6.0,5.0,3.0,2.0,32.0,4096.0,1.0,3.0,1536.0,1.0,1.0,1.0,1.0,320.0,4.0,1.0,765034129.0,32492581.8,19708500000.0,180.73577777777777,3136.0,10.0,16973824.0,2.4857934016324252e+16
4096.0,32000000.0,3136.0,64.0,3.0,48.0,42.0,26.0,2.0,5.0,3.0,5.0,5.0,3.0,5.0,6.0,3.0,4.0,2.0,3.0,1.0,3.0,4.0,6.0,2.0,6.0,4.0,5.0,3.0,5.0,5.0,5.0,4.0,128.0,1.0,8.0,256.0,1.0,1.0,1.0,1.0,64.0,4.0,1.0,6.0,6.0,1.0,6.0,3.0,3.0,2.0,1.0,2.0,2.0,3.0,1.0,1.0,6.0,6.0,6.0,1.0,3.0,1.0,64.0,1.0,24.0,3072.0,1.0,1.0,1.0,1.0,2.0,64.0,1.0,452987210.0,34023533.0,19706900000.0,126.2268888888889,3136.0,10.0,1196032.0,1.541222528801293e+16
2048000.0,128000.0,3136.0,64.0,3.0,10.0,8.0,24.0,6.0,5.0,3.0,2.0,4.0,1.0,6.0,3.0,1.0,1.0,6.0,1.0,2.0,3.0,6.0,5.0,6.0,5.0,5.0,1.0,5.0,1.0,1.0,5.0,1.0,256.0,1.0,256.0,1.0,1.0,1.0,1.0,1.0,128.0,64.0,1.0,3.0,4.0,2.0,4.0,3.0,1.0,2.0,3.0,6.0,5.0,3.0,6.0,5.0,5.0,6.0,5.0,6.0,3.0,2.0,4.0,1.0,6.0,1536.0,1.0,1.0,1.0,1.0,8.0,40.0,1.0,193010845.0,35837641.8,19707100000.0,129.2292222222222,3136.0,10.0,3211264.0,6917053526625320.0
512000.0,128000.0,3136.0,64.0,3.0,44.0,22.0,44.0,4.0,6.0,5.0,6.0,5.0,2.0,4.0,5.0,6.0,3.0,3.0,6.0,3.0,3.0,5.0,2.0,4.0,6.0,5.0,3.0,1.0,1.0,2.0,6.0,4.0,1.0,1.0,2048.0,256.0,1.0,1.0,1.0,1.0,1.0,8.0,1.0,1.0,3.0,6.0,5.0,5.0,4.0,4.0,3.0,1.0,5.0,5.0,6.0,1.0,5.0,3.0,6.0,2.0,6.0,1.0,128.0,1.0,32.0,48.0,1.0,1.0,1.0,1.0,8.0,32.0,1.0,5591466026.0,40437680.0,19706800000.0,123.94777777777779,3136.0,10.0,114880.0,2.2610591389025968e+17
128.0,32000000.0,3136.0,64.0,3.0,30.0,40.0,48.0,6.0,6.0,2.0,3.0,3.0,4.0,1.0,3.0,1.0,4.0,4.0,5.0,3.0,3.0,5.0,5.0,4.0,2.0,2.0,1.0,2.0,4.0,6.0,1.0,1024.0,4096.0,1.0,2.0,128.0,1.0,1.0,1.0,1.0,64.0,1.0,1.0,5.0,5.0,6.0,1.0,2.0,3.0,4.0,1.0,4.0,4.0,5.0,1.0,3.0,1.0,1.0,5.0,3.0,6.0,1.0,8.0,1.0,1536.0,384.0,1.0,1.0,1.0,1.0,20.0,5.0,1.0,2150224256.0,43418263.0,19706900000.0,126.28544444444444,3136.0,10.0,1589248.0,9.335900225598733e+16
128000.0,4096000.0,3136.0,64.0,3.0,12.0,22.0,48.0,3.0,4.0,6.0,2.0,6.0,4.0,5.0,3.0,4.0,5.0,3.0,3.0,2.0,2.0,2.0,4.0,6.0,6.0,3.0,6.0,4.0,1.0,5.0,3.0,32.0,2.0,1.0,256.0,32.0,1.0,1.0,1.0,1.0,32.0,2.0,1.0,5.0,1.0,1.0,3.0,1.0,3.0,5.0,5.0,1.0,5.0,1.0,3.0,5.0,4.0,6.0,2.0,5.0,3.0,2048.0,2048.0,1.0,6.0,2.0,1.0,1.0,1.0,1.0,32.0,320.0,1.0,10234390581.0,33494675.0,19706900000.0,126.303,3136.0,10.0,1339136.0,3.427975863336562e+17
4096.0,4096000.0,3136.0,64.0,3.0,26.0,38.0,38.0,1.0,2.0,2.0,3.0,1.0,5.0,1.0,2.0,3.0,3.0,6.0,6.0,6.0,4.0,3.0,3.0,1.0,6.0,6.0,5.0,6.0,1.0,3.0,1.0,16.0,2.0,1.0,1.0,16.0,1.0,1.0,1.0,1.0,64.0,8.0,1.0,5.0,2.0,5.0,6.0,2.0,3.0,1.0,3.0,6.0,4.0,3.0,4.0,4.0,2.0,6.0,5.0,3.0,4.0,2048.0,2.0,1.0,3072.0,256.0,1.0,1.0,1.0,1.0,8.0,32.0,1.0,503998568.0,36352119.0,19708100000.0,148.43566666666666,3136.0,10.0,12910592.0,1.832141591976559e+16
128.0,64000.0,3136.0,64.0,3.0,20.0,26.0,18.0,5.0,1.0,2.0,5.0,3.0,1.0,3.0,3.0,5.0,5.0,1.0,6.0,2.0,5.0,5.0,4.0,2.0,3.0,2.0,2.0,4.0,4.0,5.0,6.0,512.0,16.0,1.0,16.0,512.0,1.0,1.0,1.0,1.0,16.0,16.0,1.0,3.0,1.0,4.0,3.0,1.0,1.0,3.0,4.0,2.0,3.0,2.0,2.0,2.0,5.0,3.0,5.0,4.0,6.0,2.0,4.0,1.0,6.0,2.0,1.0,1.0,1.0,1.0,8.0,16.0,1.0,1088799005.0,42439618.0,19707100000.0,128.68477777777778,3136.0,10.0,3260416.0,4.620821385098009e+16
8192.0,4096000.0,3136.0,64.0,3.0,48.0,46.0,34.0,6.0,3.0,1.0,3.0,2.0,3.0,2.0,5.0,5.0,3.0,6.0,2.0,5.0,2.0,4.0,6.0,5.0,6.0,2.0,3.0,6.0,4.0,6.0,1.0,1.0,4.0,1.0,32.0,16.0,1.0,1.0,1.0,1.0,1.0,128.0,1.0,1.0,5.0,4.0,1.0,4.0,6.0,3.0,1.0,6.0,2.0,3.0,1.0,6.0,4.0,1.0,3.0,3.0,5.0,2.0,1.0,1.0,3072.0,32.0,1.0,1.0,1.0,1.0,80.0,320.0,1.0,1186070532.0,56923845.0,19707000000.0,127.52,3136.0,10.0,1993216.0,6.751569512263554e+16
1024.0,64000.0,3136.0,64.0,3.0,48.0,6.0,16.0,2.0,2.0,2.0,4.0,3.0,4.0,5.0,6.0,3.0,6.0,2.0,5.0,1.0,1.0,4.0,5.0,4.0,4.0,1.0,1.0,1.0,4.0,2.0,4.0,32.0,32.0,1.0,4.0,256.0,1.0,1.0,1.0,1.0,16.0,32.0,1.0,5.0,3.0,2.0,4.0,2.0,3.0,4.0,6.0,5.0,1.0,2.0,5.0,1.0,4.0,6.0,4.0,1.0,5.0,16.0,2048.0,1.0,384.0,1.0,1.0,1.0,1.0,1.0,2.0,5.0,1.0,1047533476.0,33404279.0,19707000000.0,128.32788888888888,3136.0,10.0,2351104.0,3.4992100494143804e+16
256000.0,16000.0,3136.0,64.0,3.0,36.0,22.0,40.0,1.0,6.0,3.0,1.0,1.0,6.0,3.0,6.0,3.0,1.0,3.0,2.0,5.0,2.0,6.0,3.0,5.0,4.0,5.0,2.0,3.0,5.0,3.0,6.0,4.0,128.0,1.0,2048.0,1.0,1.0,1.0,1.0,1.0,64.0,1.0,1.0,3.0,3.0,2.0,3.0,2.0,3.0,1.0,2.0,6.0,4.0,5.0,6.0,6.0,2.0,5.0,5.0,1.0,3.0,64.0,8.0,1.0,64.0,4.0,1.0,1.0,1.0,1.0,5.0,10.0,1.0,1488421478.0,35326595.0,19706800000.0,124.93466666666667,3136.0,10.0,802816.0,5.258086274260741e+16
256.0,16000.0,3136.0,64.0,3.0,20.0,20.0,20.0,2.0,3.0,4.0,2.0,5.0,2.0,1.0,3.0,2.0,5.0,1.0,5.0,3.0,6.0,5.0,3.0,1.0,5.0,4.0,5.0,5.0,6.0,1.0,4.0,4096.0,2048.0,1.0,128.0,1024.0,1.0,1.0,1.0,1.0,4.0,8.0,1.0,5.0,2.0,6.0,5.0,2.0,3.0,3.0,3.0,1.0,2.0,5.0,5.0,6.0,6.0,4.0,2.0,6.0,5.0,16.0,512.0,1.0,2.0,6.0,1.0,1.0,1.0,1.0,8.0,64.0,1.0,7274166092.0,34966975.0,19707600000.0,136.81033333333335,3136.0,10.0,8470528.0,2.543555838848117e+17
512000.0,16000000.0,3136.0,64.0,3.0,16.0,48.0,10.0,2.0,5.0,6.0,3.0,3.0,2.0,2.0,1.0,2.0,2.0,2.0,2.0,5.0,6.0,1.0,3.0,4.0,1.0,6.0,5.0,5.0,1.0,4.0,4.0,4096.0,512.0,1.0,256.0,64.0,1.0,1.0,1.0,1.0,1.0,64.0,1.0,2.0,3.0,4.0,5.0,1.0,4.0,5.0,1.0,5.0,4.0,6.0,3.0,1.0,4.0,2.0,3.0,5.0,3.0,64.0,2.0,1.0,96.0,32.0,1.0,1.0,1.0,1.0,4.0,32.0,1.0,4455522647.0,37470259.0,19707000000.0,127.79611111111112,3136.0,10.0,2654208.0,1.6694958756345558e+17
2048000.0,32000.0,3136.0,64.0,3.0,38.0,32.0,40.0,6.0,3.0,6.0,3.0,5.0,2.0,2.0,3.0,6.0,5.0,3.0,1.0,1.0,3.0,5.0,3.0,5.0,3.0,6.0,5.0,4.0,3.0,6.0,3.0,2.0,512.0,1.0,2.0,8.0,1.0,1.0,1.0,1.0,16.0,2.0,1.0,5.0,1.0,1.0,5.0,3.0,6.0,4.0,4.0,3.0,4.0,3.0,1.0,3.0,5.0,3.0,2.0,5.0,5.0,4096.0,64.0,1.0,2.0,1.0,1.0,1.0,1.0,1.0,4.0,32.0,1.0,22627331329.0,38069799.0,19706800000.0,124.29344444444443,3136.0,10.0,278656.0,8.614179556014328e+17
2048.0,16000000.0,3136.0,64.0,3.0,10.0,24.0,10.0,5.0,3.0,4.0,4.0,1.0,5.0,5.0,5.0,6.0,2.0,2.0,6.0,4.0,6.0,2.0,2.0,6.0,2.0,2.0,5.0,1.0,2.0,1.0,4.0,64.0,2.0,1.0,2.0,64.0,1.0,1.0,1.0,1.0,2.0,1.0,1.0,4.0,6.0,3.0,5.0,2.0,5.0,5.0,6.0,3.0,1.0,5.0,1.0,3.0,5.0,3.0,4.0,1.0,4.0,4096.0,64.0,1.0,16.0,1024.0,1.0,1.0,1.0,1.0,1.0,160.0,1.0,20520025757.0,32839280.0,19707800000.0,143.0702222222222,3136.0,10.0,10027008.0,6.738628714413349e+17
32000.0,1024000.0,3136.0,64.0,3.0,4.0,26.0,42.0,3.0,2.0,2.0,4.0,2.0,6.0,6.0,3.0,4.0,4.0,6.0,2.0,4.0,6.0,1.0,5.0,4.0,4.0,2.0,3.0,2.0,4.0,6.0,4.0,256.0,32.0,1.0,4.0,256.0,1.0,1.0,1.0,1.0,8.0,16.0,1.0,3.0,1.0,3.0,2.0,6.0,2.0,1.0,5.0,4.0,6.0,3.0,3.0,2.0,4.0,4.0,1.0,6.0,4.0,2.0,32.0,1.0,1024.0,192.0,1.0,1.0,1.0,1.0,20.0,16.0,1.0,386865299.0,39078335.0,19706800000.0,124.11588888888889,3136.0,10.0,147456.0,1.5118051754197164e+16
256.0,256000.0,3136.0,64.0,3.0,34.0,40.0,22.0,4.0,6.0,2.0,5.0,6.0,6.0,5.0,1.0,2.0,2.0,5.0,5.0,5.0,3.0,6.0,6.0,4.0,6.0,6.0,3.0,4.0,6.0,3.0,5.0,16.0,4.0,1.0,8.0,16.0,1.0,1.0,1.0,1.0,16.0,2.0,1.0,6.0,2.0,6.0,1.0,6.0,1.0,6.0,6.0,1.0,1.0,4.0,5.0,2.0,3.0,1.0,1.0,6.0,6.0,128.0,1.0,1.0,768.0,8.0,1.0,1.0,1.0,1.0,32.0,320.0,1.0,2223866725.0,35376843.0,19706800000.0,125.16133333333333,3136.0,10.0,770048.0,7.867338398324917e+16
4096.0,2048000.0,3136.0,64.0,3.0,40.0,36.0,18.0,4.0,4.0,5.0,3.0,3.0,1.0,1.0,3.0,1.0,4.0,6.0,2.0,6.0,1.0,2.0,1.0,3.0,1.0,3.0,2.0,2.0,5.0,4.0,2.0,4096.0,512.0,1.0,128.0,256.0,1.0,1.0,1.0,1.0,8.0,128.0,1.0,5.0,2.0,2.0,1.0,4.0,2.0,4.0,2.0,5.0,3.0,6.0,2.0,5.0,3.0,2.0,2.0,4.0,3.0,1.0,1.0,1.0,24.0,32.0,1.0,1.0,1.0,1.0,64.0,16.0,1.0,2009473565.0,120931391.8,19707100000.0,128.61533333333333,3136.0,10.0,3211264.0,2.4300843500075776e+17
128000.0,128000.0,3136.0,64.0,3.0,26.0,30.0,6.0,4.0,6.0,4.0,6.0,6.0,5.0,1.0,3.0,6.0,6.0,3.0,4.0,3.0,5.0,5.0,4.0,6.0,3.0,2.0,6.0,3.0,6.0,4.0,1.0,32.0,1.0,1.0,4.0,4.0,1.0,1.0,1.0,1.0,32.0,32.0,1.0,3.0,1.0,5.0,1.0,5.0,1.0,3.0,5.0,6.0,6.0,4.0,2.0,3.0,2.0,1.0,3.0,2.0,1.0,8.0,512.0,1.0,384.0,2.0,1.0,1.0,1.0,1.0,4.0,64.0,1.0,1231487879.0,38166600.0,19706800000.0,125.55044444444444,3136.0,10.0,966656.0,4.70017052826414e+16
128000.0,256000.0,3136.0,64.0,3.0,30.0,10.0,22.0,5.0,3.0,4.0,4.0,2.0,4.0,5.0,6.0,2.0,3.0,1.0,4.0,2.0,4.0,3.0,3.0,2.0,2.0,6.0,5.0,4.0,6.0,4.0,4.0,1.0,8.0,1.0,1024.0,128.0,1.0,1.0,1.0,1.0,64.0,8.0,1.0,1.0,6.0,2.0,1.0,6.0,6.0,2.0,4.0,3.0,1.0,4.0,1.0,4.0,4.0,3.0,6.0,2.0,5.0,256.0,1024.0,1.0,256.0,12.0,1.0,1.0,1.0,1.0,160.0,5.0,1.0,5344188028.0,32763099.0,19707100000.0,130.94655555555556,3136.0,10.0,3489792.0,1.7509216143597878e+17
512.0,256000.0,3136.0,64.0,3.0,26.0,40.0,4.0,6.0,6.0,5.0,5.0,1.0,4.0,1.0,5.0,6.0,2.0,4.0,1.0,2.0,1.0,2.0,2.0,2.0,2.0,6.0,5.0,5.0,4.0,6.0,2.0,2048.0,8.0,1.0,64.0,16.0,1.0,1.0,1.0,1.0,8.0,1.0,1.0,1.0,6.0,2.0,6.0,5.0,5.0,1.0,6.0,1.0,3.0,5.0,6.0,4.0,5.0,6.0,6.0,1.0,6.0,32.0,128.0,1.0,16.0,192.0,1.0,1.0,1.0,1.0,8.0,40.0,1.0,643858432.0,33814207.7,19706900000.0,126.78144444444443,3136.0,10.0,1143808.0,2.177156274904433e+16
1024000.0,16000000.0,3136.0,64.0,3.0,30.0,20.0,30.0,5.0,3.0,4.0,5.0,1.0,1.0,2.0,6.0,2.0,3.0,6.0,1.0,4.0,2.0,4.0,5.0,1.0,6.0,2.0,1.0,4.0,4.0,2.0,3.0,128.0,4.0,1.0,256.0,1.0,1.0,1.0,1.0,1.0,8.0,64.0,1.0,3.0,3.0,3.0,5.0,4.0,6.0,6.0,1.0,4.0,5.0,6.0,2.0,3.0,2.0,4.0,3.0,3.0,1.0,8.0,8.0,1.0,32.0,64.0,1.0,1.0,1.0,1.0,320.0,32.0,1.0,140257553.0,34860731.0,19706800000.0,124.49844444444444,3136.0,10.0,442368.0,4889480825851243.0
32000.0,64000.0,3136.0,64.0,3.0,12.0,10.0,32.0,1.0,6.0,1.0,2.0,2.0,5.0,1.0,1.0,6.0,2.0,2.0,5.0,3.0,1.0,6.0,2.0,5.0,4.0,6.0,5.0,5.0,3.0,4.0,3.0,1.0,16.0,1.0,256.0,1.0,1.0,1.0,1.0,1.0,64.0,1.0,1.0,3.0,3.0,6.0,3.0,4.0,3.0,2.0,1.0,6.0,4.0,5.0,2.0,5.0,6.0,6.0,4.0,4.0,5.0,1024.0,256.0,1.0,1024.0,3.0,1.0,1.0,1.0,1.0,5.0,64.0,1.0,1477558096.0,33904824.0,19707000000.0,128.27144444444443,3136.0,10.0,2359296.0,5.00963471946551e+16
128.0,8192000.0,3136.0,64.0,3.0,28.0,20.0,18.0,1.0,6.0,5.0,4.0,2.0,1.0,5.0,2.0,2.0,1.0,1.0,5.0,4.0,1.0,4.0,1.0,4.0,2.0,2.0,3.0,1.0,6.0,5.0,3.0,256.0,8.0,1.0,256.0,32.0,1.0,1.0,1.0,1.0,1.0,128.0,1.0,2.0,2.0,5.0,3.0,3.0,1.0,6.0,6.0,3.0,1.0,4.0,3.0,2.0,1.0,5.0,5.0,5.0,2.0,16.0,1.0,1.0,8.0,192.0,1.0,1.0,1.0,1.0,8.0,2.0,1.0,2321318538.0,49182882.6,19706800000.0,124.10355555555556,3136.0,10.0,262144.0,1.1416913713165765e+17
256.0,64000.0,3136.0,64.0,3.0,46.0,18.0,34.0,4.0,1.0,2.0,6.0,5.0,3.0,1.0,1.0,2.0,5.0,1.0,2.0,6.0,2.0,1.0,3.0,5.0,5.0,1.0,6.0,4.0,6.0,3.0,6.0,512.0,2048.0,1.0,1.0,2.0,1.0,1.0,1.0,1.0,128.0,8.0,1.0,1.0,3.0,4.0,5.0,1.0,4.0,1.0,2.0,3.0,5.0,4.0,4.0,1.0,5.0,6.0,5.0,3.0,3.0,1.0,1024.0,1.0,3072.0,512.0,1.0,1.0,1.0,1.0,10.0,5.0,1.0,8701777356.0,33859533.8,19707400000.0,137.34422222222221,3136.0,10.0,6701056.0,2.946381245055566e+17
1024.0,32000000.0,3136.0,64.0,3.0,2.0,18.0,30.0,4.0,1.0,2.0,5.0,2.0,2.0,4.0,2.0,6.0,2.0,4.0,5.0,5.0,2.0,1.0,6.0,3.0,5.0,5.0,3.0,6.0,4.0,3.0,6.0,1024.0,2048.0,1.0,128.0,2048.0,1.0,1.0,1.0,1.0,4.0,16.0,1.0,2.0,5.0,1.0,2.0,3.0,1.0,2.0,1.0,6.0,1.0,6.0,1.0,3.0,1.0,1.0,4.0,5.0,2.0,8.0,256.0,1.0,512.0,12.0,1.0,1.0,1.0,1.0,10.0,20.0,1.0,851786018.0,32960083.8,19707700000.0,138.3477777777778,3136.0,10.0,9043968.0,2.8074938532948308e+16
128.0,256000.0,3136.0,64.0,3.0,10.0,38.0,36.0,6.0,5.0,4.0,2.0,5.0,2.0,1.0,5.0,5.0,5.0,6.0,2.0,1.0,1.0,2.0,2.0,5.0,5.0,5.0,5.0,1.0,1.0,5.0,6.0,256.0,64.0,1.0,2048.0,8.0,1.0,1.0,1.0,1.0,32.0,32.0,1.0,1.0,5.0,1.0,2.0,3.0,6.0,1.0,5.0,3.0,5.0,6.0,1.0,1.0,5.0,4.0,5.0,2.0,5.0,64.0,2048.0,1.0,384.0,96.0,1.0,1.0,1.0,1.0,80.0,160.0,1.0,2575317971.0,33040339.0,19707200000.0,135.92733333333334,3136.0,10.0,4579328.0,8.508937879463218e+16
16000.0,512000.0,3136.0,64.0,3.0,16.0,46.0,40.0,2.0,1.0,4.0,2.0,6.0,5.0,6.0,1.0,1.0,2.0,3.0,6.0,6.0,2.0,5.0,5.0,6.0,3.0,4.0,2.0,6.0,6.0,3.0,6.0,256.0,2048.0,1.0,32.0,2.0,1.0,1.0,1.0,1.0,32.0,16.0,1.0,2.0,6.0,4.0,5.0,3.0,4.0,2.0,4.0,2.0,4.0,1.0,6.0,5.0,3.0,6.0,6.0,1.0,4.0,4.0,32.0,1.0,256.0,3072.0,1.0,1.0,1.0,1.0,80.0,5.0,1.0,24432089933.0,36490878.0,19706800000.0,125.41722222222222,3136.0,10.0,693248.0,8.915484130301312e+17
128.0,32000.0,3136.0,64.0,3.0,12.0,2.0,32.0,6.0,2.0,1.0,3.0,1.0,4.0,3.0,1.0,1.0,5.0,1.0,3.0,2.0,6.0,2.0,3.0,5.0,5.0,1.0,2.0,4.0,5.0,5.0,3.0,1.0,1024.0,1.0,2048.0,32.0,1.0,1.0,1.0,1.0,2.0,32.0,1.0,1.0,3.0,1.0,4.0,6.0,6.0,4.0,6.0,1.0,4.0,5.0,3.0,2.0,5.0,3.0,4.0,4.0,1.0,32.0,1024.0,1.0,64.0,48.0,1.0,1.0,1.0,1.0,40.0,16.0,1.0,1845875884.0,33897801.0,19708500000.0,151.65377777777778,3136.0,10.0,17170432.0,6.257113338653109e+16
16000.0,32000.0,3136.0,64.0,3.0,44.0,44.0,2.0,3.0,1.0,6.0,5.0,4.0,4.0,6.0,5.0,5.0,4.0,1.0,4.0,4.0,2.0,1.0,6.0,6.0,6.0,5.0,1.0,6.0,2.0,6.0,2.0,256.0,128.0,1.0,4.0,16.0,1.0,1.0,1.0,1.0,32.0,64.0,1.0,4.0,1.0,1.0,5.0,6.0,6.0,3.0,1.0,5.0,5.0,1.0,3.0,6.0,4.0,4.0,1.0,4.0,4.0,4.0,512.0,1.0,768.0,48.0,1.0,1.0,1.0,1.0,20.0,8.0,1.0,12229840033.0,37524434.0,19706800000.0,125.35477777777778,3136.0,10.0,837632.0,4.589178251488663e+17
64000.0,256000.0,3136.0,64.0,3.0,36.0,26.0,40.0,3.0,1.0,1.0,4.0,5.0,1.0,4.0,3.0,4.0,1.0,5.0,1.0,6.0,6.0,5.0,6.0,1.0,1.0,1.0,4.0,3.0,4.0,5.0,5.0,8.0,8.0,1.0,128.0,1024.0,1.0,1.0,1.0,1.0,2.0,64.0,1.0,5.0,6.0,6.0,2.0,3.0,3.0,3.0,2.0,5.0,5.0,1.0,2.0,6.0,3.0,5.0,4.0,4.0,5.0,32.0,2.0,1.0,768.0,64.0,1.0,1.0,1.0,1.0,320.0,8.0,1.0,4612876872.0,37552384.0,19706800000.0,124.98611111111111,3136.0,10.0,561152.0,1.7322452364206285e+17
512000.0,1024000.0,3136.0,64.0,3.0,30.0,6.0,12.0,4.0,5.0,4.0,5.0,1.0,5.0,2.0,3.0,6.0,2.0,1.0,4.0,3.0,2.0,6.0,1.0,5.0,5.0,6.0,5.0,3.0,4.0,2.0,6.0,16.0,128.0,1.0,2.0,256.0,1.0,1.0,1.0,1.0,16.0,2.0,1.0,1.0,2.0,4.0,1.0,3.0,4.0,6.0,5.0,5.0,5.0,1.0,1.0,2.0,5.0,3.0,6.0,2.0,2.0,8.0,256.0,1.0,2.0,6.0,1.0,1.0,1.0,1.0,64.0,2.0,1.0,1477878983.0,44525649.0,19706800000.0,124.26133333333333,3136.0,10.0,170752.0,6.580352086153497e+16
512.0,512000.0,3136.0,64.0,3.0,40.0,22.0,10.0,2.0,6.0,5.0,4.0,5.0,3.0,3.0,6.0,5.0,6.0,3.0,1.0,3.0,1.0,1.0,4.0,3.0,5.0,4.0,2.0,3.0,4.0,6.0,2.0,16.0,32.0,1.0,2048.0,128.0,1.0,1.0,1.0,1.0,32.0,2.0,1.0,1.0,5.0,6.0,4.0,3.0,1.0,3.0,5.0,1.0,2.0,5.0,5.0,4.0,4.0,1.0,3.0,2.0,3.0,8.0,2048.0,1.0,3072.0,24.0,1.0,1.0,1.0,1.0,320.0,80.0,1.0,362967988.0,33549739.0,19708400000.0,154.48611111111111,3136.0,10.0,15859712.0,1.2177481262755132e+16
256.0,32000.0,3136.0,64.0,3.0,10.0,26.0,16.0,5.0,2.0,1.0,5.0,2.0,1.0,5.0,3.0,3.0,5.0,5.0,2.0,2.0,2.0,2.0,4.0,2.0,3.0,3.0,2.0,4.0,1.0,1.0,2.0,1.0,4096.0,1.0,4.0,1.0,1.0,1.0,1.0,1.0,2.0,8.0,1.0,2.0,3.0,4.0,1.0,2.0,4.0,2.0,2.0,3.0,5.0,4.0,4.0,5.0,6.0,5.0,1.0,4.0,6.0,1024.0,4096.0,1.0,384.0,4.0,1.0,1.0,1.0,1.0,10.0,4.0,1.0,2114072143.0,35040786.0,19707100000.0,130.03522222222222,3136.0,10.0,3235328.0,7.40787495514244e+16
4096.0,256000.0,3136.0,64.0,3.0,12.0,28.0,32.0,5.0,4.0,1.0,2.0,5.0,6.0,2.0,4.0,3.0,3.0,2.0,5.0,2.0,3.0,3.0,4.0,2.0,4.0,2.0,5.0,1.0,2.0,6.0,2.0,64.0,512.0,1.0,16.0,128.0,1.0,1.0,1.0,1.0,64.0,8.0,1.0,6.0,4.0,2.0,2.0,5.0,4.0,6.0,1.0,3.0,1.0,2.0,2.0,3.0,5.0,3.0,6.0,4.0,4.0,2048.0,8.0,1.0,12.0,32.0,1.0,1.0,1.0,1.0,320.0,1.0,1.0,111962302.0,32819712.0,19706900000.0,126.81244444444444,3136.0,10.0,1462272.0,3674570506497024.0
16000.0,64000.0,3136.0,64.0,3.0,26.0,10.0,12.0,1.0,1.0,4.0,2.0,3.0,5.0,3.0,1.0,6.0,5.0,4.0,1.0,6.0,1.0,4.0,4.0,4.0,6.0,2.0,1.0,2.0,3.0,4.0,6.0,32.0,64.0,1.0,2.0,1.0,1.0,1.0,1.0,1.0,8.0,4.0,1.0,1.0,5.0,6.0,1.0,2.0,3.0,1.0,3.0,3.0,5.0,6.0,6.0,5.0,5.0,4.0,5.0,4.0,2.0,64.0,32.0,1.0,64.0,6.0,1.0,1.0,1.0,1.0,8.0,8.0,1.0,24479506446.0,37862649.0,19706700000.0,123.70522222222222,3136.0,10.0,10240.0,9.268589602581354e+17
4096.0,1024000.0,3136.0,64.0,3.0,46.0,12.0,34.0,6.0,5.0,1.0,4.0,2.0,3.0,6.0,4.0,4.0,3.0,5.0,4.0,6.0,3.0,4.0,5.0,2.0,6.0,6.0,4.0,4.0,3.0,4.0,4.0,4096.0,2048.0,1.0,256.0,4.0,1.0,1.0,1.0,1.0,8.0,1.0,1.0,1.0,6.0,6.0,4.0,3.0,5.0,1.0,5.0,2.0,4.0,2.0,6.0,1.0,2.0,3.0,2.0,3.0,2.0,128.0,2048.0,1.0,64.0,3072.0,1.0,1.0,1.0,1.0,2.0,40.0,1.0,1241629641.0,32543678.8,19709400000.0,176.33955555555556,3136.0,10.0,25739264.0,4.040719622526331e+16
64000.0,128000.0,3136.0,64.0,3.0,44.0,8.0,10.0,3.0,2.0,3.0,1.0,5.0,2.0,6.0,1.0,6.0,4.0,4.0,3.0,4.0,6.0,1.0,5.0,4.0,3.0,4.0,5.0,6.0,3.0,2.0,6.0,4.0,2048.0,1.0,2048.0,512.0,1.0,1.0,1.0,1.0,1.0,64.0,1.0,1.0,4.0,1.0,2.0,2.0,2.0,2.0,2.0,2.0,5.0,6.0,5.0,4.0,2.0,1.0,4.0,2.0,1.0,32.0,256.0,1.0,96.0,1.0,1.0,1.0,1.0,1.0,4.0,8.0,1.0,3073353245.0,44300673.8,19707700000.0,137.45466666666667,3136.0,10.0,8912896.0,1.3615161957891646e+17
4096.0,32000000.0,3136.0,64.0,3.0,38.0,48.0,48.0,5.0,3.0,6.0,1.0,1.0,5.0,3.0,1.0,2.0,6.0,2.0,1.0,5.0,6.0,6.0,4.0,2.0,3.0,5.0,2.0,2.0,5.0,5.0,6.0,4.0,16.0,1.0,8.0,64.0,1.0,1.0,1.0,1.0,4.0,4.0,1.0,3.0,6.0,3.0,4.0,6.0,1.0,2.0,3.0,2.0,2.0,3.0,2.0,2.0,6.0,5.0,5.0,4.0,4.0,512.0,256.0,1.0,8.0,512.0,1.0,1.0,1.0,1.0,1.0,32.0,1.0,1404408961.0,41060360.0,19706800000.0,124.81755555555556,3136.0,10.0,589824.0,5.766553752588596e+16
256000.0,16000.0,3136.0,64.0,3.0,44.0,42.0,20.0,6.0,6.0,3.0,1.0,3.0,4.0,2.0,3.0,2.0,2.0,3.0,5.0,4.0,2.0,4.0,4.0,3.0,1.0,5.0,1.0,4.0,3.0,3.0,5.0,8.0,1.0,1.0,16.0,2.0,1.0,1.0,1.0,1.0,4.0,4.0,1.0,6.0,5.0,2.0,3.0,6.0,4.0,2.0,5.0,3.0,1.0,6.0,1.0,5.0,3.0,3.0,3.0,2.0,5.0,256.0,512.0,1.0,3.0,1024.0,1.0,1.0,1.0,1.0,10.0,80.0,1.0,403617861.0,34585471.0,19707100000.0,130.49922222222222,3136.0,10.0,3555328.0,1.3959313826697532e+16
256.0,64000.0,3136.0,64.0,3.0,48.0,10.0,18.0,1.0,6.0,5.0,6.0,2.0,2.0,1.0,6.0,2.0,1.0,3.0,5.0,3.0,5.0,4.0,6.0,5.0,2.0,4.0,1.0,4.0,3.0,2.0,2.0,1024.0,4.0,1.0,512.0,64.0,1.0,1.0,1.0,1.0,128.0,1.0,1.0,4.0,1.0,3.0,6.0,5.0,5.0,3.0,1.0,4.0,5.0,3.0,1.0,4.0,1.0,4.0,2.0,3.0,3.0,2048.0,256.0,1.0,64.0,1536.0,1.0,1.0,1.0,1.0,40.0,1.0,1.0,852509913.0,32549117.2,19707600000.0,142.34866666666665,3136.0,10.0,8585216.0,2.7748445072398804e+16
256000.0,8192000.0,3136.0,64.0,3.0,38.0,40.0,42.0,6.0,1.0,6.0,5.0,1.0,5.0,2.0,3.0,4.0,2.0,5.0,2.0,6.0,6.0,4.0,6.0,6.0,1.0,6.0,1.0,1.0,1.0,3.0,6.0,64.0,512.0,1.0,2048.0,8.0,1.0,1.0,1.0,1.0,32.0,8.0,1.0,4.0,5.0,2.0,4.0,1.0,2.0,4.0,2.0,4.0,6.0,4.0,2.0,1.0,1.0,5.0,3.0,5.0,1.0,1024.0,1.0,1.0,64.0,1536.0,1.0,1.0,1.0,1.0,5.0,2.0,1.0,28643957160.0,32617116.2,19707100000.0,133.22844444444445,3136.0,10.0,3171328.0,9.34283279115542e+17
16000.0,128000.0,3136.0,64.0,3.0,22.0,40.0,12.0,6.0,3.0,4.0,2.0,3.0,4.0,6.0,5.0,1.0,3.0,4.0,4.0,2.0,1.0,5.0,3.0,3.0,5.0,6.0,4.0,5.0,2.0,6.0,2.0,8.0,2.0,1.0,256.0,512.0,1.0,1.0,1.0,1.0,16.0,2.0,1.0,3.0,3.0,3.0,6.0,5.0,2.0,1.0,1.0,4.0,6.0,5.0,2.0,4.0,2.0,2.0,4.0,6.0,3.0,32.0,16.0,1.0,256.0,32.0,1.0,1.0,1.0,1.0,20.0,2.0,1.0,4185837049.0,37655787.0,19706800000.0,124.00888888888889,3136.0,10.0,116224.0,1.5762098833385258e+17
512.0,16000000.0,3136.0,64.0,3.0,4.0,24.0,38.0,6.0,2.0,5.0,1.0,6.0,4.0,4.0,5.0,6.0,2.0,4.0,5.0,1.0,3.0,4.0,6.0,3.0,6.0,2.0,2.0,3.0,4.0,2.0,2.0,2.0,4.0,1.0,2048.0,2.0,1.0,1.0,1.0,1.0,4.0,2.0,1.0,1.0,1.0,6.0,2.0,2.0,2.0,1.0,3.0,4.0,6.0,5.0,1.0,4.0,6.0,5.0,3.0,5.0,5.0,256.0,4.0,1.0,6.0,1.0,1.0,1.0,1.0,1.0,20.0,4.0,1.0,9635654467.0,38457813.0,19706700000.0,123.86111111111111,3136.0,10.0,65632.0,3.705661976245007e+17
128000.0,128000.0,3136.0,64.0,3.0,28.0,8.0,24.0,6.0,4.0,1.0,1.0,3.0,2.0,4.0,2.0,1.0,5.0,6.0,5.0,2.0,2.0,1.0,4.0,6.0,5.0,5.0,4.0,3.0,6.0,6.0,3.0,128.0,2048.0,1.0,16.0,4.0,1.0,1.0,1.0,1.0,64.0,1.0,1.0,1.0,1.0,3.0,6.0,5.0,2.0,2.0,1.0,4.0,2.0,3.0,3.0,3.0,6.0,4.0,3.0,2.0,2.0,8.0,4096.0,1.0,1536.0,2.0,1.0,1.0,1.0,1.0,64.0,8.0,1.0,3073650344.0,33222996.0,19708100000.0,150.18988888888887,3136.0,10.0,13303808.0,1.0211587308411062e+17
128000.0,64000.0,3136.0,64.0,3.0,8.0,16.0,14.0,2.0,5.0,1.0,3.0,5.0,2.0,5.0,4.0,1.0,2.0,3.0,5.0,6.0,1.0,2.0,6.0,3.0,6.0,3.0,4.0,3.0,3.0,4.0,2.0,4.0,256.0,1.0,32.0,512.0,1.0,1.0,1.0,1.0,16.0,128.0,1.0,6.0,2.0,2.0,6.0,5.0,1.0,5.0,5.0,3.0,1.0,3.0,3.0,4.0,1.0,5.0,3.0,6.0,5.0,2.0,32.0,1.0,256.0,1536.0,1.0,1.0,1.0,1.0,320.0,4.0,1.0,1713047347.0,35231802.6,19706900000.0,126.49822222222222,3136.0,10.0,1101824.0,6.0353745973957704e+16
256.0,128000.0,3136.0,64.0,3.0,42.0,38.0,12.0,3.0,4.0,1.0,2.0,6.0,4.0,1.0,5.0,4.0,1.0,2.0,4.0,1.0,6.0,5.0,2.0,5.0,1.0,6.0,6.0,5.0,1.0,3.0,6.0,1024.0,1.0,1.0,32.0,32.0,1.0,1.0,1.0,1.0,8.0,8.0,1.0,3.0,4.0,5.0,5.0,4.0,1.0,4.0,3.0,5.0,4.0,6.0,4.0,1.0,6.0,1.0,4.0,4.0,1.0,32.0,128.0,1.0,256.0,1.0,1.0,1.0,1.0,1.0,16.0,64.0,1.0,1160433150.0,35237658.0,19706800000.0,124.02966666666667,3136.0,10.0,114688.0,4.08909464715627e+16
256000.0,32000.0,3136.0,64.0,3.0,44.0,4.0,34.0,6.0,5.0,6.0,6.0,3.0,6.0,4.0,4.0,4.0,1.0,1.0,1.0,1.0,6.0,2.0,1.0,5.0,3.0,4.0,2.0,2.0,1.0,3.0,2.0,1024.0,1.0,1.0,8.0,128.0,1.0,1.0,1.0,1.0,64.0,32.0,1.0,1.0,1.0,3.0,5.0,5.0,5.0,1.0,6.0,3.0,1.0,3.0,3.0,5.0,4.0,3.0,4.0,2.0,4.0,2.0,2.0,1.0,3.0,3.0,1.0,1.0,1.0,1.0,4.0,20.0,1.0,2006910065.0,38769502.6,19706900000.0,126.12433333333333,3136.0,10.0,1589248.0,7.780690498298366e+16
64000.0,128000.0,3136.0,64.0,3.0,4.0,24.0,2.0,2.0,4.0,1.0,4.0,1.0,3.0,5.0,6.0,1.0,4.0,3.0,1.0,2.0,3.0,4.0,1.0,6.0,5.0,1.0,2.0,6.0,1.0,6.0,3.0,128.0,128.0,1.0,1024.0,4.0,1.0,1.0,1.0,1.0,32.0,1.0,1.0,6.0,5.0,1.0,1.0,1.0,3.0,6.0,4.0,4.0,2.0,6.0,5.0,3.0,6.0,2.0,3.0,6.0,2.0,1024.0,64.0,1.0,48.0,1536.0,1.0,1.0,1.0,1.0,32.0,4.0,1.0,172026971.0,32697352.0,19707200000.0,133.70666666666665,3136.0,10.0,4784128.0,5624826424280792.0
32000.0,128000.0,3136.0,64.0,3.0,16.0,46.0,46.0,2.0,3.0,4.0,3.0,1.0,2.0,2.0,2.0,5.0,1.0,1.0,6.0,6.0,3.0,6.0,5.0,1.0,2.0,4.0,5.0,3.0,1.0,6.0,1.0,2048.0,64.0,1.0,64.0,32.0,1.0,1.0,1.0,1.0,8.0,16.0,1.0,3.0,5.0,3.0,2.0,2.0,2.0,2.0,4.0,2.0,3.0,1.0,6.0,6.0,4.0,1.0,1.0,2.0,2.0,256.0,2.0,1.0,128.0,2.0,1.0,1.0,1.0,1.0,80.0,160.0,1.0,554704972.0,33748305.0,19706800000.0,124.54988888888889,3136.0,10.0,329728.0,1.872035258007246e+16
128000.0,256000.0,3136.0,64.0,3.0,10.0,10.0,38.0,5.0,2.0,4.0,3.0,5.0,3.0,1.0,3.0,2.0,3.0,3.0,1.0,3.0,4.0,2.0,4.0,2.0,6.0,6.0,3.0,3.0,1.0,4.0,3.0,128.0,1024.0,1.0,32.0,32.0,1.0,1.0,1.0,1.0,1.0,4.0,1.0,6.0,2.0,6.0,5.0,3.0,3.0,5.0,5.0,5.0,2.0,3.0,5.0,4.0,2.0,6.0,1.0,3.0,1.0,128.0,64.0,1.0,12.0,768.0,1.0,1.0,1.0,1.0,8.0,4.0,1.0,3591295542.0,41408453.0,19706900000.0,127.20533333333333,3136.0,10.0,1601536.0,1.487099926600165e+17
2048.0,32000.0,3136.0,64.0,3.0,2.0,46.0,18.0,1.0,6.0,2.0,2.0,4.0,3.0,6.0,1.0,1.0,1.0,1.0,5.0,5.0,6.0,1.0,5.0,6.0,3.0,2.0,2.0,6.0,3.0,2.0,1.0,32.0,2.0,1.0,16.0,256.0,1.0,1.0,1.0,1.0,32.0,2.0,1.0,6.0,5.0,1.0,6.0,2.0,3.0,5.0,5.0,3.0,1.0,4.0,2.0,4.0,4.0,5.0,2.0,5.0,5.0,8.0,128.0,1.0,2.0,4.0,1.0,1.0,1.0,1.0,32.0,64.0,1.0,10359250971.0,34919644.0,19706700000.0,123.77077777777778,3136.0,10.0,34816.0,3.6174135601397434e+17
8192.0,8192000.0,3136.0,64.0,3.0,14.0,8.0,26.0,2.0,2.0,5.0,1.0,4.0,5.0,3.0,5.0,2.0,2.0,4.0,1.0,5.0,1.0,2.0,3.0,2.0,4.0,6.0,1.0,6.0,1.0,6.0,2.0,256.0,128.0,1.0,8.0,256.0,1.0,1.0,1.0,1.0,1.0,32.0,1.0,1.0,3.0,3.0,6.0,6.0,3.0,5.0,3.0,6.0,5.0,3.0,4.0,4.0,5.0,4.0,1.0,6.0,5.0,1024.0,256.0,1.0,8.0,96.0,1.0,1.0,1.0,1.0,64.0,10.0,1.0,3056634473.0,34535706.0,19706800000.0,124.58577777777778,3136.0,10.0,339968.0,1.0556302950899294e+17
4096.0,128000.0,3136.0,64.0,3.0,24.0,28.0,38.0,4.0,2.0,3.0,1.0,1.0,3.0,5.0,4.0,4.0,6.0,6.0,1.0,2.0,2.0,2.0,4.0,2.0,1.0,6.0,2.0,2.0,5.0,3.0,1.0,2048.0,4096.0,1.0,2048.0,2.0,1.0,1.0,1.0,1.0,16.0,64.0,1.0,5.0,4.0,3.0,3.0,5.0,1.0,5.0,1.0,5.0,6.0,4.0,4.0,3.0,3.0,1.0,2.0,2.0,3.0,64.0,256.0,1.0,1536.0,64.0,1.0,1.0,1.0,1.0,160.0,2.0,1.0,14362604069.0,32654881.8,19708600000.0,154.8852222222222,3136.0,10.0,17563648.0,4.6900913821339405e+17
1024000.0,4096000.0,3136.0,64.0,3.0,28.0,38.0,30.0,6.0,4.0,2.0,1.0,2.0,1.0,1.0,3.0,3.0,1.0,4.0,5.0,1.0,6.0,4.0,3.0,1.0,5.0,6.0,2.0,6.0,1.0,4.0,3.0,512.0,64.0,1.0,64.0,1.0,1.0,1.0,1.0,1.0,32.0,128.0,1.0,1.0,2.0,1.0,1.0,1.0,6.0,3.0,6.0,4.0,6.0,4.0,5.0,3.0,6.0,1.0,6.0,6.0,2.0,4096.0,1024.0,1.0,12.0,32.0,1.0,1.0,1.0,1.0,32.0,80.0,1.0,7616954203.0,34876614.0,19706800000.0,126.07933333333332,3136.0,10.0,922624.0,2.6565357159370864e+17
64000.0,32000000.0,3136.0,64.0,3.0,32.0,2.0,30.0,3.0,6.0,1.0,3.0,6.0,3.0,1.0,2.0,5.0,2.0,3.0,2.0,4.0,3.0,3.0,2.0,1.0,3.0,5.0,3.0,5.0,3.0,2.0,6.0,4096.0,8.0,1.0,16.0,1024.0,1.0,1.0,1.0,1.0,4.0,2.0,1.0,3.0,6.0,6.0,2.0,4.0,1.0,6.0,6.0,2.0,3.0,2.0,4.0,6.0,6.0,5.0,3.0,3.0,1.0,1024.0,128.0,1.0,2.0,192.0,1.0,1.0,1.0,1.0,10.0,16.0,1.0,4677382224.0,33010715.8,19707600000.0,137.43666666666667,3136.0,10.0,8429568.0,1.5440373528443594e+17
4096.0,4096000.0,3136.0,64.0,3.0,44.0,20.0,42.0,1.0,3.0,1.0,2.0,1.0,4.0,2.0,1.0,6.0,1.0,3.0,3.0,6.0,3.0,3.0,1.0,1.0,5.0,6.0,1.0,1.0,5.0,6.0,3.0,4096.0,16.0,1.0,128.0,1.0,1.0,1.0,1.0,1.0,128.0,128.0,1.0,5.0,5.0,3.0,4.0,6.0,4.0,3.0,2.0,5.0,2.0,3.0,1.0,3.0,4.0,6.0,5.0,5.0,3.0,128.0,2048.0,1.0,3.0,1536.0,1.0,1.0,1.0,1.0,80.0,40.0,1.0,58646444.0,32536201.8,19707500000.0,140.10655555555556,3136.0,10.0,6864896.0,1908132536836399.2
4096.0,64000.0,3136.0,64.0,3.0,38.0,46.0,26.0,5.0,6.0,2.0,3.0,6.0,3.0,5.0,4.0,1.0,1.0,6.0,1.0,1.0,6.0,5.0,3.0,1.0,3.0,6.0,3.0,1.0,5.0,3.0,3.0,32.0,1.0,1.0,2048.0,16.0,1.0,1.0,1.0,1.0,2.0,4.0,1.0,6.0,1.0,6.0,6.0,6.0,6.0,5.0,5.0,4.0,6.0,3.0,5.0,6.0,2.0,6.0,1.0,1.0,5.0,128.0,1.0,1.0,48.0,1024.0,1.0,1.0,1.0,1.0,1.0,80.0,1.0,1057376442.0,34292263.0,19706800000.0,124.76522222222222,3136.0,10.0,446464.0,3.625983103906825e+16
16000.0,32000000.0,3136.0,64.0,3.0,40.0,14.0,38.0,3.0,1.0,2.0,5.0,5.0,1.0,3.0,1.0,2.0,4.0,5.0,2.0,4.0,5.0,1.0,4.0,6.0,1.0,2.0,6.0,2.0,1.0,2.0,3.0,64.0,16.0,1.0,256.0,256.0,1.0,1.0,1.0,1.0,32.0,8.0,1.0,6.0,3.0,4.0,5.0,2.0,5.0,1.0,3.0,6.0,1.0,1.0,4.0,4.0,1.0,5.0,4.0,6.0,6.0,64.0,2048.0,1.0,384.0,128.0,1.0,1.0,1.0,1.0,160.0,4.0,1.0,11140418060.0,32788871.0,19707100000.0,129.85677777777778,3136.0,10.0,3129344.0,3.6528173065541024e+17
1024.0,16000.0,3136.0,64.0,3.0,26.0,6.0,40.0,1.0,5.0,5.0,4.0,2.0,6.0,5.0,5.0,6.0,1.0,1.0,1.0,6.0,1.0,5.0,2.0,5.0,5.0,6.0,6.0,6.0,1.0,6.0,2.0,16.0,1024.0,1.0,32.0,8.0,1.0,1.0,1.0,1.0,2.0,8.0,1.0,3.0,6.0,4.0,4.0,1.0,2.0,3.0,6.0,5.0,2.0,4.0,3.0,4.0,5.0,3.0,4.0,6.0,5.0,1024.0,4096.0,1.0,128.0,6.0,1.0,1.0,1.0,1.0,16.0,80.0,1.0,4852874088.0,33602951.0,19706900000.0,127.11466666666666,3136.0,10.0,1724416.0,1.630708901882337e+17
4096.0,16000000.0,3136.0,64.0,3.0,4.0,20.0,18.0,4.0,3.0,4.0,3.0,2.0,6.0,2.0,3.0,1.0,1.0,3.0,6.0,5.0,2.0,5.0,2.0,6.0,6.0,4.0,4.0,5.0,6.0,4.0,2.0,1.0,16.0,1.0,16.0,1024.0,1.0,1.0,1.0,1.0,8.0,64.0,1.0,6.0,3.0,2.0,2.0,4.0,1.0,6.0,6.0,5.0,2.0,5.0,6.0,4.0,2.0,4.0,4.0,1.0,3.0,512.0,2048.0,1.0,192.0,12.0,1.0,1.0,1.0,1.0,320.0,160.0,1.0,5303726403.0,33667896.0,19707000000.0,128.19266666666667,3136.0,10.0,2220032.0,1.7856530894865808e+17
2048.0,1024000.0,3136.0,64.0,3.0,36.0,24.0,32.0,6.0,2.0,4.0,2.0,1.0,2.0,6.0,1.0,4.0,2.0,5.0,3.0,4.0,2.0,3.0,6.0,5.0,6.0,3.0,4.0,4.0,5.0,3.0,6.0,16.0,4096.0,1.0,4.0,8.0,1.0,1.0,1.0,1.0,128.0,16.0,1.0,5.0,3.0,6.0,6.0,1.0,4.0,2.0,4.0,3.0,2.0,5.0,2.0,3.0,2.0,3.0,6.0,4.0,6.0,128.0,4096.0,1.0,768.0,32.0,1.0,1.0,1.0,1.0,80.0,2.0,1.0,2988553836.0,33142261.8,19707500000.0,138.94511111111112,3136.0,10.0,7069696.0,9.904743363610627e+16
4096.0,8192000.0,3136.0,64.0,3.0,20.0,10.0,8.0,4.0,6.0,1.0,5.0,6.0,2.0,4.0,3.0,1.0,4.0,4.0,1.0,6.0,4.0,1.0,5.0,2.0,6.0,5.0,6.0,6.0,2.0,1.0,1.0,128.0,2048.0,1.0,32.0,32.0,1.0,1.0,1.0,1.0,2.0,4.0,1.0,2.0,3.0,6.0,2.0,2.0,5.0,1.0,5.0,2.0,2.0,2.0,2.0,4.0,1.0,2.0,6.0,3.0,4.0,4096.0,512.0,1.0,96.0,3072.0,1.0,1.0,1.0,1.0,32.0,40.0,1.0,4673041173.0,37275480.0,19709400000.0,173.24355555555556,3136.0,10.0,25739264.0,1.7418985278333805e+17
64000.0,128000.0,3136.0,64.0,3.0,40.0,8.0,28.0,6.0,3.0,2.0,3.0,3.0,3.0,4.0,2.0,4.0,3.0,3.0,1.0,5.0,2.0,1.0,5.0,5.0,1.0,5.0,3.0,4.0,3.0,1.0,2.0,4096.0,2048.0,1.0,1024.0,2.0,1.0,1.0,1.0,1.0,128.0,64.0,1.0,3.0,5.0,5.0,6.0,6.0,6.0,5.0,5.0,5.0,1.0,4.0,5.0,6.0,5.0,5.0,1.0,1.0,1.0,128.0,8.0,1.0,3072.0,128.0,1.0,1.0,1.0,1.0,4.0,40.0,1.0,151594579.0,33671591.8,19707900000.0,160.40377777777778,3136.0,10.0,11399168.0,5104430783180852.0
64000.0,128000.0,3136.0,64.0,3.0,44.0,18.0,38.0,1.0,4.0,1.0,1.0,6.0,6.0,3.0,4.0,4.0,1.0,3.0,5.0,4.0,4.0,3.0,5.0,2.0,5.0,1.0,6.0,6.0,6.0,4.0,2.0,8.0,4096.0,1.0,256.0,8.0,1.0,1.0,1.0,1.0,64.0,4.0,1.0,2.0,5.0,2.0,3.0,2.0,6.0,6.0,3.0,4.0,3.0,2.0,1.0,4.0,5.0,4.0,4.0,6.0,3.0,2.0,64.0,1.0,2.0,1536.0,1.0,1.0,1.0,1.0,160.0,20.0,1.0,10871639159.0,34166336.2,19707000000.0,129.11111111111111,3136.0,10.0,2654208.0,3.714440785514793e+17
16000.0,1024000.0,3136.0,64.0,3.0,36.0,4.0,8.0,2.0,5.0,3.0,2.0,6.0,4.0,5.0,1.0,2.0,6.0,1.0,3.0,5.0,5.0,4.0,5.0,4.0,4.0,5.0,3.0,2.0,1.0,1.0,5.0,16.0,4.0,1.0,32.0,16.0,1.0,1.0,1.0,1.0,128.0,1.0,1.0,2.0,2.0,2.0,3.0,3.0,2.0,4.0,2.0,2.0,1.0,6.0,4.0,1.0,3.0,3.0,5.0,1.0,4.0,64.0,1.0,1.0,32.0,768.0,1.0,1.0,1.0,1.0,10.0,80.0,1.0,7213225054.0,35825376.0,19706800000.0,124.14733333333332,3136.0,10.0,231424.0,2.584164997321703e+17
2048.0,256000.0,3136.0,64.0,3.0,18.0,20.0,24.0,6.0,4.0,5.0,5.0,5.0,4.0,2.0,3.0,3.0,4.0,3.0,1.0,5.0,6.0,6.0,3.0,5.0,6.0,4.0,1.0,6.0,4.0,1.0,5.0,128.0,512.0,1.0,4.0,1.0,1.0,1.0,1.0,1.0,16.0,128.0,1.0,1.0,4.0,2.0,1.0,1.0,3.0,4.0,2.0,1.0,2.0,2.0,1.0,3.0,2.0,2.0,1.0,3.0,5.0,2048.0,256.0,1.0,64.0,4.0,1.0,1.0,1.0,1.0,320.0,2.0,1.0,11145518278.0,33605979.0,19707100000.0,131.0361111111111,3136.0,10.0,3186688.0,3.745560531945842e+17
32000.0,16000.0,3136.0,64.0,3.0,34.0,48.0,4.0,3.0,6.0,4.0,5.0,6.0,5.0,6.0,3.0,2.0,6.0,1.0,3.0,4.0,1.0,1.0,3.0,1.0,2.0,1.0,5.0,4.0,5.0,1.0,1.0,2048.0,4.0,1.0,32.0,4.0,1.0,1.0,1.0,1.0,8.0,64.0,1.0,1.0,5.0,2.0,5.0,5.0,6.0,1.0,1.0,5.0,5.0,1.0,5.0,2.0,4.0,2.0,2.0,5.0,4.0,2.0,2.0,1.0,32.0,3.0,1.0,1.0,1.0,1.0,16.0,4.0,1.0,1180435713.0,84057699.0,19706800000.0,124.29455555555556,3136.0,10.0,397312.0,9.922470985220438e+16
64000.0,1024000.0,3136.0,64.0,3.0,46.0,14.0,34.0,5.0,4.0,3.0,5.0,1.0,4.0,6.0,1.0,6.0,3.0,4.0,1.0,3.0,6.0,6.0,6.0,1.0,4.0,4.0,3.0,1.0,3.0,1.0,1.0,32.0,128.0,1.0,32.0,512.0,1.0,1.0,1.0,1.0,4.0,32.0,1.0,4.0,1.0,6.0,1.0,5.0,3.0,5.0,3.0,5.0,3.0,6.0,6.0,2.0,5.0,5.0,5.0,6.0,2.0,4.0,4096.0,1.0,3.0,24.0,1.0,1.0,1.0,1.0,1.0,1.0,1.0,2671901250.0,36663280.0,19706800000.0,125.42288888888889,3136.0,10.0,868352.0,9.79606636611e+16
4096.0,2048000.0,3136.0,64.0,3.0,18.0,2.0,46.0,2.0,5.0,5.0,3.0,4.0,3.0,6.0,5.0,3.0,1.0,6.0,2.0,5.0,6.0,6.0,6.0,4.0,5.0,1.0,6.0,4.0,4.0,3.0,1.0,4096.0,2.0,1.0,1024.0,1024.0,1.0,1.0,1.0,1.0,16.0,32.0,1.0,3.0,2.0,6.0,3.0,5.0,4.0,3.0,5.0,4.0,6.0,2.0,1.0,4.0,5.0,6.0,1.0,6.0,3.0,128.0,2.0,1.0,96.0,256.0,1.0,1.0,1.0,1.0,4.0,64.0,1.0,6848134006.0,34210864.9,19707600000.0,137.26788888888888,3136.0,10.0,8716288.0,2.342805872963618e+17
1024000.0,512000.0,3136.0,64.0,3.0,44.0,6.0,12.0,5.0,4.0,6.0,1.0,6.0,2.0,2.0,5.0,1.0,6.0,3.0,4.0,2.0,3.0,1.0,5.0,4.0,5.0,4.0,1.0,2.0,5.0,4.0,2.0,128.0,32.0,1.0,32.0,16.0,1.0,1.0,1.0,1.0,2.0,4.0,1.0,4.0,5.0,4.0,2.0,1.0,4.0,6.0,6.0,6.0,4.0,2.0,5.0,6.0,5.0,4.0,1.0,1.0,6.0,256.0,512.0,1.0,24.0,3.0,1.0,1.0,1.0,1.0,160.0,1.0,1.0,7265331363.0,41809250.0,19706800000.0,124.07377777777778,3136.0,10.0,196096.0,3.037580552885078e+17
256000.0,512000.0,3136.0,64.0,3.0,46.0,26.0,32.0,2.0,4.0,2.0,5.0,5.0,2.0,2.0,3.0,4.0,1.0,5.0,6.0,6.0,1.0,3.0,3.0,1.0,4.0,3.0,3.0,3.0,2.0,4.0,4.0,2.0,8.0,1.0,4.0,256.0,1.0,1.0,1.0,1.0,8.0,32.0,1.0,4.0,4.0,5.0,3.0,3.0,5.0,3.0,2.0,3.0,3.0,2.0,4.0,3.0,2.0,2.0,1.0,1.0,5.0,512.0,4.0,1.0,96.0,1024.0,1.0,1.0,1.0,1.0,64.0,8.0,1.0,824820951.0,35025808.0,19706900000.0,126.90755555555556,3136.0,10.0,1638400.0,2.889002026410341e+16
512000.0,2048000.0,3136.0,64.0,3.0,24.0,34.0,22.0,3.0,6.0,1.0,1.0,1.0,1.0,1.0,5.0,4.0,1.0,6.0,4.0,5.0,1.0,4.0,4.0,4.0,2.0,5.0,3.0,2.0,1.0,5.0,1.0,1.0,1.0,1.0,128.0,4.0,1.0,1.0,1.0,1.0,128.0,2.0,1.0,4.0,1.0,5.0,1.0,6.0,2.0,2.0,4.0,4.0,2.0,1.0,1.0,3.0,4.0,3.0,2.0,1.0,3.0,4.0,2.0,1.0,3072.0,384.0,1.0,1.0,1.0,1.0,16.0,40.0,1.0,667041876.0,42595550.0,19706800000.0,124.39855555555556,3136.0,10.0,345344.0,2.84130155812518e+16
128.0,32000000.0,3136.0,64.0,3.0,34.0,12.0,30.0,5.0,1.0,6.0,1.0,2.0,4.0,1.0,4.0,4.0,2.0,1.0,2.0,5.0,4.0,4.0,4.0,3.0,1.0,3.0,1.0,6.0,5.0,1.0,1.0,4.0,4.0,1.0,8.0,128.0,1.0,1.0,1.0,1.0,64.0,8.0,1.0,6.0,5.0,4.0,6.0,6.0,2.0,2.0,4.0,5.0,5.0,3.0,2.0,5.0,2.0,5.0,1.0,6.0,6.0,512.0,512.0,1.0,1024.0,24.0,1.0,1.0,1.0,1.0,2.0,80.0,1.0,1400022509.0,38111960.0,19706900000.0,126.19166666666668,3136.0,10.0,1294336.0,5.335760186210764e+16
4096.0,16000000.0,3136.0,64.0,3.0,30.0,38.0,14.0,3.0,3.0,3.0,2.0,1.0,1.0,4.0,6.0,5.0,1.0,2.0,3.0,3.0,4.0,1.0,2.0,5.0,4.0,2.0,6.0,3.0,5.0,5.0,5.0,512.0,8.0,1.0,4.0,512.0,1.0,1.0,1.0,1.0,128.0,128.0,1.0,3.0,4.0,1.0,6.0,1.0,2.0,3.0,1.0,4.0,1.0,5.0,5.0,4.0,1.0,5.0,2.0,1.0,5.0,32.0,4.0,1.0,192.0,8.0,1.0,1.0,1.0,1.0,2.0,64.0,1.0,206631218.0,34619748.5,19707100000.0,129.11277777777778,3136.0,10.0,3407872.0,7153520799408673.0
256000.0,1024000.0,3136.0,64.0,3.0,10.0,20.0,2.0,6.0,6.0,6.0,2.0,6.0,3.0,2.0,3.0,6.0,4.0,6.0,6.0,1.0,4.0,1.0,6.0,6.0,2.0,2.0,4.0,5.0,2.0,1.0,3.0,1.0,4096.0,1.0,2048.0,16.0,1.0,1.0,1.0,1.0,128.0,32.0,1.0,5.0,1.0,1.0,4.0,3.0,2.0,2.0,2.0,4.0,2.0,3.0,1.0,6.0,6.0,1.0,3.0,4.0,6.0,4.0,32.0,1.0,6.0,48.0,1.0,1.0,1.0,1.0,320.0,160.0,1.0,274685097.0,32513631.8,19708700000.0,155.39988888888888,3136.0,10.0,18350080.0,8931010104805285.0
16000.0,32000.0,3136.0,64.0,3.0,38.0,14.0,46.0,1.0,1.0,1.0,3.0,3.0,4.0,6.0,3.0,1.0,2.0,2.0,5.0,5.0,3.0,3.0,2.0,3.0,5.0,2.0,3.0,4.0,1.0,4.0,6.0,1024.0,128.0,1.0,32.0,256.0,1.0,1.0,1.0,1.0,128.0,32.0,1.0,1.0,1.0,2.0,6.0,3.0,1.0,6.0,3.0,1.0,4.0,2.0,6.0,2.0,5.0,4.0,5.0,6.0,3.0,1024.0,512.0,1.0,96.0,3.0,1.0,1.0,1.0,1.0,4.0,10.0,1.0,12352037927.0,41450218.0,19706800000.0,125.40922222222221,3136.0,10.0,851968.0,5.119946648184181e+17
16000.0,8192000.0,3136.0,64.0,3.0,40.0,24.0,10.0,4.0,2.0,1.0,5.0,3.0,2.0,1.0,3.0,6.0,3.0,4.0,1.0,6.0,2.0,5.0,2.0,4.0,5.0,5.0,6.0,1.0,5.0,4.0,6.0,8.0,8.0,1.0,256.0,2048.0,1.0,1.0,1.0,1.0,4.0,64.0,1.0,2.0,5.0,1.0,6.0,3.0,2.0,2.0,4.0,3.0,4.0,5.0,3.0,3.0,2.0,1.0,4.0,4.0,1.0,8.0,256.0,1.0,8.0,384.0,1.0,1.0,1.0,1.0,2.0,20.0,1.0,239259169.0,35585532.0,19706800000.0,125.55533333333332,3136.0,10.0,559104.0,8514164814742908.0
128000.0,1024000.0,3136.0,64.0,3.0,42.0,12.0,18.0,3.0,5.0,1.0,6.0,5.0,3.0,5.0,5.0,4.0,5.0,4.0,5.0,2.0,1.0,1.0,4.0,4.0,3.0,6.0,6.0,3.0,4.0,2.0,2.0,2.0,256.0,1.0,32.0,4.0,1.0,1.0,1.0,1.0,1.0,8.0,1.0,1.0,3.0,3.0,2.0,4.0,5.0,3.0,5.0,1.0,5.0,1.0,5.0,4.0,6.0,3.0,4.0,5.0,3.0,16.0,128.0,1.0,16.0,32.0,1.0,1.0,1.0,1.0,320.0,5.0,1.0,10145520763.0,36057225.0,19706800000.0,124.01922222222223,3136.0,10.0,110592.0,3.6581932489366266e+17
1024000.0,32000.0,3136.0,64.0,3.0,16.0,30.0,18.0,1.0,3.0,1.0,2.0,3.0,1.0,5.0,1.0,5.0,5.0,3.0,6.0,2.0,6.0,6.0,6.0,6.0,6.0,5.0,5.0,5.0,2.0,2.0,5.0,512.0,256.0,1.0,2048.0,8.0,1.0,1.0,1.0,1.0,16.0,1.0,1.0,5.0,1.0,5.0,3.0,6.0,5.0,4.0,2.0,6.0,4.0,6.0,4.0,3.0,1.0,5.0,2.0,4.0,2.0,4096.0,4096.0,1.0,768.0,384.0,1.0,1.0,1.0,1.0,5.0,4.0,1.0,8205401086.0,46167046.2,19707400000.0,139.17655555555555,3136.0,10.0,6340096.0,3.788191310268922e+17
128.0,1024000.0,3136.0,64.0,3.0,8.0,12.0,42.0,5.0,5.0,6.0,4.0,3.0,5.0,2.0,6.0,5.0,6.0,6.0,6.0,6.0,6.0,4.0,2.0,2.0,3.0,1.0,4.0,3.0,1.0,5.0,2.0,512.0,512.0,1.0,1024.0,1024.0,1.0,1.0,1.0,1.0,2.0,4.0,1.0,1.0,2.0,2.0,2.0,5.0,5.0,4.0,6.0,1.0,2.0,2.0,4.0,5.0,6.0,4.0,5.0,3.0,6.0,256.0,16.0,1.0,32.0,8.0,1.0,1.0,1.0,1.0,10.0,160.0,1.0,421776112.0,40135560.0,19706900000.0,125.518,3136.0,10.0,1060864.0,1.692822044974272e+16
2048.0,2048000.0,3136.0,64.0,3.0,38.0,46.0,26.0,2.0,5.0,2.0,6.0,3.0,4.0,3.0,3.0,2.0,6.0,4.0,3.0,4.0,6.0,4.0,6.0,4.0,1.0,5.0,4.0,6.0,3.0,4.0,4.0,4096.0,16.0,1.0,2048.0,16.0,1.0,1.0,1.0,1.0,16.0,16.0,1.0,4.0,6.0,1.0,4.0,1.0,5.0,1.0,6.0,5.0,2.0,1.0,5.0,4.0,1.0,6.0,2.0,1.0,1.0,1024.0,4096.0,1.0,1536.0,24.0,1.0,1.0,1.0,1.0,2.0,5.0,1.0,427975848.0,32521741.8,19708500000.0,174.34433333333334,3136.0,10.0,17170432.0,1.3918520025292046e+16
512000.0,2048000.0,3136.0,64.0,3.0,18.0,12.0,24.0,5.0,6.0,6.0,3.0,1.0,2.0,1.0,3.0,5.0,5.0,4.0,6.0,1.0,3.0,6.0,6.0,1.0,2.0,5.0,3.0,2.0,2.0,5.0,4.0,16.0,4.0,1.0,128.0,8.0,1.0,1.0,1.0,1.0,4.0,8.0,1.0,5.0,5.0,1.0,1.0,6.0,6.0,1.0,5.0,4.0,1.0,2.0,5.0,5.0,5.0,1.0,6.0,4.0,3.0,32.0,16.0,1.0,1536.0,6.0,1.0,1.0,1.0,1.0,20.0,20.0,1.0,446828628.0,38831661.0,19706800000.0,124.00166666666667,3136.0,10.0,161024.0,1.7351097807591108e+16
1024.0,16000000.0,3136.0,64.0,3.0,16.0,28.0,40.0,2.0,1.0,5.0,5.0,1.0,5.0,3.0,1.0,6.0,4.0,3.0,3.0,5.0,1.0,6.0,2.0,1.0,3.0,3.0,5.0,2.0,1.0,3.0,5.0,128.0,1024.0,1.0,2.0,16.0,1.0,1.0,1.0,1.0,8.0,64.0,1.0,6.0,5.0,3.0,5.0,6.0,4.0,2.0,5.0,5.0,2.0,6.0,6.0,3.0,3.0,6.0,4.0,3.0,5.0,128.0,128.0,1.0,3072.0,2.0,1.0,1.0,1.0,1.0,40.0,160.0,1.0,2084443520.0,33314544.0,19706900000.0,127.40766666666667,3136.0,10.0,1810432.0,6.944228536255488e+16
256.0,1024000.0,3136.0,64.0,3.0,8.0,12.0,46.0,6.0,2.0,6.0,5.0,2.0,6.0,2.0,5.0,5.0,5.0,1.0,1.0,3.0,1.0,1.0,6.0,2.0,1.0,2.0,6.0,1.0,1.0,4.0,1.0,512.0,1.0,1.0,4.0,2.0,1.0,1.0,1.0,1.0,64.0,16.0,1.0,4.0,6.0,4.0,3.0,1.0,5.0,2.0,2.0,4.0,2.0,4.0,6.0,1.0,4.0,5.0,3.0,5.0,2.0,16.0,2.0,1.0,3.0,6.0,1.0,1.0,1.0,1.0,20.0,20.0,1.0,5232959717.0,52417672.0,19706800000.0,124.226,3136.0,10.0,348672.0,2.7429956603491882e+17
512.0,8192000.0,3136.0,64.0,3.0,20.0,4.0,16.0,4.0,5.0,6.0,6.0,5.0,2.0,1.0,6.0,6.0,3.0,4.0,5.0,4.0,5.0,5.0,4.0,2.0,3.0,4.0,3.0,3.0,2.0,6.0,6.0,256.0,4096.0,1.0,1024.0,1024.0,1.0,1.0,1.0,1.0,64.0,2.0,1.0,5.0,3.0,3.0,2.0,6.0,2.0,6.0,5.0,3.0,4.0,1.0,2.0,2.0,4.0,1.0,2.0,3.0,5.0,2.0,4.0,1.0,128.0,384.0,1.0,1.0,1.0,1.0,10.0,32.0,1.0,5976390525.0,54209253.8,19707700000.0,137.6038888888889,3136.0,10.0,9043968.0,3.2397567077764026e+17
64000.0,128000.0,3136.0,64.0,3.0,40.0,46.0,46.0,4.0,3.0,1.0,2.0,4.0,6.0,1.0,2.0,4.0,2.0,6.0,1.0,5.0,2.0,6.0,3.0,1.0,4.0,4.0,2.0,4.0,3.0,4.0,4.0,4.0,1024.0,1.0,8.0,1.0,1.0,1.0,1.0,1.0,4.0,4.0,1.0,4.0,5.0,3.0,1.0,3.0,4.0,4.0,2.0,4.0,1.0,1.0,6.0,2.0,5.0,4.0,4.0,4.0,4.0,128.0,2.0,1.0,16.0,512.0,1.0,1.0,1.0,1.0,320.0,80.0,1.0,146656250.0,39420760.0,19706800000.0,124.75744444444443,3136.0,10.0,540672.0,5781300833750000.0
4096.0,128000.0,3136.0,64.0,3.0,24.0,22.0,12.0,2.0,3.0,6.0,6.0,3.0,3.0,3.0,2.0,3.0,4.0,5.0,1.0,2.0,5.0,4.0,6.0,1.0,5.0,4.0,4.0,3.0,3.0,4.0,1.0,512.0,512.0,1.0,4.0,1024.0,1.0,1.0,1.0,1.0,32.0,2.0,1.0,4.0,5.0,2.0,6.0,5.0,4.0,2.0,3.0,1.0,2.0,3.0,1.0,3.0,2.0,5.0,3.0,6.0,5.0,1.0,4096.0,1.0,16.0,4.0,1.0,1.0,1.0,1.0,20.0,20.0,1.0,767626916.0,37272971.0,19706900000.0,126.00833333333333,3136.0,10.0,1146880.0,2.8611735778887436e+16
512.0,32000.0,3136.0,64.0,3.0,42.0,46.0,6.0,3.0,3.0,1.0,3.0,2.0,6.0,6.0,6.0,6.0,2.0,2.0,4.0,5.0,5.0,3.0,1.0,5.0,1.0,2.0,3.0,2.0,5.0,1.0,6.0,512.0,4.0,1.0,512.0,2048.0,1.0,1.0,1.0,1.0,16.0,2.0,1.0,5.0,5.0,3.0,1.0,6.0,4.0,3.0,5.0,3.0,3.0,2.0,3.0,3.0,5.0,1.0,6.0,4.0,3.0,1024.0,2048.0,1.0,24.0,192.0,1.0,1.0,1.0,1.0,4.0,32.0,1.0,1694797283.0,32951116.2,19707000000.0,128.80655555555558,3136.0,10.0,2179072.0,5.584546220757728e+16
512.0,16000.0,3136.0,64.0,3.0,16.0,16.0,36.0,3.0,4.0,6.0,1.0,2.0,1.0,1.0,4.0,3.0,5.0,1.0,2.0,2.0,1.0,1.0,6.0,6.0,4.0,4.0,6.0,1.0,6.0,6.0,2.0,16.0,256.0,1.0,1.0,1024.0,1.0,1.0,1.0,1.0,64.0,64.0,1.0,3.0,5.0,5.0,3.0,3.0,4.0,2.0,6.0,2.0,4.0,5.0,2.0,4.0,2.0,4.0,1.0,6.0,4.0,1024.0,32.0,1.0,6.0,24.0,1.0,1.0,1.0,1.0,80.0,2.0,1.0,5054933774.0,36364980.0,19706800000.0,125.15366666666667,3136.0,10.0,688128.0,1.8382256559283453e+17
128.0,512000.0,3136.0,64.0,3.0,32.0,24.0,20.0,3.0,5.0,6.0,2.0,4.0,2.0,4.0,6.0,4.0,5.0,5.0,6.0,2.0,2.0,2.0,2.0,4.0,4.0,2.0,3.0,1.0,3.0,1.0,6.0,4.0,4.0,1.0,1.0,2.0,1.0,1.0,1.0,1.0,32.0,8.0,1.0,2.0,6.0,3.0,6.0,6.0,2.0,1.0,1.0,4.0,6.0,5.0,3.0,5.0,6.0,6.0,2.0,6.0,4.0,2048.0,8.0,1.0,48.0,256.0,1.0,1.0,1.0,1.0,4.0,2.0,1.0,4400556246.0,59317860.0,19706900000.0,125.72888888888889,3136.0,10.0,1067008.0,2.6103157932235357e+17
8192.0,16000000.0,3136.0,64.0,3.0,16.0,36.0,10.0,5.0,2.0,3.0,4.0,2.0,4.0,5.0,6.0,2.0,5.0,4.0,6.0,1.0,1.0,6.0,1.0,3.0,2.0,1.0,4.0,1.0,5.0,2.0,2.0,8.0,4096.0,1.0,32.0,32.0,1.0,1.0,1.0,1.0,8.0,2.0,1.0,2.0,5.0,6.0,6.0,6.0,6.0,6.0,4.0,3.0,5.0,2.0,5.0,4.0,3.0,3.0,3.0,2.0,6.0,4.0,1024.0,1.0,3.0,1024.0,1.0,1.0,1.0,1.0,10.0,40.0,1.0,5352025202.0,34026525.0,19707700000.0,141.04944444444445,3136.0,10.0,8798208.0,1.8211081933648304e+17
2048.0,16000.0,3136.0,64.0,3.0,20.0,12.0,46.0,2.0,6.0,4.0,3.0,6.0,5.0,5.0,1.0,3.0,2.0,1.0,3.0,1.0,3.0,1.0,6.0,4.0,4.0,1.0,6.0,4.0,2.0,4.0,1.0,4.0,64.0,1.0,64.0,8.0,1.0,1.0,1.0,1.0,16.0,8.0,1.0,2.0,1.0,2.0,2.0,5.0,1.0,4.0,3.0,4.0,5.0,4.0,2.0,4.0,5.0,4.0,5.0,6.0,2.0,1024.0,1024.0,1.0,3072.0,6.0,1.0,1.0,1.0,1.0,40.0,160.0,1.0,2229876048.0,33900327.0,19707500000.0,138.27322222222222,3136.0,10.0,7602176.0,7.55935271966677e+16
8192.0,1024000.0,3136.0,64.0,3.0,30.0,48.0,28.0,1.0,2.0,3.0,4.0,5.0,1.0,3.0,5.0,6.0,2.0,6.0,3.0,3.0,6.0,4.0,6.0,2.0,4.0,3.0,4.0,5.0,4.0,2.0,4.0,1.0,2048.0,1.0,512.0,1024.0,1.0,1.0,1.0,1.0,32.0,8.0,1.0,4.0,6.0,4.0,1.0,1.0,4.0,6.0,6.0,3.0,5.0,2.0,6.0,3.0,4.0,2.0,1.0,4.0,5.0,512.0,2.0,1.0,768.0,96.0,1.0,1.0,1.0,1.0,5.0,2.0,1.0,3565172099.0,32742957.4,19707200000.0,131.94811111111113,3136.0,10.0,4390912.0,1.1673427816122558e+17
2048000.0,32000.0,3136.0,64.0,3.0,42.0,18.0,28.0,3.0,1.0,4.0,1.0,6.0,3.0,6.0,3.0,6.0,5.0,1.0,2.0,1.0,2.0,1.0,3.0,2.0,2.0,3.0,5.0,2.0,6.0,5.0,3.0,512.0,8.0,1.0,128.0,64.0,1.0,1.0,1.0,1.0,1.0,64.0,1.0,2.0,5.0,1.0,6.0,2.0,1.0,4.0,6.0,1.0,1.0,4.0,4.0,2.0,5.0,1.0,1.0,2.0,2.0,16.0,256.0,1.0,48.0,4.0,1.0,1.0,1.0,1.0,2.0,64.0,1.0,1536849074.0,35916678.0,19706800000.0,124.13133333333333,3136.0,10.0,212992.0,5.519851332545618e+16
512.0,2048000.0,3136.0,64.0,3.0,46.0,16.0,14.0,5.0,1.0,4.0,4.0,2.0,4.0,2.0,5.0,1.0,3.0,6.0,1.0,5.0,1.0,1.0,1.0,4.0,2.0,4.0,3.0,5.0,1.0,5.0,6.0,4.0,1.0,1.0,16.0,8.0,1.0,1.0,1.0,1.0,8.0,4.0,1.0,2.0,4.0,6.0,6.0,6.0,6.0,5.0,5.0,3.0,3.0,4.0,5.0,5.0,5.0,2.0,5.0,1.0,4.0,128.0,4.0,1.0,32.0,1.0,1.0,1.0,1.0,1.0,5.0,20.0,1.0,2302515866.0,42339523.0,19706800000.0,124.04744444444444,3136.0,10.0,187648.0,9.748742346637192e+16
128.0,128000.0,3136.0,64.0,3.0,6.0,4.0,44.0,6.0,2.0,1.0,4.0,4.0,1.0,5.0,6.0,5.0,6.0,6.0,6.0,4.0,5.0,4.0,1.0,5.0,1.0,3.0,6.0,3.0,1.0,1.0,2.0,4.0,1024.0,1.0,2.0,512.0,1.0,1.0,1.0,1.0,8.0,64.0,1.0,2.0,1.0,3.0,1.0,3.0,5.0,2.0,5.0,2.0,6.0,3.0,5.0,3.0,5.0,3.0,3.0,5.0,6.0,256.0,1024.0,1.0,16.0,128.0,1.0,1.0,1.0,1.0,320.0,16.0,1.0,914441406.0,32473023.6,19707200000.0,138.20966666666666,3136.0,10.0,4784128.0,2.9694677357855184e+16
128.0,128000.0,3136.0,64.0,3.0,12.0,8.0,48.0,5.0,5.0,1.0,2.0,1.0,3.0,5.0,4.0,2.0,6.0,1.0,4.0,5.0,4.0,3.0,6.0,5.0,4.0,4.0,1.0,4.0,6.0,6.0,3.0,4.0,2.0,1.0,8.0,8.0,1.0,1.0,1.0,1.0,8.0,64.0,1.0,5.0,5.0,2.0,5.0,5.0,1.0,5.0,2.0,2.0,6.0,3.0,4.0,4.0,4.0,6.0,1.0,1.0,2.0,8.0,16.0,1.0,128.0,8.0,1.0,1.0,1.0,1.0,160.0,320.0,1.0,146573155.0,33871367.0,19706800000.0,124.06855555555556,3136.0,10.0,196608.0,4964633125352885.0
512000.0,32000000.0,3136.0,64.0,3.0,26.0,4.0,24.0,3.0,2.0,6.0,6.0,6.0,2.0,2.0,3.0,3.0,3.0,4.0,2.0,3.0,2.0,4.0,3.0,1.0,3.0,2.0,2.0,5.0,5.0,5.0,5.0,2048.0,32.0,1.0,256.0,16.0,1.0,1.0,1.0,1.0,128.0,4.0,1.0,2.0,1.0,6.0,6.0,2.0,3.0,5.0,2.0,6.0,6.0,5.0,4.0,1.0,2.0,1.0,6.0,1.0,6.0,1024.0,4096.0,1.0,4.0,16.0,1.0,1.0,1.0,1.0,80.0,40.0,1.0,3156395938.0,33393068.2,19706900000.0,127.70766666666667,3136.0,10.0,1638400.0,1.0540174482383698e+17
256000.0,16000000.0,3136.0,64.0,3.0,20.0,38.0,38.0,6.0,4.0,2.0,2.0,1.0,5.0,4.0,1.0,2.0,3.0,6.0,1.0,5.0,2.0,2.0,3.0,5.0,1.0,3.0,6.0,3.0,2.0,6.0,4.0,128.0,4.0,1.0,64.0,1024.0,1.0,1.0,1.0,1.0,128.0,128.0,1.0,2.0,6.0,1.0,3.0,6.0,5.0,3.0,3.0,5.0,6.0,5.0,6.0,5.0,1.0,2.0,1.0,3.0,3.0,64.0,16.0,1.0,16.0,1024.0,1.0,1.0,1.0,1.0,160.0,8.0,1.0,701236913.0,33551042.6,19706800000.0,126.1981111111111,3136.0,10.0,851968.0,2.3527229540755496e+16
4096.0,8192000.0,3136.0,64.0,3.0,24.0,22.0,4.0,2.0,1.0,6.0,6.0,2.0,1.0,4.0,1.0,2.0,5.0,3.0,4.0,2.0,1.0,2.0,4.0,5.0,3.0,1.0,2.0,6.0,2.0,1.0,4.0,8.0,1.0,1.0,128.0,64.0,1.0,1.0,1.0,1.0,4.0,8.0,1.0,3.0,1.0,6.0,6.0,5.0,6.0,6.0,6.0,1.0,3.0,1.0,3.0,4.0,6.0,2.0,4.0,5.0,1.0,1.0,1024.0,1.0,6.0,192.0,1.0,1.0,1.0,1.0,2.0,40.0,1.0,1272122240.0,39187350.0,19706800000.0,124.62966666666667,3136.0,10.0,490496.0,4.9851099461664e+16
64000.0,8192000.0,3136.0,64.0,3.0,14.0,2.0,44.0,4.0,1.0,6.0,5.0,6.0,4.0,4.0,6.0,5.0,5.0,3.0,5.0,3.0,4.0,1.0,1.0,3.0,3.0,2.0,1.0,4.0,6.0,2.0,2.0,32.0,8.0,1.0,512.0,256.0,1.0,1.0,1.0,1.0,32.0,8.0,1.0,4.0,2.0,1.0,6.0,6.0,3.0,3.0,6.0,1.0,1.0,3.0,2.0,5.0,1.0,3.0,6.0,6.0,1.0,4.0,2048.0,1.0,512.0,4.0,1.0,1.0,1.0,1.0,10.0,20.0,1.0,5226375844.0,37549228.0,19707000000.0,128.00266666666667,3136.0,10.0,2199552.0,1.9624637818004845e+17
1024.0,32000000.0,3136.0,64.0,3.0,36.0,22.0,24.0,4.0,2.0,6.0,2.0,3.0,5.0,6.0,6.0,6.0,4.0,5.0,3.0,5.0,2.0,5.0,4.0,6.0,6.0,2.0,4.0,5.0,2.0,5.0,4.0,32.0,2048.0,1.0,256.0,2.0,1.0,1.0,1.0,1.0,4.0,32.0,1.0,2.0,2.0,4.0,2.0,4.0,1.0,1.0,3.0,3.0,6.0,4.0,4.0,1.0,6.0,5.0,1.0,4.0,4.0,512.0,64.0,1.0,16.0,1.0,1.0,1.0,1.0,1.0,320.0,5.0,1.0,22359843591.0,32695745.4,19706900000.0,126.19666666666667,3136.0,10.0,1196032.0,7.310717532351578e+17
16000.0,1024000.0,3136.0,64.0,3.0,40.0,8.0,40.0,5.0,1.0,1.0,3.0,4.0,5.0,4.0,3.0,5.0,6.0,4.0,3.0,5.0,4.0,4.0,2.0,6.0,4.0,1.0,6.0,3.0,2.0,4.0,6.0,4.0,1.0,1.0,8.0,4.0,1.0,1.0,1.0,1.0,32.0,128.0,1.0,3.0,1.0,1.0,4.0,4.0,6.0,1.0,1.0,2.0,6.0,5.0,3.0,5.0,2.0,4.0,5.0,4.0,5.0,16.0,4096.0,1.0,768.0,6.0,1.0,1.0,1.0,1.0,16.0,32.0,1.0,2563431737.0,34948774.0,19707400000.0,136.35677777777778,3136.0,10.0,6602752.0,8.958879644084043e+16
8192.0,16000000.0,3136.0,64.0,3.0,6.0,30.0,14.0,4.0,3.0,4.0,2.0,6.0,3.0,1.0,4.0,1.0,5.0,5.0,4.0,2.0,5.0,1.0,1.0,3.0,5.0,2.0,4.0,1.0,5.0,3.0,1.0,1024.0,2.0,1.0,8.0,1.0,1.0,1.0,1.0,1.0,128.0,2.0,1.0,5.0,4.0,6.0,3.0,1.0,3.0,1.0,3.0,1.0,5.0,1.0,1.0,2.0,2.0,5.0,1.0,6.0,1.0,8.0,512.0,1.0,48.0,96.0,1.0,1.0,1.0,1.0,32.0,320.0,1.0,1132552456.0,34525064.0,19706800000.0,125.04766666666667,3136.0,10.0,487424.0,3.910144602675718e+16
8192.0,16000000.0,3136.0,64.0,3.0,24.0,12.0,36.0,4.0,1.0,2.0,6.0,6.0,3.0,4.0,3.0,6.0,4.0,5.0,5.0,4.0,5.0,4.0,6.0,4.0,3.0,2.0,5.0,4.0,5.0,4.0,2.0,4.0,4.0,1.0,1024.0,4.0,1.0,1.0,1.0,1.0,64.0,2.0,1.0,3.0,4.0,4.0,1.0,1.0,4.0,2.0,3.0,6.0,5.0,3.0,5.0,6.0,3.0,4.0,6.0,1.0,1.0,2.0,4.0,1.0,6.0,192.0,1.0,1.0,1.0,1.0,20.0,320.0,1.0,22431227917.0,59052390.0,19706800000.0,124.34233333333333,3136.0,10.0,271360.0,1.3246176191335716e+18
1024000.0,256000.0,3136.0,64.0,3.0,28.0,38.0,46.0,6.0,3.0,6.0,1.0,1.0,3.0,6.0,5.0,5.0,4.0,6.0,6.0,6.0,3.0,4.0,2.0,6.0,5.0,1.0,5.0,4.0,6.0,1.0,2.0,1.0,32.0,1.0,64.0,1024.0,1.0,1.0,1.0,1.0,16.0,64.0,1.0,6.0,5.0,1.0,4.0,3.0,5.0,2.0,1.0,3.0,1.0,1.0,6.0,3.0,6.0,4.0,5.0,6.0,5.0,1.0,4.0,1.0,192.0,8.0,1.0,1.0,1.0,1.0,64.0,5.0,1.0,1129269301.0,54950825.0,19706800000.0,124.04211111111111,3136.0,10.0,200704.0,6.205427973712333e+16
32000.0,64000.0,3136.0,64.0,3.0,12.0,8.0,34.0,6.0,6.0,6.0,6.0,2.0,5.0,1.0,2.0,1.0,5.0,3.0,4.0,4.0,2.0,5.0,6.0,6.0,3.0,4.0,5.0,1.0,3.0,1.0,3.0,1024.0,1024.0,1.0,32.0,512.0,1.0,1.0,1.0,1.0,64.0,8.0,1.0,6.0,2.0,3.0,2.0,3.0,3.0,1.0,6.0,5.0,4.0,6.0,3.0,2.0,6.0,2.0,2.0,1.0,4.0,1.0,4096.0,1.0,512.0,3.0,1.0,1.0,1.0,1.0,160.0,40.0,1.0,2751080966.0,32625285.9,19707300000.0,141.8841111111111,3136.0,10.0,5668864.0,8.975480304979818e+16
2048.0,16000.0,3136.0,64.0,3.0,30.0,8.0,20.0,5.0,1.0,5.0,5.0,2.0,6.0,6.0,6.0,2.0,5.0,2.0,1.0,6.0,2.0,4.0,6.0,3.0,4.0,3.0,2.0,5.0,1.0,4.0,2.0,2048.0,128.0,1.0,64.0,16.0,1.0,1.0,1.0,1.0,2.0,128.0,1.0,5.0,6.0,6.0,4.0,3.0,6.0,5.0,5.0,6.0,6.0,4.0,6.0,3.0,3.0,3.0,5.0,2.0,1.0,512.0,1024.0,1.0,48.0,1024.0,1.0,1.0,1.0,1.0,320.0,10.0,1.0,10603379199.0,32605303.8,19707100000.0,131.44577777777778,3136.0,10.0,3407872.0,3.4572640008999565e+17
256.0,128000.0,3136.0,64.0,3.0,22.0,36.0,24.0,3.0,3.0,3.0,4.0,2.0,3.0,6.0,4.0,3.0,3.0,4.0,1.0,6.0,5.0,2.0,6.0,3.0,1.0,5.0,3.0,3.0,4.0,2.0,6.0,64.0,32.0,1.0,8.0,8.0,1.0,1.0,1.0,1.0,4.0,4.0,1.0,3.0,6.0,4.0,2.0,1.0,1.0,2.0,1.0,4.0,5.0,1.0,2.0,5.0,3.0,3.0,6.0,2.0,4.0,4.0,2048.0,1.0,16.0,96.0,1.0,1.0,1.0,1.0,64.0,160.0,1.0,112237524.0,35283641.0,19706900000.0,127.07133333333333,3136.0,10.0,1765376.0,3960148503544884.0
512000.0,32000000.0,3136.0,64.0,3.0,40.0,18.0,26.0,1.0,6.0,3.0,2.0,2.0,2.0,1.0,1.0,2.0,1.0,4.0,6.0,6.0,3.0,5.0,6.0,5.0,3.0,6.0,4.0,1.0,3.0,6.0,5.0,512.0,8.0,1.0,512.0,128.0,1.0,1.0,1.0,1.0,1.0,128.0,1.0,1.0,6.0,4.0,5.0,5.0,6.0,1.0,4.0,1.0,4.0,6.0,3.0,3.0,1.0,2.0,3.0,2.0,4.0,2.0,256.0,1.0,16.0,384.0,1.0,1.0,1.0,1.0,8.0,1.0,1.0,2778228548.0,43606916.2,19706800000.0,125.28544444444444,3136.0,10.0,786432.0,1.2114997947708368e+17
1024000.0,16000.0,3136.0,64.0,3.0,16.0,40.0,48.0,2.0,3.0,5.0,3.0,2.0,2.0,3.0,5.0,3.0,4.0,1.0,1.0,6.0,1.0,1.0,4.0,1.0,5.0,2.0,3.0,5.0,1.0,1.0,1.0,16.0,256.0,1.0,32.0,64.0,1.0,1.0,1.0,1.0,8.0,16.0,1.0,1.0,5.0,2.0,5.0,3.0,6.0,6.0,4.0,6.0,1.0,1.0,3.0,4.0,1.0,2.0,2.0,2.0,5.0,1.0,16.0,1.0,16.0,256.0,1.0,1.0,1.0,1.0,10.0,64.0,1.0,821341222.0,40734408.0,19706700000.0,123.832,3136.0,10.0,43008.0,3.3456848444166576e+16
32000.0,128000.0,3136.0,64.0,3.0,14.0,16.0,12.0,5.0,2.0,2.0,5.0,3.0,1.0,1.0,6.0,5.0,5.0,6.0,6.0,6.0,4.0,2.0,1.0,1.0,1.0,4.0,5.0,4.0,3.0,3.0,3.0,16.0,4096.0,1.0,2048.0,4.0,1.0,1.0,1.0,1.0,8.0,128.0,1.0,6.0,1.0,6.0,2.0,6.0,1.0,6.0,2.0,1.0,2.0,2.0,1.0,4.0,3.0,2.0,3.0,3.0,3.0,32.0,128.0,1.0,3.0,4.0,1.0,1.0,1.0,1.0,4.0,160.0,1.0,1716218508.0,32801981.8,19708700000.0,153.1098888888889,3136.0,10.0,18350080.0,5.629536826423915e+16
1024.0,32000000.0,3136.0,64.0,3.0,20.0,12.0,38.0,2.0,4.0,4.0,6.0,3.0,5.0,4.0,1.0,3.0,6.0,3.0,6.0,6.0,4.0,4.0,6.0,5.0,2.0,4.0,3.0,5.0,2.0,1.0,6.0,4.0,32.0,1.0,64.0,2.0,1.0,1.0,1.0,1.0,1.0,4.0,1.0,4.0,6.0,3.0,5.0,4.0,6.0,6.0,6.0,4.0,4.0,5.0,5.0,6.0,4.0,3.0,5.0,4.0,3.0,8.0,1024.0,1.0,128.0,2.0,1.0,1.0,1.0,1.0,1.0,1.0,1.0,2257957770.0,40224198.0,19706800000.0,124.25188888888889,3136.0,10.0,289792.0,9.082454041611846e+16
4096.0,64000.0,3136.0,64.0,3.0,32.0,2.0,14.0,2.0,3.0,1.0,5.0,2.0,6.0,5.0,4.0,3.0,4.0,1.0,2.0,2.0,1.0,4.0,6.0,2.0,3.0,4.0,4.0,5.0,1.0,2.0,5.0,32.0,256.0,1.0,1.0,2048.0,1.0,1.0,1.0,1.0,8.0,64.0,1.0,5.0,2.0,2.0,5.0,2.0,3.0,5.0,3.0,1.0,3.0,3.0,1.0,3.0,1.0,3.0,3.0,6.0,6.0,4.0,256.0,1.0,48.0,8.0,1.0,1.0,1.0,1.0,10.0,80.0,1.0,2590004075.0,33728192.6,19706900000.0,125.88355555555556,3136.0,10.0,1343488.0,8.735615627638485e+16
1024000.0,8192000.0,3136.0,64.0,3.0,12.0,24.0,38.0,3.0,6.0,4.0,4.0,1.0,2.0,1.0,4.0,5.0,5.0,3.0,3.0,6.0,3.0,4.0,6.0,1.0,5.0,5.0,1.0,3.0,4.0,4.0,1.0,32.0,2048.0,1.0,64.0,1024.0,1.0,1.0,1.0,1.0,8.0,2.0,1.0,3.0,3.0,2.0,4.0,5.0,2.0,3.0,3.0,2.0,3.0,5.0,3.0,1.0,6.0,1.0,1.0,5.0,1.0,512.0,512.0,1.0,16.0,768.0,1.0,1.0,1.0,1.0,16.0,64.0,1.0,373423984.0,35529746.0,19707200000.0,132.01133333333334,3136.0,10.0,4243456.0,1.3267659301828064e+16
128.0,64000.0,3136.0,64.0,3.0,48.0,34.0,2.0,6.0,2.0,5.0,1.0,4.0,1.0,2.0,2.0,3.0,5.0,4.0,6.0,4.0,3.0,3.0,4.0,3.0,3.0,5.0,6.0,4.0,6.0,2.0,6.0,64.0,4096.0,1.0,128.0,2048.0,1.0,1.0,1.0,1.0,128.0,64.0,1.0,6.0,3.0,1.0,3.0,5.0,3.0,2.0,4.0,5.0,6.0,5.0,2.0,2.0,3.0,2.0,5.0,5.0,2.0,512.0,1024.0,1.0,1024.0,6.0,1.0,1.0,1.0,1.0,40.0,2.0,1.0,9328979666.0,32545231.8,19708700000.0,168.6832222222222,3136.0,10.0,18350080.0,3.036138056874566e+17
2048.0,512000.0,3136.0,64.0,3.0,6.0,18.0,18.0,5.0,3.0,4.0,4.0,4.0,4.0,5.0,5.0,5.0,6.0,4.0,3.0,6.0,3.0,1.0,1.0,2.0,4.0,1.0,4.0,3.0,5.0,3.0,4.0,128.0,1.0,1.0,128.0,4.0,1.0,1.0,1.0,1.0,64.0,1.0,1.0,5.0,4.0,5.0,2.0,6.0,1.0,5.0,1.0,2.0,6.0,5.0,1.0,1.0,4.0,6.0,5.0,3.0,6.0,16.0,64.0,1.0,384.0,3072.0,1.0,1.0,1.0,1.0,160.0,16.0,1.0,3120591782.0,32807183.0,19707200000.0,133.40711111111113,3136.0,10.0,4706304.0,1.0237782566037011e+17
16000.0,256000.0,3136.0,64.0,3.0,38.0,26.0,34.0,5.0,5.0,5.0,6.0,2.0,3.0,1.0,4.0,5.0,5.0,3.0,2.0,4.0,6.0,3.0,4.0,4.0,6.0,5.0,1.0,4.0,4.0,2.0,2.0,2.0,2048.0,1.0,2048.0,2.0,1.0,1.0,1.0,1.0,32.0,128.0,1.0,3.0,5.0,4.0,6.0,2.0,3.0,2.0,2.0,4.0,1.0,4.0,5.0,3.0,4.0,1.0,1.0,4.0,3.0,64.0,1024.0,1.0,64.0,16.0,1.0,1.0,1.0,1.0,4.0,32.0,1.0,116809801.0,34482103.8,19707700000.0,138.80488888888888,3136.0,10.0,9437184.0,4027847682939343.5
128.0,4096000.0,3136.0,64.0,3.0,22.0,8.0,38.0,6.0,3.0,1.0,1.0,1.0,1.0,2.0,3.0,3.0,3.0,3.0,2.0,1.0,1.0,1.0,5.0,2.0,6.0,3.0,3.0,4.0,2.0,4.0,5.0,2048.0,128.0,1.0,256.0,4.0,1.0,1.0,1.0,1.0,128.0,1.0,1.0,6.0,2.0,4.0,2.0,6.0,5.0,3.0,6.0,6.0,3.0,2.0,5.0,5.0,2.0,6.0,2.0,5.0,2.0,1.0,2048.0,1.0,3.0,768.0,1.0,1.0,1.0,1.0,320.0,16.0,1.0,1553212402.0,32424083.0,19707700000.0,146.632,3136.0,10.0,9404416.0,5.036148783907737e+16
256.0,32000000.0,3136.0,64.0,3.0,34.0,16.0,16.0,4.0,3.0,1.0,4.0,1.0,4.0,5.0,6.0,5.0,1.0,3.0,4.0,4.0,6.0,2.0,4.0,3.0,4.0,4.0,6.0,4.0,5.0,5.0,4.0,4.0,4.0,1.0,2.0,256.0,1.0,1.0,1.0,1.0,8.0,4.0,1.0,5.0,1.0,3.0,1.0,6.0,5.0,2.0,3.0,5.0,4.0,5.0,2.0,6.0,5.0,5.0,1.0,1.0,6.0,16.0,64.0,1.0,64.0,4.0,1.0,1.0,1.0,1.0,80.0,1.0,1.0,2093859656.0,34107974.0,19706800000.0,124.17222222222222,3136.0,10.0,231424.0,7.141731070649694e+16
32000.0,256000.0,3136.0,64.0,3.0,14.0,12.0,2.0,1.0,3.0,5.0,4.0,4.0,2.0,6.0,4.0,3.0,6.0,2.0,6.0,2.0,2.0,3.0,1.0,1.0,6.0,4.0,2.0,1.0,4.0,4.0,3.0,32.0,128.0,1.0,16.0,64.0,1.0,1.0,1.0,1.0,128.0,128.0,1.0,5.0,2.0,2.0,6.0,4.0,4.0,2.0,1.0,1.0,6.0,5.0,2.0,3.0,4.0,6.0,3.0,1.0,2.0,2.0,1.0,1.0,4.0,64.0,1.0,1.0,1.0,1.0,64.0,32.0,1.0,12373631013.0,76852675.0,19706700000.0,123.80011111111111,3136.0,10.0,65536.0,9.509466428120097e+17
8192.0,2048000.0,3136.0,64.0,3.0,46.0,22.0,34.0,6.0,2.0,6.0,6.0,1.0,2.0,1.0,5.0,6.0,5.0,5.0,2.0,5.0,6.0,1.0,6.0,4.0,1.0,3.0,2.0,1.0,4.0,1.0,2.0,8.0,4096.0,1.0,8.0,32.0,1.0,1.0,1.0,1.0,64.0,64.0,1.0,2.0,6.0,6.0,1.0,1.0,1.0,2.0,5.0,2.0,6.0,4.0,2.0,4.0,5.0,6.0,6.0,2.0,3.0,4096.0,128.0,1.0,64.0,128.0,1.0,1.0,1.0,1.0,80.0,4.0,1.0,11140646024.0,33319711.0,19706900000.0,128.20044444444443,3136.0,10.0,1724416.0,3.712031058729791e+17
512.0,512000.0,3136.0,64.0,3.0,26.0,24.0,8.0,5.0,3.0,6.0,6.0,2.0,5.0,6.0,5.0,6.0,6.0,6.0,6.0,2.0,5.0,4.0,1.0,1.0,5.0,2.0,1.0,1.0,5.0,2.0,2.0,512.0,8.0,1.0,512.0,16.0,1.0,1.0,1.0,1.0,16.0,128.0,1.0,3.0,5.0,6.0,3.0,1.0,2.0,1.0,4.0,2.0,2.0,6.0,1.0,5.0,2.0,4.0,5.0,4.0,3.0,256.0,512.0,1.0,1.0,96.0,1.0,1.0,1.0,1.0,16.0,160.0,1.0,1286021494.0,33545406.2,19706800000.0,125.45044444444444,3136.0,10.0,786432.0,4.314011339816086e+16
1024000.0,16000.0,3136.0,64.0,3.0,38.0,4.0,16.0,2.0,5.0,4.0,2.0,5.0,3.0,2.0,2.0,3.0,3.0,4.0,6.0,6.0,1.0,2.0,5.0,6.0,3.0,6.0,4.0,5.0,4.0,2.0,5.0,4.0,4.0,1.0,128.0,2.0,1.0,1.0,1.0,1.0,2.0,8.0,1.0,2.0,4.0,4.0,1.0,2.0,6.0,5.0,4.0,1.0,3.0,1.0,4.0,6.0,4.0,3.0,5.0,5.0,5.0,512.0,4096.0,1.0,4.0,3.0,1.0,1.0,1.0,1.0,320.0,64.0,1.0,16241595468.0,39432710.0,19707000000.0,128.7801111111111,3136.0,10.0,2656768.0,6.404501240269583e+17
8192.0,256000.0,3136.0,64.0,3.0,34.0,14.0,46.0,6.0,3.0,1.0,6.0,3.0,1.0,5.0,4.0,3.0,2.0,2.0,1.0,4.0,1.0,3.0,3.0,1.0,2.0,4.0,3.0,4.0,1.0,5.0,4.0,2.0,512.0,1.0,64.0,4.0,1.0,1.0,1.0,1.0,32.0,32.0,1.0,5.0,2.0,1.0,1.0,5.0,3.0,5.0,2.0,2.0,3.0,4.0,3.0,4.0,3.0,1.0,5.0,1.0,2.0,1.0,512.0,1.0,32.0,48.0,1.0,1.0,1.0,1.0,2.0,20.0,1.0,3416796637.0,34522109.0,19706800000.0,124.83011111111111,3136.0,10.0,397312.0,1.1795502593334744e+17
512000.0,16000.0,3136.0,64.0,3.0,44.0,26.0,16.0,5.0,3.0,5.0,5.0,2.0,6.0,2.0,5.0,3.0,6.0,1.0,5.0,2.0,5.0,5.0,1.0,5.0,4.0,5.0,6.0,5.0,1.0,4.0,1.0,2048.0,4.0,1.0,4.0,32.0,1.0,1.0,1.0,1.0,128.0,4.0,1.0,2.0,4.0,4.0,1.0,3.0,1.0,4.0,2.0,5.0,5.0,1.0,2.0,6.0,1.0,3.0,6.0,1.0,5.0,16.0,256.0,1.0,96.0,192.0,1.0,1.0,1.0,1.0,2.0,160.0,1.0,1429115957.0,33558003.0,19706800000.0,125.16366666666667,3136.0,10.0,663552.0,4.795827757235387e+16
128000.0,16000.0,3136.0,64.0,3.0,10.0,34.0,44.0,5.0,3.0,4.0,3.0,5.0,3.0,4.0,3.0,6.0,3.0,1.0,1.0,2.0,3.0,5.0,5.0,5.0,2.0,2.0,5.0,6.0,1.0,2.0,2.0,4096.0,16.0,1.0,64.0,256.0,1.0,1.0,1.0,1.0,32.0,128.0,1.0,2.0,2.0,6.0,6.0,3.0,2.0,4.0,5.0,4.0,4.0,1.0,6.0,3.0,5.0,2.0,3.0,3.0,5.0,1024.0,2048.0,1.0,16.0,768.0,1.0,1.0,1.0,1.0,2.0,10.0,1.0,14361746133.0,39205841.8,19707400000.0,140.852,3136.0,10.0,6388736.0,5.6306434686215974e+17
512000.0,256000.0,3136.0,64.0,3.0,44.0,16.0,10.0,6.0,4.0,2.0,2.0,4.0,3.0,4.0,2.0,4.0,6.0,1.0,2.0,2.0,6.0,2.0,5.0,5.0,1.0,3.0,6.0,2.0,3.0,5.0,1.0,64.0,16.0,1.0,1.0,2.0,1.0,1.0,1.0,1.0,8.0,32.0,1.0,5.0,4.0,1.0,3.0,3.0,6.0,2.0,2.0,2.0,1.0,5.0,2.0,6.0,3.0,4.0,2.0,3.0,2.0,512.0,8.0,1.0,16.0,128.0,1.0,1.0,1.0,1.0,5.0,1.0,1.0,514302366.0,33656664.0,19706900000.0,125.90122222222222,3136.0,10.0,1090816.0,1.7309701926867024e+16
4096.0,32000000.0,3136.0,64.0,3.0,28.0,18.0,12.0,1.0,4.0,2.0,1.0,5.0,5.0,3.0,4.0,3.0,6.0,2.0,2.0,4.0,2.0,1.0,2.0,6.0,4.0,4.0,2.0,5.0,2.0,1.0,3.0,16.0,4.0,1.0,2.0,16.0,1.0,1.0,1.0,1.0,4.0,2.0,1.0,3.0,4.0,3.0,4.0,3.0,4.0,5.0,6.0,3.0,2.0,5.0,2.0,2.0,4.0,1.0,3.0,2.0,3.0,32.0,4.0,1.0,96.0,256.0,1.0,1.0,1.0,1.0,64.0,64.0,1.0,4151223832.0,43877440.0,19706700000.0,123.78655555555557,3136.0,10.0,53248.0,1.8214507461515008e+17
512.0,64000.0,3136.0,64.0,3.0,40.0,48.0,32.0,2.0,6.0,4.0,3.0,3.0,6.0,4.0,6.0,1.0,5.0,6.0,5.0,3.0,1.0,2.0,3.0,4.0,3.0,1.0,2.0,3.0,1.0,3.0,6.0,512.0,16.0,1.0,2.0,1024.0,1.0,1.0,1.0,1.0,128.0,16.0,1.0,4.0,6.0,3.0,1.0,1.0,5.0,5.0,3.0,2.0,4.0,2.0,6.0,5.0,2.0,5.0,5.0,5.0,2.0,4096.0,32.0,1.0,48.0,3072.0,1.0,1.0,1.0,1.0,1.0,2.0,1.0,721845412.0,32532579.8,19709400000.0,174.18311111111112,3136.0,10.0,25194496.0,2.348349346915388e+16
2048000.0,32000.0,3136.0,64.0,3.0,26.0,34.0,10.0,6.0,5.0,2.0,6.0,4.0,6.0,6.0,6.0,4.0,1.0,2.0,5.0,1.0,3.0,6.0,2.0,2.0,3.0,2.0,2.0,5.0,3.0,2.0,1.0,64.0,2048.0,1.0,8.0,256.0,1.0,1.0,1.0,1.0,16.0,16.0,1.0,6.0,1.0,2.0,1.0,1.0,3.0,5.0,6.0,2.0,2.0,5.0,5.0,3.0,4.0,3.0,6.0,5.0,2.0,1024.0,1024.0,1.0,192.0,1.0,1.0,1.0,1.0,1.0,16.0,10.0,1.0,1527612640.0,32981157.0,19707000000.0,130.3901111111111,3136.0,10.0,2236416.0,5.038243231502448e+16
2048000.0,32000.0,3136.0,64.0,3.0,22.0,22.0,36.0,1.0,1.0,6.0,5.0,3.0,3.0,2.0,4.0,3.0,1.0,3.0,1.0,6.0,3.0,4.0,5.0,5.0,4.0,5.0,2.0,3.0,4.0,2.0,6.0,128.0,1024.0,1.0,2048.0,128.0,1.0,1.0,1.0,1.0,2.0,4.0,1.0,5.0,2.0,5.0,5.0,4.0,2.0,1.0,6.0,6.0,3.0,5.0,5.0,3.0,2.0,1.0,1.0,5.0,6.0,64.0,32.0,1.0,192.0,6.0,1.0,1.0,1.0,1.0,320.0,64.0,1.0,4925893299.0,33831498.0,19707200000.0,130.513,3136.0,10.0,4218880.0,1.666503492933319e+17
16000.0,16000.0,3136.0,64.0,3.0,14.0,26.0,24.0,6.0,4.0,2.0,1.0,1.0,6.0,5.0,1.0,2.0,6.0,4.0,1.0,3.0,2.0,3.0,5.0,1.0,3.0,1.0,6.0,2.0,4.0,4.0,4.0,128.0,2.0,1.0,128.0,512.0,1.0,1.0,1.0,1.0,32.0,8.0,1.0,2.0,1.0,2.0,4.0,6.0,2.0,4.0,6.0,6.0,5.0,1.0,1.0,4.0,6.0,1.0,6.0,4.0,5.0,2048.0,16.0,1.0,3.0,768.0,1.0,1.0,1.0,1.0,80.0,4.0,1.0,3452377460.0,33609344.0,19707500000.0,138.35177777777778,3136.0,10.0,7069696.0,1.1603214167098624e+17
16000.0,128000.0,3136.0,64.0,3.0,30.0,10.0,28.0,2.0,1.0,4.0,1.0,2.0,5.0,6.0,5.0,2.0,5.0,6.0,2.0,2.0,2.0,2.0,1.0,5.0,2.0,1.0,3.0,1.0,3.0,3.0,3.0,16.0,32.0,1.0,64.0,8.0,1.0,1.0,1.0,1.0,4.0,128.0,1.0,3.0,3.0,5.0,5.0,1.0,1.0,1.0,1.0,3.0,2.0,6.0,1.0,6.0,6.0,3.0,5.0,1.0,3.0,8.0,64.0,1.0,4.0,256.0,1.0,1.0,1.0,1.0,20.0,2.0,1.0,4707659814.0,38713503.0,19706700000.0,123.81422222222221,3136.0,10.0,45568.0,1.8225000233226845e+17
256000.0,512000.0,3136.0,64.0,3.0,34.0,8.0,36.0,4.0,6.0,3.0,5.0,3.0,2.0,2.0,3.0,6.0,6.0,6.0,2.0,5.0,6.0,3.0,2.0,3.0,1.0,2.0,3.0,1.0,4.0,3.0,3.0,16.0,1.0,1.0,16.0,4.0,1.0,1.0,1.0,1.0,2.0,2.0,1.0,1.0,2.0,1.0,4.0,2.0,4.0,5.0,6.0,5.0,5.0,1.0,5.0,4.0,1.0,5.0,4.0,6.0,5.0,512.0,1024.0,1.0,384.0,384.0,1.0,1.0,1.0,1.0,20.0,40.0,1.0,2649632834.0,36035702.0,19706900000.0,126.92011111111111,3136.0,10.0,1687552.0,9.548137921543947e+16
128000.0,4096000.0,3136.0,64.0,3.0,46.0,48.0,6.0,6.0,3.0,2.0,4.0,2.0,5.0,1.0,2.0,4.0,1.0,5.0,3.0,3.0,6.0,4.0,4.0,2.0,6.0,1.0,2.0,6.0,5.0,1.0,6.0,256.0,512.0,1.0,256.0,4.0,1.0,1.0,1.0,1.0,64.0,64.0,1.0,1.0,4.0,5.0,1.0,5.0,6.0,6.0,3.0,2.0,3.0,4.0,2.0,5.0,4.0,3.0,5.0,3.0,6.0,1024.0,1.0,1.0,16.0,192.0,1.0,1.0,1.0,1.0,40.0,8.0,1.0,1398288504.0,32836799.0,19707000000.0,131.425,3136.0,10.0,2654208.0,4.5915318549858696e+16
512000.0,2048000.0,3136.0,64.0,3.0,20.0,10.0,2.0,5.0,2.0,5.0,3.0,4.0,6.0,1.0,2.0,2.0,1.0,2.0,4.0,4.0,1.0,2.0,4.0,3.0,2.0,4.0,4.0,4.0,6.0,6.0,5.0,512.0,32.0,1.0,8.0,8.0,1.0,1.0,1.0,1.0,8.0,1.0,1.0,6.0,5.0,4.0,3.0,5.0,5.0,1.0,4.0,1.0,2.0,5.0,3.0,6.0,3.0,2.0,4.0,5.0,4.0,128.0,1024.0,1.0,384.0,24.0,1.0,1.0,1.0,1.0,8.0,8.0,1.0,3054937484.0,35268534.0,19706800000.0,125.25888888888889,3136.0,10.0,808960.0,1.0774316652232845e+17
2048000.0,32000000.0,3136.0,64.0,3.0,26.0,2.0,2.0,1.0,4.0,3.0,6.0,4.0,6.0,5.0,3.0,3.0,4.0,2.0,5.0,3.0,6.0,6.0,1.0,1.0,6.0,5.0,1.0,1.0,5.0,1.0,1.0,2048.0,64.0,1.0,4.0,128.0,1.0,1.0,1.0,1.0,128.0,128.0,1.0,2.0,6.0,3.0,6.0,2.0,5.0,4.0,2.0,6.0,1.0,1.0,3.0,1.0,6.0,1.0,6.0,4.0,1.0,4096.0,1024.0,1.0,1.0,4.0,1.0,1.0,1.0,1.0,64.0,10.0,1.0,6174595176.0,32497063.8,19707000000.0,130.43344444444443,3136.0,10.0,2656768.0,2.0065621337364422e+17
256000.0,1024000.0,3136.0,64.0,3.0,32.0,42.0,40.0,3.0,4.0,1.0,2.0,3.0,3.0,5.0,6.0,3.0,1.0,2.0,3.0,4.0,6.0,4.0,5.0,5.0,4.0,5.0,6.0,1.0,1.0,6.0,1.0,256.0,2.0,1.0,16.0,128.0,1.0,1.0,1.0,1.0,4.0,128.0,1.0,5.0,3.0,4.0,4.0,1.0,3.0,2.0,2.0,1.0,5.0,4.0,2.0,3.0,1.0,6.0,3.0,3.0,3.0,2.0,16.0,1.0,1024.0,24.0,1.0,1.0,1.0,1.0,1.0,64.0,1.0,1068912498.0,38832360.0,19706800000.0,124.25244444444444,3136.0,10.0,165888.0,4.150839493083528e+16
2048.0,512000.0,3136.0,64.0,3.0,22.0,20.0,36.0,5.0,5.0,1.0,3.0,1.0,1.0,6.0,1.0,4.0,4.0,3.0,1.0,2.0,3.0,2.0,1.0,6.0,3.0,2.0,3.0,1.0,6.0,5.0,2.0,64.0,8.0,1.0,1024.0,512.0,1.0,1.0,1.0,1.0,32.0,2.0,1.0,5.0,5.0,4.0,4.0,6.0,2.0,4.0,1.0,4.0,5.0,2.0,2.0,6.0,2.0,2.0,2.0,2.0,6.0,16.0,32.0,1.0,8.0,16.0,1.0,1.0,1.0,1.0,320.0,4.0,1.0,1800175522.0,33447001.0,19706800000.0,124.79722222222222,3136.0,10.0,606208.0,6.021047248450952e+16
1024.0,1024000.0,3136.0,64.0,3.0,32.0,22.0,30.0,5.0,2.0,1.0,4.0,1.0,4.0,5.0,4.0,4.0,1.0,4.0,6.0,4.0,4.0,5.0,3.0,4.0,3.0,1.0,6.0,4.0,4.0,6.0,3.0,128.0,256.0,1.0,512.0,16.0,1.0,1.0,1.0,1.0,128.0,1.0,1.0,2.0,2.0,4.0,2.0,2.0,2.0,3.0,6.0,5.0,3.0,5.0,3.0,5.0,2.0,1.0,2.0,6.0,6.0,4096.0,2048.0,1.0,12.0,512.0,1.0,1.0,1.0,1.0,10.0,5.0,1.0,9127248598.0,32651758.0,19707200000.0,134.10922222222223,3136.0,10.0,4286464.0,2.980207124277353e+17
2048.0,32000000.0,3136.0,64.0,3.0,42.0,26.0,28.0,3.0,1.0,4.0,4.0,3.0,2.0,3.0,5.0,1.0,4.0,4.0,5.0,3.0,1.0,3.0,5.0,5.0,2.0,3.0,6.0,2.0,6.0,3.0,6.0,16.0,32.0,1.0,1.0,8.0,1.0,1.0,1.0,1.0,128.0,32.0,1.0,4.0,4.0,6.0,5.0,2.0,4.0,2.0,5.0,1.0,3.0,3.0,3.0,4.0,2.0,5.0,5.0,1.0,5.0,8.0,512.0,1.0,1.0,48.0,1.0,1.0,1.0,1.0,5.0,5.0,1.0,539787317.0,53841310.0,19706700000.0,123.80444444444444,3136.0,10.0,54752.0,2.906285626866527e+16
512.0,64000.0,3136.0,64.0,3.0,28.0,6.0,14.0,4.0,4.0,6.0,1.0,6.0,5.0,6.0,2.0,3.0,5.0,4.0,4.0,6.0,3.0,1.0,4.0,5.0,5.0,3.0,1.0,3.0,2.0,2.0,4.0,4.0,1024.0,1.0,128.0,512.0,1.0,1.0,1.0,1.0,16.0,32.0,1.0,6.0,1.0,5.0,5.0,3.0,4.0,4.0,4.0,5.0,4.0,5.0,3.0,6.0,6.0,1.0,4.0,5.0,4.0,1.0,4.0,1.0,1536.0,256.0,1.0,1.0,1.0,1.0,320.0,64.0,1.0,1831529431.0,54380786.0,19706900000.0,127.35444444444444,3136.0,10.0,1146880.0,9.960001003991277e+16
1024.0,8192000.0,3136.0,64.0,3.0,28.0,6.0,16.0,1.0,1.0,4.0,4.0,3.0,1.0,1.0,6.0,6.0,5.0,6.0,5.0,6.0,5.0,1.0,3.0,6.0,6.0,5.0,1.0,3.0,5.0,5.0,2.0,4096.0,4.0,1.0,8.0,8.0,1.0,1.0,1.0,1.0,32.0,1.0,1.0,4.0,5.0,5.0,3.0,3.0,4.0,5.0,1.0,1.0,5.0,6.0,3.0,4.0,1.0,1.0,5.0,5.0,2.0,1.0,128.0,1.0,48.0,64.0,1.0,1.0,1.0,1.0,32.0,320.0,1.0,5640040228.0,36385948.0,19706800000.0,124.45333333333333,3136.0,10.0,328192.0,2.0521821045391616e+17
64000.0,128000.0,3136.0,64.0,3.0,6.0,12.0,30.0,3.0,1.0,4.0,1.0,5.0,2.0,2.0,4.0,1.0,4.0,1.0,2.0,1.0,4.0,4.0,2.0,4.0,1.0,6.0,1.0,5.0,6.0,3.0,6.0,8.0,64.0,1.0,1024.0,1024.0,1.0,1.0,1.0,1.0,16.0,1.0,1.0,1.0,1.0,4.0,2.0,1.0,1.0,5.0,6.0,5.0,1.0,4.0,5.0,6.0,1.0,5.0,5.0,1.0,3.0,2048.0,4.0,1.0,16.0,768.0,1.0,1.0,1.0,1.0,64.0,160.0,1.0,2228317139.0,34137804.0,19707200000.0,131.69433333333333,3136.0,10.0,4046848.0,7.606985374102275e+16
4096.0,2048000.0,3136.0,64.0,3.0,32.0,24.0,16.0,6.0,1.0,6.0,5.0,1.0,1.0,2.0,1.0,5.0,3.0,5.0,3.0,1.0,1.0,4.0,1.0,6.0,5.0,1.0,3.0,2.0,5.0,5.0,2.0,2048.0,4096.0,1.0,32.0,2.0,1.0,1.0,1.0,1.0,1.0,1.0,1.0,2.0,1.0,6.0,5.0,4.0,4.0,4.0,4.0,3.0,5.0,3.0,2.0,6.0,1.0,5.0,1.0,4.0,4.0,32.0,128.0,1.0,24.0,3.0,1.0,1.0,1.0,1.0,5.0,320.0,1.0,584076521.0,42266620.0,19706800000.0,125.49055555555556,3136.0,10.0,719872.0,2.468694036402902e+16
16000.0,16000.0,3136.0,64.0,3.0,18.0,18.0,24.0,5.0,1.0,4.0,1.0,5.0,1.0,3.0,1.0,5.0,2.0,2.0,1.0,2.0,6.0,3.0,2.0,4.0,5.0,3.0,5.0,1.0,4.0,3.0,5.0,2048.0,1.0,1.0,128.0,256.0,1.0,1.0,1.0,1.0,32.0,2.0,1.0,1.0,4.0,1.0,1.0,4.0,1.0,5.0,5.0,6.0,1.0,5.0,2.0,1.0,6.0,2.0,4.0,3.0,1.0,1.0,1.0,1.0,3072.0,24.0,1.0,1.0,1.0,1.0,160.0,2.0,1.0,5096193392.0,45211174.0,19707000000.0,129.29677777777778,3136.0,10.0,2375680.0,2.304048861833622e+17
4096.0,64000.0,3136.0,64.0,3.0,48.0,14.0,48.0,2.0,4.0,3.0,6.0,4.0,2.0,1.0,4.0,6.0,1.0,1.0,5.0,5.0,5.0,2.0,1.0,4.0,1.0,1.0,2.0,2.0,4.0,4.0,3.0,4.0,1.0,1.0,16.0,8.0,1.0,1.0,1.0,1.0,32.0,2.0,1.0,5.0,3.0,1.0,4.0,1.0,4.0,3.0,2.0,2.0,4.0,1.0,2.0,5.0,5.0,5.0,5.0,6.0,2.0,4096.0,1024.0,1.0,32.0,4.0,1.0,1.0,1.0,1.0,10.0,8.0,1.0,1200180191.0,40325870.0,19706800000.0,124.82655555555556,3136.0,10.0,592384.0,4.839831035884117e+16
8192.0,1024000.0,3136.0,64.0,3.0,4.0,28.0,30.0,4.0,6.0,2.0,3.0,4.0,5.0,6.0,5.0,2.0,1.0,4.0,5.0,6.0,4.0,1.0,5.0,4.0,5.0,4.0,1.0,5.0,1.0,5.0,5.0,32.0,2048.0,1.0,64.0,256.0,1.0,1.0,1.0,1.0,32.0,1.0,1.0,5.0,1.0,1.0,2.0,1.0,6.0,6.0,5.0,3.0,6.0,3.0,6.0,6.0,6.0,1.0,1.0,1.0,6.0,512.0,128.0,1.0,3.0,16.0,1.0,1.0,1.0,1.0,40.0,1.0,1.0,4853855782.0,34706405.4,19706900000.0,125.62944444444443,3136.0,10.0,1196032.0,1.6845988652322602e+17
1024000.0,8192000.0,3136.0,64.0,3.0,16.0,40.0,16.0,2.0,5.0,2.0,3.0,6.0,2.0,5.0,2.0,2.0,2.0,5.0,5.0,3.0,3.0,6.0,6.0,3.0,5.0,3.0,5.0,6.0,3.0,5.0,4.0,32.0,4096.0,1.0,2.0,1.0,1.0,1.0,1.0,1.0,128.0,128.0,1.0,6.0,4.0,3.0,6.0,3.0,4.0,1.0,2.0,3.0,3.0,5.0,1.0,2.0,3.0,6.0,4.0,5.0,1.0,16.0,4096.0,1.0,6.0,12.0,1.0,1.0,1.0,1.0,64.0,20.0,1.0,1399602588.0,33643061.8,19706900000.0,126.5128888888889,3136.0,10.0,1065472.0,4.708691636352394e+16
256000.0,4096000.0,3136.0,64.0,3.0,18.0,22.0,20.0,6.0,1.0,6.0,4.0,4.0,3.0,5.0,5.0,5.0,6.0,1.0,2.0,5.0,2.0,5.0,4.0,2.0,2.0,3.0,2.0,4.0,2.0,5.0,1.0,128.0,128.0,1.0,64.0,256.0,1.0,1.0,1.0,1.0,2.0,4.0,1.0,6.0,2.0,5.0,3.0,4.0,6.0,1.0,3.0,5.0,2.0,5.0,2.0,3.0,3.0,5.0,4.0,4.0,5.0,512.0,16.0,1.0,128.0,96.0,1.0,1.0,1.0,1.0,40.0,8.0,1.0,5704927340.0,39190090.0,19706900000.0,126.72855555555556,3136.0,10.0,1214464.0,2.235766158980606e+17
4096.0,16000.0,3136.0,64.0,3.0,36.0,40.0,24.0,3.0,1.0,6.0,2.0,1.0,5.0,6.0,6.0,1.0,2.0,5.0,5.0,5.0,2.0,4.0,4.0,2.0,2.0,2.0,6.0,2.0,4.0,6.0,5.0,16.0,64.0,1.0,2048.0,2.0,1.0,1.0,1.0,1.0,1.0,8.0,1.0,6.0,3.0,2.0,4.0,5.0,5.0,5.0,2.0,6.0,5.0,4.0,4.0,1.0,6.0,4.0,6.0,2.0,1.0,2048.0,16.0,1.0,1024.0,1.0,1.0,1.0,1.0,1.0,4.0,10.0,1.0,16819167644.0,38763711.0,19707200000.0,132.294,3136.0,10.0,4255744.0,6.519733538125669e+17
256.0,256000.0,3136.0,64.0,3.0,36.0,2.0,20.0,6.0,4.0,6.0,2.0,2.0,2.0,6.0,4.0,2.0,1.0,4.0,2.0,6.0,5.0,5.0,6.0,5.0,5.0,5.0,2.0,6.0,5.0,1.0,6.0,1.0,1024.0,1.0,2.0,2048.0,1.0,1.0,1.0,1.0,64.0,4.0,1.0,1.0,5.0,6.0,4.0,5.0,4.0,5.0,5.0,2.0,5.0,5.0,6.0,4.0,6.0,3.0,6.0,3.0,5.0,32.0,256.0,1.0,32.0,1.0,1.0,1.0,1.0,1.0,5.0,80.0,1.0,1237071235.0,34482381.8,19708600000.0,152.38244444444445,3136.0,10.0,17563648.0,4.265716263906752e+16
128000.0,8192000.0,3136.0,64.0,3.0,2.0,46.0,12.0,3.0,3.0,4.0,2.0,4.0,3.0,6.0,2.0,6.0,4.0,6.0,2.0,6.0,2.0,6.0,6.0,4.0,5.0,1.0,5.0,6.0,3.0,1.0,3.0,1.0,1024.0,1.0,64.0,32.0,1.0,1.0,1.0,1.0,16.0,2.0,1.0,5.0,3.0,3.0,6.0,3.0,2.0,5.0,2.0,3.0,4.0,2.0,2.0,1.0,4.0,3.0,5.0,5.0,6.0,256.0,512.0,1.0,32.0,48.0,1.0,1.0,1.0,1.0,4.0,80.0,1.0,2567768277.0,34579714.0,19706800000.0,124.20377777777779,3136.0,10.0,165888.0,8.879269263693278e+16
128000.0,64000.0,3136.0,64.0,3.0,8.0,38.0,36.0,2.0,3.0,2.0,1.0,1.0,6.0,4.0,5.0,4.0,4.0,2.0,1.0,3.0,2.0,1.0,6.0,1.0,4.0,5.0,6.0,6.0,2.0,5.0,4.0,64.0,16.0,1.0,64.0,1024.0,1.0,1.0,1.0,1.0,2.0,4.0,1.0,1.0,2.0,2.0,4.0,5.0,2.0,1.0,3.0,2.0,2.0,6.0,3.0,3.0,2.0,3.0,5.0,5.0,4.0,16.0,2.0,1.0,96.0,256.0,1.0,1.0,1.0,1.0,4.0,10.0,1.0,7830700126.0,47427604.0,19706800000.0,123.92333333333333,3136.0,10.0,139776.0,3.713913446186781e+17
32000.0,32000.0,3136.0,64.0,3.0,8.0,28.0,6.0,6.0,5.0,4.0,3.0,2.0,5.0,3.0,6.0,1.0,2.0,4.0,2.0,4.0,6.0,4.0,2.0,2.0,3.0,1.0,3.0,5.0,5.0,1.0,4.0,1024.0,64.0,1.0,512.0,256.0,1.0,1.0,1.0,1.0,64.0,8.0,1.0,1.0,6.0,4.0,4.0,3.0,1.0,6.0,6.0,6.0,2.0,4.0,5.0,5.0,1.0,2.0,5.0,1.0,2.0,32.0,128.0,1.0,384.0,1536.0,1.0,1.0,1.0,1.0,5.0,40.0,1.0,851464642.0,33411195.6,19707500000.0,145.17355555555557,3136.0,10.0,7385088.0,2.8448451700345976e+16
1024000.0,1024000.0,3136.0,64.0,3.0,10.0,24.0,30.0,1.0,2.0,3.0,3.0,3.0,6.0,6.0,6.0,2.0,5.0,3.0,4.0,3.0,5.0,5.0,4.0,3.0,2.0,6.0,5.0,6.0,2.0,2.0,2.0,2048.0,32.0,1.0,256.0,512.0,1.0,1.0,1.0,1.0,32.0,4.0,1.0,6.0,5.0,3.0,2.0,4.0,4.0,6.0,2.0,4.0,2.0,4.0,1.0,6.0,3.0,4.0,6.0,1.0,3.0,32.0,1024.0,1.0,2.0,3072.0,1.0,1.0,1.0,1.0,8.0,20.0,1.0,24474950666.0,32582203.1,19707400000.0,139.52288888888887,3136.0,10.0,6455296.0,7.974478134620923e+17
4096.0,16000.0,3136.0,64.0,3.0,44.0,38.0,26.0,6.0,3.0,6.0,6.0,3.0,3.0,1.0,5.0,5.0,2.0,4.0,5.0,3.0,2.0,6.0,6.0,5.0,5.0,5.0,1.0,2.0,3.0,4.0,5.0,4.0,256.0,1.0,2.0,32.0,1.0,1.0,1.0,1.0,128.0,32.0,1.0,6.0,2.0,5.0,2.0,5.0,6.0,5.0,2.0,1.0,6.0,6.0,2.0,5.0,2.0,6.0,5.0,6.0,1.0,1024.0,8.0,1.0,64.0,256.0,1.0,1.0,1.0,1.0,2.0,2.0,1.0,2620118673.0,33365802.0,19706900000.0,127.11233333333332,3136.0,10.0,1586176.0,8.742236085982075e+16
16000.0,64000.0,3136.0,64.0,3.0,14.0,34.0,16.0,2.0,1.0,5.0,4.0,6.0,6.0,1.0,2.0,2.0,6.0,1.0,2.0,2.0,1.0,4.0,3.0,6.0,3.0,4.0,2.0,4.0,5.0,1.0,6.0,2.0,2.0,1.0,1024.0,512.0,1.0,1.0,1.0,1.0,1.0,2.0,1.0,3.0,3.0,2.0,4.0,6.0,5.0,5.0,3.0,6.0,4.0,6.0,5.0,6.0,2.0,6.0,1.0,4.0,1.0,4096.0,2048.0,1.0,4.0,96.0,1.0,1.0,1.0,1.0,40.0,20.0,1.0,24430916478.0,53510480.0,19706900000.0,125.84544444444444,3136.0,10.0,1121792.0,1.3073100675776893e+18
8192.0,32000000.0,3136.0,64.0,3.0,6.0,6.0,28.0,5.0,3.0,1.0,3.0,4.0,1.0,2.0,4.0,5.0,1.0,5.0,6.0,4.0,2.0,2.0,5.0,2.0,1.0,6.0,4.0,6.0,4.0,2.0,6.0,64.0,4096.0,1.0,2048.0,8.0,1.0,1.0,1.0,1.0,4.0,16.0,1.0,2.0,6.0,6.0,4.0,3.0,4.0,1.0,5.0,5.0,2.0,6.0,3.0,3.0,4.0,3.0,1.0,3.0,3.0,4096.0,512.0,1.0,12.0,96.0,1.0,1.0,1.0,1.0,40.0,64.0,1.0,2216811125.0,33238521.8,19708500000.0,152.2457777777778,3136.0,10.0,16973824.0,7.368352490479502e+16
128000.0,16000.0,3136.0,64.0,3.0,20.0,38.0,18.0,5.0,5.0,4.0,1.0,4.0,6.0,2.0,1.0,5.0,6.0,5.0,4.0,5.0,1.0,4.0,1.0,3.0,3.0,3.0,5.0,3.0,1.0,6.0,1.0,4096.0,256.0,1.0,32.0,512.0,1.0,1.0,1.0,1.0,8.0,32.0,1.0,4.0,4.0,6.0,2.0,6.0,1.0,6.0,5.0,4.0,1.0,1.0,2.0,3.0,5.0,6.0,1.0,1.0,4.0,32.0,16.0,1.0,512.0,2.0,1.0,1.0,1.0,1.0,20.0,40.0,1.0,5065711738.0,35648390.0,19707200000.0,130.71266666666668,3136.0,10.0,4489216.0,1.8058446766380182e+17
128000.0,8192000.0,3136.0,64.0,3.0,46.0,38.0,28.0,4.0,6.0,5.0,5.0,3.0,2.0,4.0,6.0,6.0,5.0,2.0,6.0,3.0,3.0,5.0,5.0,2.0,5.0,4.0,5.0,2.0,4.0,4.0,5.0,1024.0,256.0,1.0,32.0,512.0,1.0,1.0,1.0,1.0,4.0,32.0,1.0,6.0,1.0,4.0,4.0,3.0,2.0,6.0,5.0,3.0,5.0,3.0,1.0,4.0,1.0,6.0,5.0,2.0,5.0,4096.0,64.0,1.0,8.0,3.0,1.0,1.0,1.0,1.0,1.0,4.0,1.0,7703799320.0,55637147.0,19706900000.0,125.63055555555556,3136.0,10.0,1146880.0,4.2861741522534e+17
8192.0,256000.0,3136.0,64.0,3.0,40.0,26.0,8.0,3.0,5.0,3.0,2.0,5.0,3.0,3.0,5.0,2.0,2.0,1.0,6.0,2.0,4.0,3.0,3.0,1.0,4.0,4.0,3.0,2.0,3.0,2.0,4.0,8.0,4.0,1.0,32.0,16.0,1.0,1.0,1.0,1.0,16.0,128.0,1.0,5.0,1.0,2.0,4.0,4.0,1.0,3.0,1.0,4.0,4.0,4.0,4.0,6.0,5.0,1.0,1.0,5.0,5.0,4096.0,2048.0,1.0,8.0,1536.0,1.0,1.0,1.0,1.0,8.0,160.0,1.0,2988592996.0,35545795.0,19708200000.0,151.2711111111111,3136.0,10.0,14385152.0,1.0623191397425182e+17
8192.0,32000.0,3136.0,64.0,3.0,22.0,6.0,6.0,2.0,2.0,5.0,2.0,6.0,4.0,6.0,4.0,1.0,1.0,1.0,5.0,5.0,3.0,3.0,3.0,5.0,5.0,3.0,4.0,5.0,1.0,3.0,5.0,128.0,32.0,1.0,16.0,8.0,1.0,1.0,1.0,1.0,4.0,8.0,1.0,5.0,2.0,1.0,6.0,3.0,1.0,5.0,5.0,3.0,5.0,3.0,5.0,3.0,1.0,3.0,4.0,2.0,6.0,4096.0,64.0,1.0,8.0,4.0,1.0,1.0,1.0,1.0,160.0,10.0,1.0,24439952208.0,34084945.0,19706900000.0,126.33555555555556,3136.0,10.0,1378816.0,8.330344268123086e+17
1024000.0,16000.0,3136.0,64.0,3.0,18.0,48.0,8.0,1.0,4.0,1.0,5.0,6.0,2.0,5.0,4.0,6.0,3.0,5.0,1.0,6.0,1.0,5.0,4.0,6.0,4.0,6.0,1.0,3.0,6.0,2.0,3.0,64.0,64.0,1.0,2048.0,16.0,1.0,1.0,1.0,1.0,32.0,32.0,1.0,6.0,5.0,5.0,5.0,3.0,2.0,2.0,5.0,1.0,4.0,6.0,4.0,5.0,2.0,5.0,2.0,6.0,5.0,64.0,1.0,1.0,16.0,128.0,1.0,1.0,1.0,1.0,40.0,20.0,1.0,523845824.0,34706101.0,19706800000.0,124.35344444444443,3136.0,10.0,397312.0,1.8180646076172224e+16
512.0,64000.0,3136.0,64.0,3.0,26.0,48.0,38.0,5.0,5.0,3.0,1.0,2.0,4.0,5.0,5.0,4.0,4.0,6.0,6.0,1.0,4.0,6.0,2.0,2.0,5.0,6.0,4.0,2.0,1.0,2.0,6.0,1.0,128.0,1.0,4.0,512.0,1.0,1.0,1.0,1.0,1.0,2.0,1.0,5.0,4.0,1.0,1.0,4.0,2.0,6.0,5.0,5.0,6.0,3.0,1.0,4.0,4.0,4.0,2.0,2.0,1.0,16.0,256.0,1.0,32.0,384.0,1.0,1.0,1.0,1.0,10.0,40.0,1.0,1791343875.0,33160423.0,19706800000.0,124.36288888888889,3136.0,10.0,247808.0,5.940172063345913e+16
512.0,128000.0,3136.0,64.0,3.0,14.0,4.0,38.0,2.0,4.0,5.0,6.0,4.0,3.0,6.0,6.0,2.0,2.0,3.0,2.0,6.0,4.0,5.0,5.0,2.0,1.0,3.0,6.0,2.0,6.0,6.0,4.0,128.0,32.0,1.0,512.0,1.0,1.0,1.0,1.0,1.0,2.0,1.0,1.0,6.0,4.0,6.0,5.0,5.0,5.0,2.0,6.0,1.0,3.0,2.0,4.0,1.0,3.0,5.0,3.0,5.0,5.0,128.0,256.0,1.0,1.0,3072.0,1.0,1.0,1.0,1.0,16.0,32.0,1.0,571723285.0,32964654.0,19707100000.0,131.05977777777778,3136.0,10.0,3702784.0,1.884666027376839e+16
16000.0,32000000.0,3136.0,64.0,3.0,24.0,38.0,4.0,2.0,2.0,5.0,1.0,5.0,2.0,2.0,3.0,4.0,6.0,3.0,1.0,3.0,3.0,2.0,6.0,1.0,4.0,5.0,3.0,3.0,2.0,5.0,6.0,8.0,4.0,1.0,1024.0,64.0,1.0,1.0,1.0,1.0,128.0,16.0,1.0,6.0,1.0,1.0,1.0,4.0,6.0,6.0,1.0,1.0,6.0,2.0,6.0,2.0,2.0,3.0,2.0,6.0,4.0,32.0,4.0,1.0,48.0,384.0,1.0,1.0,1.0,1.0,4.0,80.0,1.0,6134194213.0,37625632.0,19706800000.0,124.28822222222222,3136.0,10.0,280576.0,2.3080293407486762e+17
2048000.0,16000.0,3136.0,64.0,3.0,6.0,14.0,48.0,2.0,3.0,5.0,6.0,3.0,4.0,1.0,5.0,5.0,2.0,2.0,3.0,2.0,6.0,2.0,1.0,4.0,2.0,6.0,2.0,4.0,1.0,3.0,6.0,512.0,4.0,1.0,4.0,8.0,1.0,1.0,1.0,1.0,2.0,64.0,1.0,6.0,6.0,2.0,2.0,2.0,3.0,2.0,3.0,1.0,3.0,6.0,3.0,5.0,5.0,1.0,4.0,4.0,1.0,4096.0,512.0,1.0,3.0,32.0,1.0,1.0,1.0,1.0,4.0,320.0,1.0,22350642456.0,34707683.0,19707000000.0,129.466,3136.0,10.0,2904064.0,7.757390132091895e+17
8192.0,64000.0,3136.0,64.0,3.0,18.0,36.0,6.0,5.0,2.0,1.0,3.0,4.0,2.0,5.0,5.0,2.0,6.0,3.0,4.0,4.0,6.0,5.0,3.0,6.0,3.0,5.0,4.0,2.0,6.0,1.0,6.0,4096.0,4.0,1.0,8.0,512.0,1.0,1.0,1.0,1.0,128.0,128.0,1.0,2.0,6.0,4.0,5.0,6.0,5.0,6.0,6.0,6.0,4.0,1.0,2.0,3.0,4.0,5.0,2.0,1.0,4.0,32.0,32.0,1.0,24.0,48.0,1.0,1.0,1.0,1.0,32.0,4.0,1.0,1526225500.0,36870521.8,19707300000.0,132.06633333333335,3136.0,10.0,5373952.0,5.6272730569465896e+16
512000.0,256000.0,3136.0,64.0,3.0,14.0,44.0,10.0,4.0,6.0,3.0,3.0,3.0,3.0,1.0,3.0,6.0,4.0,4.0,1.0,2.0,2.0,2.0,5.0,5.0,5.0,4.0,3.0,3.0,6.0,3.0,3.0,64.0,4.0,1.0,64.0,128.0,1.0,1.0,1.0,1.0,8.0,16.0,1.0,4.0,4.0,5.0,2.0,2.0,6.0,6.0,2.0,2.0,1.0,5.0,4.0,4.0,2.0,6.0,2.0,5.0,2.0,64.0,4.0,1.0,16.0,128.0,1.0,1.0,1.0,1.0,4.0,320.0,1.0,730466884.0,33941712.0,19706800000.0,124.81366666666668,3136.0,10.0,483328.0,2.479329660226541e+16
2048000.0,32000.0,3136.0,64.0,3.0,24.0,10.0,10.0,5.0,6.0,6.0,3.0,5.0,3.0,4.0,2.0,2.0,4.0,2.0,2.0,1.0,3.0,5.0,2.0,3.0,3.0,3.0,2.0,6.0,6.0,1.0,2.0,4.0,64.0,1.0,4.0,8.0,1.0,1.0,1.0,1.0,2.0,2.0,1.0,1.0,3.0,2.0,4.0,5.0,5.0,5.0,5.0,4.0,1.0,1.0,2.0,5.0,1.0,6.0,5.0,2.0,5.0,4.0,16.0,1.0,512.0,48.0,1.0,1.0,1.0,1.0,2.0,10.0,1.0,5374590995.0,57061690.0,19706700000.0,123.73688888888888,3136.0,10.0,26944.0,3.0668324523348154e+17
2048.0,32000.0,3136.0,64.0,3.0,48.0,4.0,14.0,5.0,5.0,5.0,3.0,2.0,4.0,5.0,5.0,6.0,2.0,5.0,5.0,6.0,3.0,5.0,1.0,4.0,4.0,1.0,5.0,5.0,5.0,5.0,3.0,128.0,1.0,1.0,256.0,64.0,1.0,1.0,1.0,1.0,16.0,128.0,1.0,3.0,2.0,3.0,3.0,3.0,3.0,6.0,2.0,6.0,3.0,4.0,2.0,3.0,3.0,5.0,4.0,6.0,4.0,2.0,1.0,1.0,1.0,1536.0,1.0,1.0,1.0,1.0,40.0,20.0,1.0,129070245.0,34260581.8,19707100000.0,129.51922222222223,3136.0,10.0,3211264.0,4422021686768540.5
2048000.0,512000.0,3136.0,64.0,3.0,6.0,22.0,20.0,2.0,1.0,6.0,6.0,2.0,5.0,4.0,6.0,4.0,4.0,5.0,6.0,1.0,2.0,4.0,3.0,4.0,3.0,1.0,3.0,1.0,3.0,5.0,2.0,32.0,64.0,1.0,16.0,8.0,1.0,1.0,1.0,1.0,64.0,32.0,1.0,3.0,3.0,3.0,5.0,1.0,2.0,2.0,5.0,4.0,1.0,3.0,2.0,5.0,3.0,1.0,3.0,4.0,5.0,32.0,128.0,1.0,768.0,48.0,1.0,1.0,1.0,1.0,32.0,320.0,1.0,1527726953.0,34660747.0,19706800000.0,125.17822222222222,3136.0,10.0,770048.0,5.295215740301389e+16
8192.0,4096000.0,3136.0,64.0,3.0,42.0,14.0,4.0,2.0,1.0,6.0,1.0,5.0,4.0,6.0,6.0,4.0,3.0,4.0,5.0,2.0,6.0,2.0,5.0,1.0,3.0,2.0,2.0,6.0,3.0,4.0,6.0,64.0,4.0,1.0,2.0,8.0,1.0,1.0,1.0,1.0,4.0,16.0,1.0,6.0,1.0,3.0,6.0,1.0,2.0,5.0,2.0,3.0,4.0,4.0,6.0,2.0,3.0,5.0,4.0,5.0,4.0,2048.0,64.0,1.0,384.0,768.0,1.0,1.0,1.0,1.0,16.0,8.0,1.0,7315501828.0,39094638.0,19707100000.0,129.89055555555555,3136.0,10.0,3235840.0,2.8599689575399827e+17
512.0,128000.0,3136.0,64.0,3.0,34.0,42.0,6.0,5.0,2.0,6.0,3.0,5.0,5.0,3.0,1.0,4.0,3.0,4.0,1.0,4.0,2.0,1.0,4.0,6.0,6.0,5.0,1.0,3.0,5.0,6.0,1.0,8.0,4.0,1.0,128.0,2048.0,1.0,1.0,1.0,1.0,32.0,128.0,1.0,4.0,6.0,5.0,5.0,4.0,4.0,3.0,1.0,5.0,2.0,6.0,3.0,2.0,4.0,1.0,5.0,3.0,4.0,256.0,1.0,1.0,16.0,384.0,1.0,1.0,1.0,1.0,10.0,64.0,1.0,526975313.0,36392332.0,19706800000.0,125.07422222222222,3136.0,10.0,559104.0,1.9177860546499916e+16
16000.0,4096000.0,3136.0,64.0,3.0,30.0,34.0,4.0,5.0,4.0,2.0,2.0,1.0,3.0,6.0,2.0,5.0,2.0,6.0,6.0,2.0,5.0,4.0,2.0,2.0,3.0,4.0,6.0,2.0,5.0,6.0,1.0,1024.0,1.0,1.0,64.0,2.0,1.0,1.0,1.0,1.0,8.0,32.0,1.0,4.0,2.0,3.0,5.0,2.0,3.0,1.0,4.0,6.0,6.0,4.0,3.0,4.0,1.0,2.0,4.0,3.0,3.0,64.0,1.0,1.0,16.0,8.0,1.0,1.0,1.0,1.0,160.0,2.0,1.0,537009175.0,33050437.0,19706800000.0,125.89822222222222,3136.0,10.0,790528.0,1.7748387906759476e+16
8192.0,32000000.0,3136.0,64.0,3.0,22.0,30.0,26.0,2.0,2.0,1.0,6.0,1.0,1.0,1.0,1.0,3.0,4.0,2.0,3.0,4.0,1.0,5.0,5.0,3.0,1.0,5.0,5.0,3.0,5.0,6.0,5.0,2048.0,32.0,1.0,1.0,4.0,1.0,1.0,1.0,1.0,64.0,1.0,1.0,5.0,1.0,1.0,2.0,6.0,3.0,5.0,6.0,5.0,2.0,5.0,1.0,6.0,5.0,3.0,1.0,6.0,3.0,4096.0,512.0,1.0,16.0,512.0,1.0,1.0,1.0,1.0,4.0,1.0,1.0,141618454.0,37068833.8,19707200000.0,132.83533333333335,3136.0,10.0,4341760.0,5249630934338945.0
4096.0,32000.0,3136.0,64.0,3.0,16.0,22.0,20.0,6.0,1.0,6.0,2.0,2.0,2.0,4.0,3.0,5.0,4.0,1.0,4.0,1.0,1.0,3.0,5.0,2.0,4.0,5.0,4.0,6.0,3.0,4.0,4.0,4096.0,256.0,1.0,128.0,2048.0,1.0,1.0,1.0,1.0,1.0,16.0,1.0,2.0,3.0,4.0,6.0,4.0,2.0,2.0,5.0,4.0,1.0,3.0,6.0,2.0,5.0,5.0,3.0,1.0,3.0,4096.0,4.0,1.0,768.0,256.0,1.0,1.0,1.0,1.0,20.0,10.0,1.0,24429674718.0,35740931.8,19708500000.0,162.14133333333334,3136.0,10.0,16973824.0,8.731393379922222e+17
512000.0,512000.0,3136.0,64.0,3.0,8.0,42.0,24.0,1.0,6.0,3.0,1.0,4.0,4.0,6.0,4.0,1.0,2.0,1.0,1.0,5.0,6.0,6.0,5.0,6.0,2.0,3.0,6.0,6.0,1.0,1.0,1.0,1024.0,8.0,1.0,256.0,1024.0,1.0,1.0,1.0,1.0,16.0,16.0,1.0,5.0,5.0,6.0,6.0,5.0,3.0,1.0,2.0,5.0,4.0,2.0,3.0,5.0,2.0,5.0,1.0,2.0,3.0,2048.0,8.0,1.0,768.0,2.0,1.0,1.0,1.0,1.0,80.0,2.0,1.0,1614451650.0,33293611.6,19707100000.0,133.89177777777778,3136.0,10.0,3596288.0,5.3750926182079144e+16
2048.0,128000.0,3136.0,64.0,3.0,40.0,32.0,48.0,6.0,5.0,5.0,1.0,6.0,6.0,6.0,5.0,6.0,1.0,5.0,5.0,3.0,4.0,4.0,4.0,3.0,5.0,2.0,5.0,1.0,5.0,2.0,1.0,64.0,4.0,1.0,256.0,2.0,1.0,1.0,1.0,1.0,4.0,128.0,1.0,2.0,6.0,3.0,4.0,3.0,3.0,2.0,2.0,3.0,2.0,1.0,5.0,2.0,2.0,5.0,3.0,6.0,1.0,2.0,256.0,1.0,3072.0,8.0,1.0,1.0,1.0,1.0,16.0,64.0,1.0,2438467336.0,33789585.0,19707100000.0,130.843,3136.0,10.0,3604480.0,8.239479931949555e+16
256.0,8192000.0,3136.0,64.0,3.0,4.0,2.0,20.0,3.0,2.0,1.0,3.0,6.0,2.0,6.0,4.0,5.0,5.0,6.0,5.0,1.0,1.0,3.0,5.0,3.0,1.0,5.0,4.0,2.0,6.0,4.0,6.0,4.0,1.0,1.0,8.0,8.0,1.0,1.0,1.0,1.0,32.0,1.0,1.0,5.0,4.0,6.0,5.0,5.0,2.0,2.0,6.0,5.0,1.0,3.0,3.0,2.0,5.0,6.0,2.0,1.0,5.0,1024.0,1024.0,1.0,8.0,4.0,1.0,1.0,1.0,1.0,1.0,5.0,1.0,26449018909.0,55758390.0,19706700000.0,123.73544444444444,3136.0,10.0,26704.0,1.4747547114453965e+18
512.0,16000000.0,3136.0,64.0,3.0,40.0,24.0,28.0,1.0,3.0,1.0,2.0,5.0,2.0,2.0,3.0,4.0,5.0,1.0,5.0,1.0,2.0,6.0,6.0,1.0,3.0,2.0,5.0,1.0,4.0,1.0,2.0,4.0,1.0,1.0,256.0,256.0,1.0,1.0,1.0,1.0,64.0,4.0,1.0,1.0,1.0,5.0,6.0,4.0,2.0,4.0,4.0,1.0,1.0,6.0,6.0,6.0,4.0,3.0,1.0,6.0,4.0,1024.0,4.0,1.0,6.0,8.0,1.0,1.0,1.0,1.0,64.0,160.0,1.0,3107274007.0,37660740.0,19706800000.0,124.40166666666667,3136.0,10.0,346624.0,1.1702223848638518e+17
1024000.0,16000000.0,3136.0,64.0,3.0,8.0,30.0,48.0,3.0,1.0,6.0,1.0,2.0,6.0,1.0,2.0,5.0,6.0,1.0,4.0,5.0,4.0,6.0,3.0,3.0,2.0,2.0,5.0,6.0,5.0,4.0,3.0,32.0,4.0,1.0,16.0,256.0,1.0,1.0,1.0,1.0,128.0,64.0,1.0,1.0,3.0,5.0,4.0,5.0,1.0,4.0,5.0,5.0,2.0,5.0,4.0,3.0,2.0,6.0,5.0,2.0,5.0,8.0,64.0,1.0,512.0,1.0,1.0,1.0,1.0,1.0,5.0,2.0,1.0,25938751559.0,52747439.0,19706800000.0,123.95788888888889,3136.0,10.0,90112.0,1.3682027155945075e+18
1024000.0,32000000.0,3136.0,64.0,3.0,4.0,24.0,38.0,4.0,6.0,2.0,1.0,6.0,6.0,4.0,5.0,2.0,3.0,4.0,2.0,1.0,2.0,3.0,4.0,3.0,1.0,6.0,2.0,3.0,3.0,3.0,2.0,2.0,2.0,1.0,2048.0,64.0,1.0,1.0,1.0,1.0,2.0,4.0,1.0,5.0,5.0,6.0,5.0,1.0,1.0,6.0,2.0,2.0,1.0,3.0,1.0,3.0,5.0,3.0,6.0,1.0,1.0,4096.0,64.0,1.0,16.0,128.0,1.0,1.0,1.0,1.0,20.0,8.0,1.0,2786703954.0,42328530.0,19706900000.0,126.05466666666668,3136.0,10.0,1217536.0,1.1795708191800762e+17
256.0,2048000.0,3136.0,64.0,3.0,8.0,2.0,34.0,3.0,5.0,4.0,6.0,3.0,5.0,6.0,3.0,1.0,1.0,1.0,3.0,5.0,1.0,3.0,2.0,3.0,3.0,3.0,3.0,3.0,1.0,1.0,5.0,512.0,64.0,1.0,1024.0,2.0,1.0,1.0,1.0,1.0,64.0,64.0,1.0,4.0,1.0,6.0,2.0,5.0,3.0,4.0,5.0,4.0,5.0,5.0,3.0,1.0,2.0,2.0,3.0,6.0,3.0,8.0,4096.0,1.0,2.0,1536.0,1.0,1.0,1.0,1.0,16.0,8.0,1.0,1581134555.0,32519744.4,19708400000.0,156.91977777777777,3136.0,10.0,16187392.0,5.1418091590607736e+16
1024.0,64000.0,3136.0,64.0,3.0,36.0,42.0,44.0,6.0,3.0,1.0,4.0,1.0,3.0,1.0,5.0,2.0,5.0,3.0,2.0,5.0,4.0,4.0,3.0,5.0,4.0,2.0,1.0,6.0,2.0,4.0,2.0,16.0,2048.0,1.0,1024.0,1.0,1.0,1.0,1.0,1.0,4.0,32.0,1.0,2.0,4.0,3.0,1.0,2.0,3.0,6.0,3.0,2.0,1.0,4.0,4.0,1.0,2.0,4.0,5.0,2.0,3.0,512.0,8.0,1.0,3.0,128.0,1.0,1.0,1.0,1.0,320.0,16.0,1.0,154832954.0,33493066.0,19707200000.0,131.45255555555556,3136.0,10.0,4390912.0,5185830347296964.0
256.0,512000.0,3136.0,64.0,3.0,34.0,6.0,10.0,6.0,4.0,5.0,2.0,4.0,5.0,1.0,6.0,2.0,3.0,4.0,1.0,6.0,6.0,6.0,6.0,3.0,4.0,6.0,3.0,4.0,4.0,6.0,2.0,1.0,128.0,1.0,32.0,128.0,1.0,1.0,1.0,1.0,2.0,64.0,1.0,2.0,5.0,3.0,1.0,5.0,6.0,5.0,5.0,3.0,5.0,2.0,3.0,5.0,5.0,5.0,4.0,6.0,3.0,4096.0,32.0,1.0,6.0,1.0,1.0,1.0,1.0,1.0,40.0,5.0,1.0,20394825117.0,46007239.7,19706900000.0,126.84322222222222,3136.0,10.0,1589248.0,9.383096077973996e+17
16000.0,16000000.0,3136.0,64.0,3.0,20.0,16.0,6.0,1.0,4.0,4.0,1.0,2.0,3.0,5.0,2.0,3.0,5.0,3.0,1.0,6.0,6.0,4.0,1.0,2.0,4.0,5.0,6.0,5.0,1.0,5.0,2.0,128.0,4.0,1.0,128.0,32.0,1.0,1.0,1.0,1.0,8.0,4.0,1.0,3.0,1.0,6.0,6.0,1.0,6.0,5.0,4.0,5.0,2.0,4.0,3.0,6.0,1.0,4.0,3.0,1.0,2.0,1024.0,64.0,1.0,1.0,768.0,1.0,1.0,1.0,1.0,80.0,10.0,1.0,792626881.0,35708970.0,19706900000.0,127.30388888888889,3136.0,10.0,1859584.0,2.830388951482257e+16
16000.0,64000.0,3136.0,64.0,3.0,22.0,34.0,46.0,5.0,5.0,6.0,4.0,6.0,4.0,3.0,5.0,1.0,3.0,4.0,5.0,6.0,6.0,6.0,1.0,5.0,6.0,5.0,1.0,4.0,4.0,5.0,1.0,2048.0,2048.0,1.0,128.0,64.0,1.0,1.0,1.0,1.0,64.0,8.0,1.0,3.0,3.0,4.0,1.0,2.0,6.0,4.0,4.0,6.0,4.0,2.0,3.0,3.0,1.0,5.0,5.0,2.0,1.0,2048.0,2.0,1.0,3.0,512.0,1.0,1.0,1.0,1.0,20.0,160.0,1.0,7026330371.0,32703420.0,19707000000.0,130.50411111111111,3136.0,10.0,2916352.0,2.2978503318156883e+17
256000.0,128000.0,3136.0,64.0,3.0,46.0,38.0,4.0,5.0,4.0,1.0,6.0,4.0,2.0,6.0,6.0,5.0,1.0,6.0,5.0,3.0,1.0,5.0,3.0,2.0,1.0,6.0,3.0,3.0,3.0,1.0,2.0,256.0,128.0,1.0,256.0,256.0,1.0,1.0,1.0,1.0,16.0,4.0,1.0,1.0,3.0,3.0,4.0,2.0,4.0,2.0,6.0,1.0,5.0,1.0,1.0,4.0,1.0,6.0,4.0,2.0,4.0,16.0,8.0,1.0,128.0,64.0,1.0,1.0,1.0,1.0,2.0,8.0,1.0,193504394.0,38901369.6,19706800000.0,124.18133333333333,3136.0,10.0,262144.0,7527585950218023.0
32000.0,16000000.0,3136.0,64.0,3.0,42.0,38.0,42.0,6.0,2.0,2.0,3.0,5.0,6.0,1.0,5.0,3.0,2.0,1.0,3.0,3.0,3.0,4.0,4.0,6.0,5.0,1.0,2.0,3.0,3.0,3.0,2.0,256.0,2048.0,1.0,8.0,256.0,1.0,1.0,1.0,1.0,32.0,16.0,1.0,3.0,4.0,5.0,4.0,1.0,2.0,6.0,5.0,1.0,3.0,4.0,1.0,2.0,5.0,6.0,4.0,3.0,5.0,8.0,512.0,1.0,32.0,1.0,1.0,1.0,1.0,1.0,2.0,5.0,1.0,26206389527.0,51707768.0,19706900000.0,125.59055555555557,3136.0,10.0,1196032.0,1.3550739097797458e+18
1024.0,32000.0,3136.0,64.0,3.0,16.0,32.0,30.0,2.0,6.0,2.0,5.0,5.0,4.0,3.0,1.0,3.0,2.0,4.0,2.0,1.0,1.0,1.0,4.0,5.0,4.0,5.0,6.0,6.0,6.0,4.0,2.0,16.0,128.0,1.0,32.0,16.0,1.0,1.0,1.0,1.0,32.0,32.0,1.0,5.0,5.0,4.0,6.0,5.0,4.0,4.0,1.0,3.0,4.0,2.0,6.0,4.0,5.0,6.0,4.0,1.0,5.0,8.0,16.0,1.0,256.0,256.0,1.0,1.0,1.0,1.0,1.0,10.0,1.0,7996349474.0,41037160.0,19706700000.0,123.78977777777779,3136.0,10.0,38912.0,3.281474727804538e+17
512000.0,2048000.0,3136.0,64.0,3.0,18.0,16.0,32.0,1.0,5.0,4.0,1.0,2.0,1.0,5.0,2.0,6.0,5.0,3.0,6.0,1.0,2.0,6.0,6.0,4.0,4.0,4.0,5.0,4.0,3.0,6.0,5.0,256.0,8.0,1.0,128.0,2048.0,1.0,1.0,1.0,1.0,128.0,32.0,1.0,5.0,3.0,6.0,4.0,3.0,2.0,5.0,5.0,2.0,3.0,1.0,6.0,4.0,2.0,2.0,2.0,6.0,6.0,64.0,16.0,1.0,12.0,48.0,1.0,1.0,1.0,1.0,10.0,40.0,1.0,1026204754.0,35874952.6,19706900000.0,126.22433333333333,3136.0,10.0,1638400.0,3.6815046907644664e+16
2048000.0,128000.0,3136.0,64.0,3.0,30.0,10.0,40.0,5.0,4.0,4.0,1.0,2.0,3.0,2.0,4.0,6.0,1.0,4.0,3.0,6.0,2.0,2.0,6.0,1.0,4.0,4.0,4.0,6.0,1.0,3.0,6.0,4.0,4.0,1.0,64.0,256.0,1.0,1.0,1.0,1.0,1.0,16.0,1.0,2.0,5.0,2.0,1.0,5.0,3.0,6.0,6.0,4.0,6.0,2.0,2.0,1.0,6.0,3.0,1.0,5.0,1.0,1024.0,4096.0,1.0,96.0,1536.0,1.0,1.0,1.0,1.0,2.0,2.0,1.0,2671588617.0,33246217.0,19708100000.0,147.87955555555556,3136.0,10.0,12605440.0,8.882021489551189e+16
64000.0,16000.0,3136.0,64.0,3.0,40.0,12.0,2.0,3.0,1.0,1.0,6.0,6.0,4.0,2.0,6.0,5.0,3.0,2.0,4.0,3.0,1.0,6.0,6.0,5.0,5.0,4.0,3.0,3.0,6.0,5.0,2.0,2048.0,32.0,1.0,16.0,16.0,1.0,1.0,1.0,1.0,64.0,32.0,1.0,6.0,4.0,3.0,6.0,2.0,4.0,2.0,1.0,3.0,4.0,2.0,4.0,2.0,2.0,1.0,2.0,3.0,6.0,16.0,32.0,1.0,384.0,384.0,1.0,1.0,1.0,1.0,16.0,32.0,1.0,2080543140.0,35787445.0,19706800000.0,125.15144444444444,3136.0,10.0,593920.0,7.44573231928773e+16
32000.0,16000000.0,3136.0,64.0,3.0,18.0,34.0,24.0,5.0,1.0,4.0,2.0,3.0,6.0,4.0,5.0,3.0,3.0,6.0,4.0,6.0,6.0,2.0,4.0,6.0,6.0,3.0,2.0,5.0,1.0,4.0,3.0,8.0,32.0,1.0,128.0,32.0,1.0,1.0,1.0,1.0,64.0,4.0,1.0,3.0,4.0,4.0,6.0,2.0,1.0,1.0,1.0,4.0,6.0,5.0,2.0,4.0,6.0,5.0,1.0,1.0,6.0,256.0,1024.0,1.0,48.0,1.0,1.0,1.0,1.0,1.0,10.0,20.0,1.0,6110019707.0,39007293.0,19706800000.0,123.99755555555556,3136.0,10.0,141184.0,2.3833532894672314e+17
1024.0,16000.0,3136.0,64.0,3.0,18.0,24.0,32.0,2.0,4.0,1.0,2.0,1.0,6.0,2.0,5.0,6.0,2.0,6.0,3.0,5.0,1.0,1.0,3.0,4.0,3.0,4.0,5.0,3.0,4.0,2.0,4.0,128.0,256.0,1.0,1024.0,256.0,1.0,1.0,1.0,1.0,64.0,8.0,1.0,6.0,5.0,6.0,1.0,5.0,5.0,5.0,2.0,4.0,3.0,2.0,6.0,3.0,1.0,5.0,5.0,4.0,2.0,8.0,2.0,1.0,128.0,32.0,1.0,1.0,1.0,1.0,2.0,2.0,1.0,5350767721.0,44007556.6,19706800000.0,124.7431111111111,3136.0,10.0,688128.0,2.354742133353605e+17
512000.0,128000.0,3136.0,64.0,3.0,20.0,16.0,48.0,3.0,1.0,1.0,5.0,6.0,5.0,4.0,3.0,2.0,5.0,6.0,2.0,4.0,3.0,2.0,4.0,6.0,1.0,6.0,4.0,6.0,5.0,4.0,5.0,2.0,32.0,1.0,2.0,1.0,1.0,1.0,1.0,1.0,8.0,16.0,1.0,1.0,4.0,1.0,5.0,1.0,1.0,1.0,2.0,1.0,1.0,5.0,3.0,4.0,5.0,3.0,2.0,4.0,6.0,64.0,1.0,1.0,4.0,64.0,1.0,1.0,1.0,1.0,1.0,40.0,1.0,23995736083.0,38896201.0,19706700000.0,123.72033333333333,3136.0,10.0,18432.0,9.333429738273207e+17
1024000.0,128000.0,3136.0,64.0,3.0,20.0,18.0,30.0,1.0,1.0,4.0,6.0,2.0,3.0,2.0,6.0,3.0,4.0,4.0,2.0,6.0,2.0,6.0,3.0,4.0,6.0,3.0,1.0,2.0,1.0,2.0,4.0,4.0,16.0,1.0,256.0,1.0,1.0,1.0,1.0,1.0,16.0,16.0,1.0,2.0,6.0,1.0,2.0,5.0,4.0,4.0,5.0,6.0,5.0,5.0,2.0,1.0,5.0,2.0,6.0,5.0,4.0,256.0,1.0,1.0,128.0,32.0,1.0,1.0,1.0,1.0,1.0,20.0,1.0,6202351207.0,34855232.0,19706800000.0,124.03533333333333,3136.0,10.0,142336.0,2.1618439026546502e+17
1024.0,512000.0,3136.0,64.0,3.0,12.0,12.0,30.0,1.0,1.0,4.0,3.0,4.0,3.0,5.0,1.0,1.0,4.0,6.0,5.0,5.0,6.0,2.0,6.0,2.0,4.0,2.0,1.0,1.0,2.0,6.0,6.0,4.0,256.0,1.0,512.0,1.0,1.0,1.0,1.0,1.0,64.0,16.0,1.0,4.0,1.0,1.0,3.0,5.0,4.0,6.0,4.0,2.0,4.0,4.0,5.0,4.0,2.0,1.0,6.0,5.0,2.0,128.0,1024.0,1.0,512.0,12.0,1.0,1.0,1.0,1.0,5.0,64.0,1.0,8785558025.0,33702942.0,19706900000.0,126.62255555555556,3136.0,10.0,1245184.0,2.9609915255420954e+17
2048.0,128000.0,3136.0,64.0,3.0,48.0,8.0,30.0,1.0,1.0,6.0,3.0,6.0,3.0,5.0,2.0,2.0,4.0,5.0,6.0,3.0,4.0,3.0,3.0,2.0,6.0,4.0,2.0,5.0,3.0,3.0,4.0,32.0,2048.0,1.0,256.0,16.0,1.0,1.0,1.0,1.0,16.0,8.0,1.0,1.0,6.0,5.0,2.0,5.0,6.0,5.0,6.0,1.0,1.0,5.0,2.0,5.0,2.0,5.0,4.0,4.0,5.0,128.0,32.0,1.0,512.0,128.0,1.0,1.0,1.0,1.0,20.0,80.0,1.0,3088311109.0,35096757.0,19706900000.0,125.85166666666667,3136.0,10.0,1122304.0,1.0838970453297352e+17
16000.0,128000.0,3136.0,64.0,3.0,26.0,14.0,38.0,1.0,6.0,3.0,6.0,2.0,5.0,1.0,1.0,1.0,3.0,2.0,5.0,2.0,6.0,6.0,4.0,3.0,3.0,4.0,3.0,6.0,2.0,5.0,2.0,4096.0,512.0,1.0,256.0,16.0,1.0,1.0,1.0,1.0,2.0,8.0,1.0,5.0,4.0,5.0,5.0,6.0,4.0,1.0,5.0,5.0,4.0,4.0,2.0,6.0,4.0,4.0,5.0,2.0,2.0,1024.0,8.0,1.0,512.0,128.0,1.0,1.0,1.0,1.0,1.0,4.0,1.0,1141361394.0,36576014.0,19707000000.0,129.56055555555557,3136.0,10.0,2445312.0,4.174645032600352e+16
512.0,2048000.0,3136.0,64.0,3.0,28.0,32.0,30.0,5.0,6.0,5.0,3.0,1.0,3.0,1.0,2.0,2.0,3.0,4.0,2.0,2.0,6.0,2.0,3.0,6.0,4.0,5.0,1.0,3.0,2.0,2.0,6.0,16.0,512.0,1.0,32.0,32.0,1.0,1.0,1.0,1.0,2.0,1.0,1.0,4.0,5.0,6.0,4.0,3.0,6.0,6.0,4.0,6.0,6.0,5.0,1.0,4.0,2.0,3.0,3.0,4.0,2.0,4.0,32.0,1.0,2.0,24.0,1.0,1.0,1.0,1.0,10.0,5.0,1.0,2190815310.0,47394830.0,19706800000.0,123.85677777777778,3136.0,10.0,104576.0,1.038333191788473e+17
1024.0,1024000.0,3136.0,64.0,3.0,8.0,12.0,26.0,6.0,1.0,4.0,6.0,1.0,4.0,2.0,1.0,1.0,1.0,4.0,4.0,5.0,3.0,2.0,6.0,5.0,4.0,6.0,2.0,4.0,1.0,5.0,6.0,2.0,32.0,1.0,8.0,1.0,1.0,1.0,1.0,1.0,2.0,4.0,1.0,1.0,1.0,4.0,6.0,2.0,5.0,1.0,5.0,1.0,1.0,3.0,2.0,5.0,5.0,6.0,5.0,1.0,1.0,64.0,128.0,1.0,128.0,16.0,1.0,1.0,1.0,1.0,10.0,16.0,1.0,1175148207.0,40441862.0,19706800000.0,124.40944444444443,3136.0,10.0,372736.0,4.752518161704143e+16
512000.0,32000.0,3136.0,64.0,3.0,28.0,22.0,36.0,5.0,1.0,2.0,5.0,6.0,3.0,1.0,2.0,4.0,6.0,4.0,4.0,1.0,4.0,2.0,6.0,6.0,3.0,2.0,5.0,1.0,6.0,4.0,1.0,64.0,1.0,1.0,8.0,8.0,1.0,1.0,1.0,1.0,64.0,4.0,1.0,2.0,2.0,6.0,6.0,6.0,2.0,3.0,6.0,6.0,3.0,4.0,1.0,6.0,4.0,4.0,3.0,3.0,2.0,2048.0,16.0,1.0,8.0,16.0,1.0,1.0,1.0,1.0,64.0,320.0,1.0,136710612.0,35409611.0,19706900000.0,126.35677777777778,3136.0,10.0,1386496.0,4840869590491932.0
2048000.0,16000.0,3136.0,64.0,3.0,30.0,34.0,36.0,3.0,5.0,3.0,4.0,2.0,3.0,2.0,6.0,3.0,5.0,6.0,1.0,1.0,3.0,1.0,4.0,1.0,5.0,3.0,4.0,2.0,4.0,2.0,5.0,4.0,4.0,1.0,4.0,128.0,1.0,1.0,1.0,1.0,16.0,64.0,1.0,1.0,6.0,2.0,6.0,3.0,5.0,4.0,4.0,1.0,1.0,5.0,6.0,3.0,5.0,6.0,2.0,5.0,3.0,4.0,4096.0,1.0,768.0,4.0,1.0,1.0,1.0,1.0,320.0,10.0,1.0,700521438.0,37230700.0,19707700000.0,141.76133333333334,3136.0,10.0,9404416.0,2.60809035017466e+16
2048.0,32000.0,3136.0,64.0,3.0,20.0,36.0,4.0,1.0,2.0,6.0,3.0,5.0,2.0,6.0,1.0,5.0,5.0,5.0,1.0,4.0,1.0,4.0,3.0,5.0,4.0,3.0,4.0,2.0,3.0,4.0,2.0,32.0,4.0,1.0,64.0,32.0,1.0,1.0,1.0,1.0,4.0,64.0,1.0,4.0,6.0,4.0,1.0,2.0,3.0,2.0,4.0,3.0,1.0,3.0,2.0,5.0,4.0,2.0,5.0,5.0,4.0,256.0,512.0,1.0,1024.0,32.0,1.0,1.0,1.0,1.0,32.0,2.0,1.0,22289797497.0,33420986.0,19706900000.0,125.90666666666667,3136.0,10.0,1146880.0,7.44947010090072e+17
8192.0,128000.0,3136.0,64.0,3.0,2.0,22.0,34.0,5.0,2.0,2.0,3.0,3.0,6.0,6.0,3.0,2.0,4.0,5.0,5.0,4.0,1.0,6.0,6.0,3.0,2.0,2.0,6.0,4.0,1.0,5.0,6.0,32.0,32.0,1.0,128.0,2048.0,1.0,1.0,1.0,1.0,64.0,128.0,1.0,3.0,1.0,6.0,5.0,6.0,4.0,1.0,5.0,4.0,2.0,2.0,4.0,3.0,6.0,4.0,5.0,6.0,3.0,2048.0,2048.0,1.0,1024.0,1024.0,1.0,1.0,1.0,1.0,40.0,40.0,1.0,1141038703.0,34767973.0,19707200000.0,133.21033333333335,3136.0,10.0,4440064.0,3.9671602817859016e+16
8192.0,128000.0,3136.0,64.0,3.0,26.0,22.0,38.0,3.0,5.0,3.0,3.0,6.0,3.0,5.0,5.0,3.0,4.0,1.0,4.0,6.0,6.0,6.0,3.0,3.0,5.0,1.0,1.0,2.0,1.0,1.0,4.0,32.0,128.0,1.0,1.0,1024.0,1.0,1.0,1.0,1.0,2.0,4.0,1.0,2.0,6.0,4.0,6.0,3.0,1.0,4.0,1.0,2.0,6.0,5.0,3.0,3.0,5.0,4.0,6.0,3.0,3.0,2.0,2.0,1.0,256.0,768.0,1.0,1.0,1.0,1.0,10.0,4.0,1.0,6916350125.0,84743999.0,19706800000.0,124.13455555555556,3136.0,10.0,271360.0,5.861191680766499e+17
256.0,128000.0,3136.0,64.0,3.0,16.0,18.0,20.0,3.0,3.0,4.0,3.0,4.0,1.0,2.0,2.0,2.0,1.0,6.0,6.0,4.0,2.0,6.0,1.0,6.0,5.0,4.0,3.0,4.0,1.0,1.0,3.0,1.0,4.0,1.0,1.0,1.0,1.0,1.0,1.0,1.0,32.0,8.0,1.0,3.0,2.0,6.0,2.0,3.0,3.0,2.0,1.0,2.0,3.0,1.0,1.0,4.0,5.0,3.0,5.0,1.0,5.0,128.0,8.0,1.0,1536.0,1.0,1.0,1.0,1.0,1.0,2.0,32.0,1.0,26256346564.0,52788480.0,19706800000.0,124.64122222222223,3136.0,10.0,499712.0,1.3860326254667827e+18
32000.0,128000.0,3136.0,64.0,3.0,42.0,10.0,48.0,6.0,6.0,1.0,4.0,3.0,6.0,1.0,5.0,3.0,6.0,3.0,5.0,3.0,6.0,6.0,4.0,1.0,6.0,3.0,3.0,4.0,2.0,4.0,1.0,512.0,4.0,1.0,512.0,8.0,1.0,1.0,1.0,1.0,128.0,4.0,1.0,3.0,3.0,1.0,2.0,6.0,2.0,1.0,4.0,5.0,1.0,1.0,4.0,2.0,6.0,1.0,1.0,2.0,3.0,16.0,1.0,1.0,96.0,12.0,1.0,1.0,1.0,1.0,64.0,64.0,1.0,73434725.0,34133966.9,19707200000.0,129.996,3136.0,10.0,4063232.0,2506618472460602.5
32000.0,128000.0,3136.0,64.0,3.0,6.0,36.0,4.0,1.0,1.0,6.0,5.0,1.0,4.0,1.0,3.0,1.0,1.0,6.0,5.0,4.0,5.0,4.0,5.0,2.0,3.0,4.0,1.0,5.0,1.0,1.0,1.0,8.0,64.0,1.0,64.0,8.0,1.0,1.0,1.0,1.0,16.0,4.0,1.0,2.0,1.0,3.0,4.0,5.0,2.0,6.0,5.0,1.0,4.0,3.0,3.0,2.0,4.0,1.0,2.0,2.0,4.0,64.0,256.0,1.0,12.0,768.0,1.0,1.0,1.0,1.0,64.0,20.0,1.0,8457422748.0,34530653.0,19706800000.0,124.7071111111111,3136.0,10.0,524288.0,2.9204033018549446e+17
128000.0,1024000.0,3136.0,64.0,3.0,32.0,28.0,2.0,6.0,2.0,6.0,6.0,4.0,6.0,6.0,2.0,3.0,4.0,3.0,5.0,2.0,1.0,4.0,1.0,2.0,1.0,3.0,3.0,4.0,2.0,1.0,6.0,2048.0,2.0,1.0,1024.0,2.0,1.0,1.0,1.0,1.0,8.0,8.0,1.0,6.0,4.0,3.0,5.0,4.0,1.0,1.0,3.0,2.0,1.0,5.0,1.0,5.0,5.0,4.0,5.0,1.0,1.0,4096.0,2048.0,1.0,2.0,192.0,1.0,1.0,1.0,1.0,16.0,4.0,1.0,22348493792.0,38810195.0,19707600000.0,139.94922222222223,3136.0,10.0,8470528.0,8.673494020238094e+17
4096.0,32000000.0,3136.0,64.0,3.0,22.0,12.0,20.0,4.0,4.0,6.0,4.0,5.0,6.0,1.0,1.0,4.0,4.0,4.0,2.0,3.0,6.0,3.0,4.0,2.0,3.0,3.0,6.0,4.0,4.0,6.0,3.0,128.0,16.0,1.0,64.0,64.0,1.0,1.0,1.0,1.0,32.0,8.0,1.0,3.0,2.0,2.0,6.0,1.0,3.0,3.0,5.0,3.0,2.0,1.0,1.0,3.0,6.0,2.0,4.0,1.0,3.0,512.0,1024.0,1.0,128.0,128.0,1.0,1.0,1.0,1.0,4.0,320.0,1.0,1370069039.0,33164128.0,19706800000.0,125.64255555555556,3136.0,10.0,999424.0,4.543714497823299e+16
512.0,32000000.0,3136.0,64.0,3.0,38.0,38.0,20.0,5.0,5.0,5.0,3.0,6.0,5.0,2.0,2.0,3.0,5.0,2.0,4.0,4.0,2.0,4.0,1.0,3.0,2.0,6.0,4.0,5.0,2.0,6.0,1.0,128.0,4.0,1.0,256.0,32.0,1.0,1.0,1.0,1.0,8.0,1.0,1.0,3.0,2.0,2.0,3.0,6.0,6.0,2.0,6.0,6.0,4.0,3.0,5.0,5.0,4.0,4.0,5.0,5.0,5.0,2.0,4.0,1.0,48.0,3072.0,1.0,1.0,1.0,1.0,5.0,8.0,1.0,664510528.0,56493788.0,19706800000.0,123.93444444444444,3136.0,10.0,73792.0,3.754071689260006e+16
4096.0,4096000.0,3136.0,64.0,3.0,4.0,32.0,48.0,4.0,4.0,5.0,2.0,3.0,1.0,5.0,4.0,2.0,2.0,6.0,5.0,5.0,6.0,4.0,1.0,3.0,1.0,5.0,4.0,2.0,5.0,3.0,3.0,4.0,1.0,1.0,1.0,16.0,1.0,1.0,1.0,1.0,4.0,16.0,1.0,2.0,2.0,3.0,1.0,1.0,2.0,6.0,6.0,5.0,4.0,1.0,5.0,5.0,1.0,3.0,2.0,1.0,3.0,64.0,128.0,1.0,3.0,256.0,1.0,1.0,1.0,1.0,160.0,10.0,1.0,4733316953.0,38989200.0,19706800000.0,124.04544444444444,3136.0,10.0,188416.0,1.845482413439076e+17
128.0,16000.0,3136.0,64.0,3.0,44.0,18.0,42.0,3.0,5.0,5.0,1.0,1.0,3.0,6.0,6.0,3.0,5.0,4.0,1.0,4.0,3.0,2.0,5.0,3.0,2.0,3.0,3.0,1.0,3.0,4.0,4.0,1024.0,4096.0,1.0,256.0,1024.0,1.0,1.0,1.0,1.0,4.0,16.0,1.0,3.0,6.0,2.0,5.0,2.0,4.0,5.0,3.0,5.0,4.0,2.0,1.0,1.0,6.0,3.0,2.0,4.0,5.0,32.0,1024.0,1.0,256.0,96.0,1.0,1.0,1.0,1.0,40.0,160.0,1.0,914450276.0,33070325.4,19707600000.0,138.58677777777777,3136.0,10.0,8552448.0,3.024116818943981e+16
8192.0,32000000.0,3136.0,64.0,3.0,26.0,2.0,6.0,6.0,1.0,3.0,5.0,5.0,2.0,6.0,5.0,1.0,4.0,5.0,3.0,1.0,5.0,5.0,4.0,4.0,5.0,6.0,1.0,5.0,3.0,4.0,6.0,64.0,1024.0,1.0,128.0,16.0,1.0,1.0,1.0,1.0,8.0,4.0,1.0,4.0,3.0,5.0,4.0,1.0,1.0,2.0,2.0,6.0,2.0,4.0,4.0,2.0,3.0,2.0,1.0,2.0,6.0,1.0,128.0,1.0,256.0,3072.0,1.0,1.0,1.0,1.0,5.0,16.0,1.0,852342262.0,32630220.0,19709400000.0,174.069,3136.0,10.0,25395200.0,2.781211552435764e+16
1024.0,32000.0,3136.0,64.0,3.0,32.0,8.0,44.0,2.0,5.0,5.0,6.0,2.0,3.0,3.0,1.0,4.0,6.0,5.0,5.0,3.0,4.0,1.0,6.0,3.0,2.0,2.0,2.0,2.0,3.0,2.0,1.0,512.0,8.0,1.0,32.0,2.0,1.0,1.0,1.0,1.0,2.0,1.0,1.0,4.0,2.0,2.0,5.0,6.0,3.0,1.0,3.0,4.0,6.0,4.0,2.0,1.0,4.0,2.0,5.0,5.0,1.0,128.0,2.0,1.0,1024.0,24.0,1.0,1.0,1.0,1.0,8.0,2.0,1.0,426805857.0,35413136.0,19706800000.0,124.54488888888889,3136.0,10.0,409600.0,1.5114533859537552e+16
256000.0,16000000.0,3136.0,64.0,3.0,48.0,30.0,30.0,4.0,1.0,6.0,5.0,4.0,1.0,4.0,1.0,3.0,4.0,3.0,3.0,6.0,1.0,1.0,2.0,5.0,1.0,3.0,1.0,6.0,6.0,3.0,4.0,4.0,2048.0,1.0,1.0,2.0,1.0,1.0,1.0,1.0,32.0,16.0,1.0,4.0,4.0,2.0,1.0,1.0,2.0,2.0,4.0,2.0,6.0,2.0,6.0,6.0,3.0,4.0,2.0,1.0,1.0,8.0,16.0,1.0,48.0,32.0,1.0,1.0,1.0,1.0,32.0,8.0,1.0,2559606789.0,40036616.0,19706800000.0,123.90788888888889,3136.0,10.0,139392.0,1.0247799412218602e+17
2048000.0,32000.0,3136.0,64.0,3.0,34.0,34.0,36.0,2.0,4.0,4.0,1.0,6.0,4.0,6.0,3.0,3.0,6.0,1.0,6.0,3.0,3.0,6.0,3.0,6.0,1.0,5.0,4.0,3.0,6.0,6.0,1.0,256.0,64.0,1.0,4.0,128.0,1.0,1.0,1.0,1.0,2.0,64.0,1.0,4.0,1.0,3.0,6.0,5.0,4.0,3.0,3.0,1.0,4.0,1.0,6.0,6.0,4.0,2.0,1.0,5.0,3.0,32.0,256.0,1.0,1.0,16.0,1.0,1.0,1.0,1.0,20.0,2.0,1.0,1412683855.0,37352014.0,19706800000.0,123.89566666666667,3136.0,10.0,114688.0,5.276658712953397e+16
128.0,32000.0,3136.0,64.0,3.0,30.0,10.0,10.0,2.0,5.0,2.0,2.0,2.0,1.0,6.0,2.0,3.0,4.0,2.0,3.0,2.0,4.0,6.0,3.0,2.0,1.0,1.0,6.0,6.0,5.0,3.0,2.0,64.0,64.0,1.0,256.0,16.0,1.0,1.0,1.0,1.0,16.0,16.0,1.0,6.0,4.0,3.0,4.0,5.0,3.0,2.0,1.0,4.0,5.0,6.0,5.0,2.0,5.0,2.0,1.0,6.0,5.0,4096.0,64.0,1.0,4.0,768.0,1.0,1.0,1.0,1.0,10.0,16.0,1.0,2123353044.0,33546389.0,19707400000.0,137.70777777777778,3136.0,10.0,6447104.0,7.123082719835811e+16
2048.0,128000.0,3136.0,64.0,3.0,18.0,30.0,10.0,4.0,2.0,4.0,6.0,2.0,1.0,3.0,4.0,3.0,6.0,4.0,3.0,4.0,6.0,3.0,6.0,1.0,1.0,1.0,3.0,2.0,4.0,1.0,3.0,64.0,1024.0,1.0,1024.0,64.0,1.0,1.0,1.0,1.0,8.0,4.0,1.0,6.0,5.0,1.0,3.0,3.0,6.0,6.0,3.0,2.0,3.0,3.0,4.0,5.0,5.0,5.0,1.0,1.0,3.0,64.0,4096.0,1.0,128.0,16.0,1.0,1.0,1.0,1.0,40.0,64.0,1.0,222315966.0,32650409.0,19707100000.0,134.59233333333333,3136.0,10.0,3751936.0,7258707217130094.0
2048.0,16000.0,3136.0,64.0,3.0,10.0,10.0,38.0,3.0,2.0,2.0,5.0,4.0,6.0,2.0,3.0,5.0,2.0,1.0,2.0,3.0,3.0,1.0,4.0,2.0,3.0,1.0,5.0,4.0,2.0,3.0,5.0,128.0,2.0,1.0,1024.0,1.0,1.0,1.0,1.0,1.0,8.0,8.0,1.0,3.0,2.0,6.0,5.0,5.0,6.0,3.0,5.0,1.0,4.0,4.0,4.0,5.0,1.0,4.0,1.0,6.0,2.0,8.0,512.0,1.0,96.0,32.0,1.0,1.0,1.0,1.0,4.0,320.0,1.0,11428173568.0,32788785.0,19706800000.0,125.04766666666667,3136.0,10.0,487424.0,3.747159260638349e+17
1024000.0,1024000.0,3136.0,64.0,3.0,16.0,42.0,32.0,6.0,3.0,3.0,6.0,4.0,4.0,1.0,5.0,4.0,4.0,1.0,3.0,1.0,3.0,3.0,4.0,2.0,2.0,1.0,6.0,4.0,1.0,3.0,3.0,1.0,256.0,1.0,128.0,256.0,1.0,1.0,1.0,1.0,16.0,2.0,1.0,5.0,5.0,1.0,4.0,6.0,1.0,3.0,2.0,2.0,1.0,5.0,4.0,1.0,1.0,3.0,2.0,5.0,2.0,1024.0,1024.0,1.0,192.0,16.0,1.0,1.0,1.0,1.0,2.0,8.0,1.0,12222550339.0,34011482.0,19706800000.0,125.69866666666667,3136.0,10.0,822272.0,4.157070508489924e+17
256.0,32000.0,3136.0,64.0,3.0,28.0,2.0,28.0,2.0,1.0,6.0,2.0,2.0,3.0,5.0,5.0,4.0,4.0,5.0,5.0,5.0,1.0,4.0,5.0,2.0,3.0,1.0,4.0,2.0,4.0,3.0,5.0,1024.0,1024.0,1.0,256.0,2.0,1.0,1.0,1.0,1.0,1.0,32.0,1.0,6.0,5.0,2.0,5.0,5.0,5.0,5.0,2.0,4.0,4.0,3.0,5.0,5.0,6.0,4.0,3.0,2.0,1.0,2048.0,8.0,1.0,48.0,24.0,1.0,1.0,1.0,1.0,4.0,4.0,1.0,14388612646.0,34449669.5,19706800000.0,125.02166666666668,3136.0,10.0,606208.0,4.956829502182205e+17
16000.0,16000.0,3136.0,64.0,3.0,8.0,4.0,32.0,6.0,6.0,2.0,4.0,6.0,2.0,5.0,3.0,2.0,6.0,3.0,1.0,4.0,3.0,2.0,4.0,1.0,2.0,1.0,5.0,4.0,3.0,6.0,6.0,4096.0,1.0,1.0,32.0,64.0,1.0,1.0,1.0,1.0,64.0,4.0,1.0,3.0,3.0,3.0,4.0,6.0,5.0,6.0,6.0,5.0,5.0,6.0,2.0,2.0,3.0,5.0,1.0,1.0,1.0,4.0,16.0,1.0,1.0,4.0,1.0,1.0,1.0,1.0,20.0,8.0,1.0,1187840928.0,37185245.0,19706900000.0,125.339,3136.0,10.0,1056768.0,4.417015592870736e+16
2048000.0,4096000.0,3136.0,64.0,3.0,28.0,24.0,2.0,3.0,5.0,5.0,6.0,4.0,1.0,4.0,6.0,6.0,6.0,3.0,3.0,3.0,1.0,1.0,3.0,2.0,6.0,5.0,6.0,6.0,4.0,2.0,5.0,2.0,128.0,1.0,1024.0,512.0,1.0,1.0,1.0,1.0,128.0,16.0,1.0,2.0,2.0,2.0,1.0,3.0,4.0,5.0,6.0,6.0,1.0,6.0,1.0,1.0,3.0,4.0,1.0,3.0,2.0,16.0,2048.0,1.0,1.0,128.0,1.0,1.0,1.0,1.0,5.0,80.0,1.0,2386495593.0,32658489.0,19706900000.0,128.21166666666667,3136.0,10.0,1916928.0,7.793934007253898e+16
1024000.0,128000.0,3136.0,64.0,3.0,20.0,26.0,8.0,5.0,4.0,6.0,1.0,3.0,4.0,5.0,3.0,4.0,5.0,2.0,2.0,3.0,5.0,2.0,4.0,5.0,1.0,6.0,3.0,6.0,4.0,3.0,4.0,64.0,1.0,1.0,128.0,1.0,1.0,1.0,1.0,1.0,64.0,32.0,1.0,3.0,4.0,2.0,5.0,3.0,5.0,3.0,5.0,4.0,2.0,3.0,5.0,6.0,4.0,2.0,2.0,1.0,6.0,1024.0,4.0,1.0,12.0,12.0,1.0,1.0,1.0,1.0,4.0,16.0,1.0,342896706.0,44218263.0,19706700000.0,123.85666666666667,3136.0,10.0,57728.0,1.5162296727741678e+16
512000.0,16000.0,3136.0,64.0,3.0,10.0,38.0,46.0,3.0,2.0,1.0,1.0,5.0,2.0,3.0,3.0,6.0,1.0,1.0,2.0,6.0,2.0,5.0,6.0,2.0,2.0,3.0,1.0,4.0,6.0,4.0,4.0,2048.0,128.0,1.0,128.0,2.0,1.0,1.0,1.0,1.0,64.0,8.0,1.0,6.0,5.0,1.0,1.0,1.0,6.0,6.0,4.0,3.0,6.0,3.0,1.0,3.0,4.0,5.0,1.0,2.0,5.0,4096.0,32.0,1.0,48.0,256.0,1.0,1.0,1.0,1.0,80.0,80.0,1.0,161404651.0,32818604.7,19707000000.0,130.26855555555557,3136.0,10.0,2793472.0,5297075437910460.0
32000.0,256000.0,3136.0,64.0,3.0,10.0,26.0,40.0,5.0,2.0,4.0,6.0,5.0,5.0,6.0,5.0,4.0,1.0,5.0,5.0,2.0,3.0,6.0,3.0,2.0,1.0,3.0,4.0,5.0,2.0,6.0,2.0,8.0,2048.0,1.0,8.0,4.0,1.0,1.0,1.0,1.0,2.0,4.0,1.0,1.0,1.0,5.0,4.0,5.0,1.0,5.0,2.0,3.0,3.0,1.0,2.0,1.0,6.0,3.0,4.0,1.0,4.0,4.0,2048.0,1.0,24.0,4.0,1.0,1.0,1.0,1.0,5.0,16.0,1.0,338156584.0,36505484.0,19706800000.0,124.37877777777778,3136.0,10.0,297216.0,1.2344569766706656e+16
32000.0,2048000.0,3136.0,64.0,3.0,24.0,24.0,8.0,6.0,2.0,6.0,6.0,5.0,5.0,2.0,5.0,6.0,1.0,4.0,2.0,1.0,2.0,4.0,4.0,3.0,3.0,5.0,5.0,5.0,2.0,6.0,5.0,4096.0,2.0,1.0,2048.0,512.0,1.0,1.0,1.0,1.0,32.0,2.0,1.0,6.0,1.0,4.0,4.0,6.0,3.0,5.0,5.0,4.0,4.0,1.0,5.0,3.0,4.0,3.0,2.0,6.0,1.0,2048.0,256.0,1.0,1024.0,4.0,1.0,1.0,1.0,1.0,160.0,20.0,1.0,14363904247.0,32685091.8,19708500000.0,169.22933333333333,3136.0,10.0,17170432.0,4.6948552891960486e+17
512.0,1024000.0,3136.0,64.0,3.0,38.0,44.0,12.0,5.0,2.0,6.0,6.0,4.0,3.0,5.0,6.0,3.0,4.0,2.0,3.0,3.0,5.0,2.0,2.0,1.0,1.0,6.0,5.0,5.0,1.0,4.0,5.0,32.0,128.0,1.0,4.0,256.0,1.0,1.0,1.0,1.0,16.0,1.0,1.0,3.0,1.0,3.0,6.0,4.0,1.0,2.0,2.0,5.0,1.0,2.0,1.0,1.0,1.0,2.0,5.0,5.0,6.0,1.0,32.0,1.0,2.0,512.0,1.0,1.0,1.0,1.0,1.0,20.0,1.0,1864437838.0,39697313.0,19706800000.0,123.907,3136.0,10.0,77824.0,7.40131724241293e+16
2048.0,512000.0,3136.0,64.0,3.0,18.0,36.0,14.0,2.0,3.0,6.0,6.0,6.0,6.0,1.0,6.0,6.0,2.0,2.0,4.0,3.0,2.0,2.0,3.0,1.0,2.0,5.0,3.0,5.0,4.0,6.0,4.0,256.0,2.0,1.0,16.0,4.0,1.0,1.0,1.0,1.0,64.0,64.0,1.0,4.0,4.0,5.0,3.0,4.0,2.0,3.0,5.0,1.0,5.0,3.0,5.0,2.0,5.0,2.0,5.0,2.0,3.0,16.0,8.0,1.0,64.0,96.0,1.0,1.0,1.0,1.0,10.0,8.0,1.0,8475918369.0,40178890.0,19706700000.0,123.75977777777778,3136.0,10.0,43008.0,3.405529917970304e+17
2048000.0,512000.0,3136.0,64.0,3.0,40.0,20.0,8.0,6.0,3.0,6.0,4.0,5.0,4.0,3.0,4.0,6.0,2.0,3.0,3.0,2.0,2.0,6.0,1.0,1.0,5.0,1.0,6.0,4.0,1.0,2.0,6.0,2.0,2048.0,1.0,1024.0,2048.0,1.0,1.0,1.0,1.0,64.0,8.0,1.0,5.0,1.0,1.0,5.0,1.0,2.0,3.0,5.0,3.0,2.0,4.0,2.0,2.0,4.0,5.0,6.0,1.0,5.0,2.0,256.0,1.0,1536.0,16.0,1.0,1.0,1.0,1.0,1.0,40.0,1.0,3425588139.0,33503181.8,19708600000.0,175.59522222222222,3136.0,10.0,17563648.0,1.1476810219284067e+17
512000.0,2048000.0,3136.0,64.0,3.0,30.0,46.0,8.0,6.0,3.0,3.0,3.0,5.0,1.0,4.0,5.0,5.0,2.0,6.0,4.0,2.0,6.0,5.0,1.0,3.0,2.0,3.0,6.0,2.0,2.0,4.0,5.0,8.0,8.0,1.0,1.0,16.0,1.0,1.0,1.0,1.0,8.0,32.0,1.0,6.0,2.0,1.0,6.0,4.0,5.0,4.0,6.0,2.0,6.0,4.0,4.0,4.0,3.0,3.0,5.0,1.0,3.0,8.0,32.0,1.0,24.0,1536.0,1.0,1.0,1.0,1.0,4.0,10.0,1.0,863901311.0,38804510.0,19706800000.0,125.27022222222222,3136.0,10.0,822272.0,3.352326706171261e+16
64000.0,128000.0,3136.0,64.0,3.0,42.0,22.0,8.0,5.0,3.0,2.0,4.0,5.0,2.0,5.0,4.0,1.0,4.0,1.0,1.0,6.0,3.0,6.0,4.0,2.0,5.0,4.0,2.0,6.0,1.0,4.0,4.0,64.0,1.0,1.0,1.0,1024.0,1.0,1.0,1.0,1.0,8.0,2.0,1.0,1.0,1.0,6.0,6.0,4.0,1.0,1.0,4.0,2.0,6.0,6.0,4.0,3.0,1.0,5.0,5.0,4.0,4.0,1024.0,128.0,1.0,384.0,192.0,1.0,1.0,1.0,1.0,64.0,2.0,1.0,5435926862.0,33519811.8,19707100000.0,134.27977777777778,3136.0,10.0,3719168.0,1.8221124537280458e+17
1024.0,128000.0,3136.0,64.0,3.0,34.0,38.0,40.0,4.0,2.0,1.0,3.0,5.0,5.0,4.0,4.0,5.0,1.0,1.0,4.0,6.0,4.0,3.0,5.0,4.0,3.0,3.0,3.0,2.0,4.0,2.0,5.0,1.0,8.0,1.0,1.0,4.0,1.0,1.0,1.0,1.0,128.0,64.0,1.0,4.0,6.0,4.0,5.0,4.0,4.0,4.0,4.0,5.0,5.0,2.0,3.0,1.0,4.0,5.0,4.0,6.0,6.0,128.0,4.0,1.0,2.0,96.0,1.0,1.0,1.0,1.0,16.0,5.0,1.0,10897952797.0,41683862.0,19706700000.0,123.749,3136.0,10.0,31744.0,4.54268760472662e+17
256000.0,32000.0,3136.0,64.0,3.0,40.0,20.0,14.0,6.0,5.0,2.0,6.0,2.0,3.0,2.0,6.0,2.0,2.0,1.0,4.0,1.0,4.0,5.0,4.0,5.0,4.0,3.0,4.0,2.0,3.0,5.0,4.0,8.0,4.0,1.0,2048.0,2048.0,1.0,1.0,1.0,1.0,64.0,2.0,1.0,3.0,1.0,5.0,6.0,3.0,5.0,4.0,3.0,6.0,2.0,5.0,2.0,1.0,4.0,4.0,1.0,4.0,3.0,64.0,1024.0,1.0,16.0,256.0,1.0,1.0,1.0,1.0,32.0,160.0,1.0,433624648.0,32959966.0,19707100000.0,131.34388888888887,3136.0,10.0,3489792.0,1.4292253654841968e+16
128000.0,1024000.0,3136.0,64.0,3.0,12.0,2.0,14.0,1.0,1.0,2.0,4.0,2.0,4.0,2.0,3.0,5.0,2.0,3.0,1.0,6.0,6.0,6.0,2.0,2.0,1.0,1.0,1.0,2.0,1.0,2.0,4.0,16.0,1.0,1.0,4.0,1024.0,1.0,1.0,1.0,1.0,16.0,32.0,1.0,3.0,1.0,4.0,4.0,6.0,4.0,3.0,6.0,6.0,1.0,6.0,1.0,5.0,5.0,2.0,6.0,1.0,3.0,4.0,16.0,1.0,24.0,24.0,1.0,1.0,1.0,1.0,20.0,1.0,1.0,2355529762.0,39006793.0,19706800000.0,124.19222222222221,3136.0,10.0,299008.0,9.188166183167326e+16
512.0,2048000.0,3136.0,64.0,3.0,8.0,28.0,18.0,2.0,2.0,2.0,3.0,6.0,3.0,5.0,1.0,2.0,1.0,5.0,1.0,5.0,2.0,1.0,2.0,3.0,6.0,4.0,2.0,4.0,1.0,3.0,4.0,64.0,8.0,1.0,8.0,32.0,1.0,1.0,1.0,1.0,1.0,4.0,1.0,2.0,6.0,1.0,1.0,2.0,6.0,6.0,2.0,5.0,5.0,2.0,5.0,3.0,4.0,1.0,2.0,4.0,3.0,1024.0,1024.0,1.0,1024.0,2.0,1.0,1.0,1.0,1.0,160.0,1.0,1.0,24466622595.0,33488412.0,19707000000.0,128.9661111111111,3136.0,10.0,2752512.0,8.193483377098692e+17
1024.0,512000.0,3136.0,64.0,3.0,34.0,14.0,48.0,3.0,6.0,1.0,4.0,6.0,5.0,5.0,1.0,6.0,5.0,6.0,1.0,3.0,6.0,1.0,5.0,5.0,1.0,6.0,3.0,6.0,2.0,5.0,6.0,16.0,4096.0,1.0,1024.0,2048.0,1.0,1.0,1.0,1.0,8.0,8.0,1.0,4.0,4.0,5.0,5.0,2.0,6.0,5.0,5.0,2.0,6.0,2.0,5.0,6.0,1.0,5.0,1.0,1.0,6.0,8.0,2048.0,1.0,48.0,3072.0,1.0,1.0,1.0,1.0,16.0,5.0,1.0,1324365229.0,35256691.8,19708500000.0,173.99011111111113,3136.0,10.0,16875520.0,4.6692736709489416e+16
512000.0,1024000.0,3136.0,64.0,3.0,42.0,30.0,30.0,1.0,1.0,1.0,6.0,3.0,2.0,6.0,5.0,2.0,2.0,1.0,4.0,4.0,5.0,6.0,2.0,3.0,1.0,4.0,6.0,3.0,6.0,3.0,1.0,32.0,1.0,1.0,4.0,32.0,1.0,1.0,1.0,1.0,2.0,2.0,1.0,1.0,5.0,1.0,4.0,3.0,1.0,4.0,6.0,4.0,4.0,6.0,1.0,3.0,5.0,4.0,4.0,4.0,2.0,32.0,4096.0,1.0,384.0,32.0,1.0,1.0,1.0,1.0,320.0,40.0,1.0,1813156388.0,33650265.0,19707400000.0,135.21244444444443,3136.0,10.0,6012928.0,6.101319294264282e+16
8192.0,2048000.0,3136.0,64.0,3.0,40.0,28.0,32.0,2.0,3.0,3.0,4.0,1.0,3.0,4.0,5.0,1.0,6.0,1.0,3.0,3.0,2.0,6.0,2.0,5.0,5.0,1.0,6.0,6.0,3.0,2.0,6.0,4.0,1.0,1.0,64.0,128.0,1.0,1.0,1.0,1.0,128.0,4.0,1.0,6.0,4.0,5.0,1.0,4.0,2.0,6.0,2.0,2.0,5.0,2.0,1.0,3.0,1.0,3.0,4.0,3.0,3.0,128.0,4.0,1.0,12.0,256.0,1.0,1.0,1.0,1.0,20.0,160.0,1.0,2628290556.0,37868330.0,19706800000.0,124.333,3136.0,10.0,311296.0,9.952897411049149e+16
32000.0,4096000.0,3136.0,64.0,3.0,4.0,28.0,30.0,2.0,6.0,2.0,5.0,3.0,5.0,3.0,1.0,5.0,4.0,3.0,6.0,6.0,6.0,5.0,2.0,2.0,1.0,1.0,4.0,6.0,1.0,2.0,3.0,256.0,16.0,1.0,2.0,2048.0,1.0,1.0,1.0,1.0,4.0,4.0,1.0,5.0,2.0,5.0,3.0,2.0,1.0,5.0,6.0,4.0,3.0,1.0,6.0,5.0,6.0,2.0,1.0,2.0,3.0,4096.0,128.0,1.0,256.0,6.0,1.0,1.0,1.0,1.0,2.0,1.0,1.0,372501167.0,48055959.0,19707000000.0,129.49588888888889,3136.0,10.0,2149376.0,1.7900900808804152e+16
64000.0,4096000.0,3136.0,64.0,3.0,40.0,42.0,36.0,2.0,1.0,6.0,2.0,1.0,5.0,4.0,4.0,6.0,2.0,6.0,6.0,3.0,1.0,2.0,5.0,3.0,6.0,3.0,1.0,1.0,1.0,6.0,2.0,1.0,256.0,1.0,8.0,4.0,1.0,1.0,1.0,1.0,32.0,128.0,1.0,3.0,3.0,3.0,4.0,1.0,1.0,5.0,2.0,4.0,2.0,2.0,3.0,6.0,2.0,6.0,5.0,4.0,6.0,128.0,2.0,1.0,3072.0,32.0,1.0,1.0,1.0,1.0,2.0,32.0,1.0,20591954155.0,35729562.6,19706800000.0,125.69277777777778,3136.0,10.0,991232.0,7.357415150374026e+17
4096.0,256000.0,3136.0,64.0,3.0,4.0,6.0,2.0,2.0,2.0,6.0,3.0,6.0,3.0,6.0,5.0,2.0,4.0,4.0,2.0,3.0,1.0,3.0,5.0,1.0,1.0,1.0,2.0,5.0,2.0,2.0,6.0,128.0,2.0,1.0,8.0,1024.0,1.0,1.0,1.0,1.0,1.0,16.0,1.0,5.0,4.0,1.0,1.0,3.0,1.0,4.0,2.0,6.0,5.0,2.0,5.0,5.0,1.0,3.0,6.0,4.0,5.0,512.0,512.0,1.0,64.0,64.0,1.0,1.0,1.0,1.0,8.0,16.0,1.0,14496054514.0,34130519.0,19706800000.0,124.30277777777778,3136.0,10.0,299008.0,4.9475786401511277e+17
512.0,16000000.0,3136.0,64.0,3.0,14.0,12.0,16.0,6.0,1.0,3.0,4.0,6.0,3.0,2.0,6.0,5.0,6.0,5.0,4.0,1.0,3.0,2.0,3.0,1.0,6.0,3.0,2.0,6.0,2.0,6.0,6.0,16.0,4.0,1.0,128.0,2.0,1.0,1.0,1.0,1.0,16.0,64.0,1.0,6.0,3.0,1.0,5.0,3.0,1.0,4.0,2.0,1.0,6.0,1.0,5.0,1.0,2.0,5.0,4.0,2.0,6.0,256.0,2.0,1.0,512.0,768.0,1.0,1.0,1.0,1.0,160.0,1.0,1.0,1294770201.0,33065494.0,19707600000.0,138.90122222222223,3136.0,10.0,7847936.0,4.2812216312544296e+16
64000.0,4096000.0,3136.0,64.0,3.0,12.0,40.0,12.0,2.0,2.0,2.0,3.0,2.0,1.0,4.0,2.0,6.0,1.0,3.0,4.0,1.0,5.0,3.0,4.0,1.0,5.0,5.0,1.0,6.0,6.0,6.0,1.0,16.0,2048.0,1.0,16.0,2048.0,1.0,1.0,1.0,1.0,16.0,16.0,1.0,6.0,5.0,2.0,4.0,2.0,5.0,1.0,4.0,3.0,6.0,4.0,5.0,2.0,3.0,4.0,1.0,5.0,6.0,16.0,512.0,1.0,128.0,2.0,1.0,1.0,1.0,1.0,16.0,40.0,1.0,83226117.0,32817303.8,19707700000.0,138.59144444444445,3136.0,10.0,9175040.0,2731256765683344.5
256000.0,256000.0,3136.0,64.0,3.0,4.0,10.0,38.0,3.0,6.0,4.0,4.0,2.0,6.0,3.0,4.0,1.0,4.0,4.0,6.0,4.0,6.0,6.0,1.0,3.0,3.0,3.0,5.0,6.0,6.0,4.0,2.0,2048.0,512.0,1.0,16.0,4.0,1.0,1.0,1.0,1.0,32.0,4.0,1.0,3.0,3.0,4.0,3.0,4.0,1.0,2.0,3.0,5.0,6.0,1.0,6.0,1.0,6.0,3.0,4.0,2.0,6.0,1.0,4.0,1.0,768.0,48.0,1.0,1.0,1.0,1.0,10.0,160.0,1.0,3595755658.0,55387119.0,19706800000.0,124.47166666666668,3136.0,10.0,253184.0,1.991585465245693e+17
1024000.0,32000.0,3136.0,64.0,3.0,14.0,34.0,38.0,1.0,2.0,6.0,4.0,5.0,6.0,6.0,2.0,2.0,3.0,2.0,3.0,5.0,3.0,4.0,6.0,5.0,5.0,2.0,6.0,6.0,4.0,4.0,6.0,128.0,256.0,1.0,2.0,2.0,1.0,1.0,1.0,1.0,2.0,16.0,1.0,5.0,1.0,2.0,4.0,5.0,4.0,3.0,1.0,2.0,6.0,4.0,1.0,1.0,1.0,3.0,1.0,4.0,4.0,128.0,32.0,1.0,256.0,3.0,1.0,1.0,1.0,1.0,5.0,160.0,1.0,12399218525.0,34571837.0,19706800000.0,124.05833333333332,3136.0,10.0,188416.0,4.2866376177368045e+17
1024.0,8192000.0,3136.0,64.0,3.0,6.0,28.0,22.0,1.0,4.0,2.0,2.0,1.0,2.0,3.0,5.0,5.0,5.0,1.0,4.0,2.0,5.0,4.0,5.0,5.0,2.0,3.0,2.0,4.0,6.0,5.0,4.0,4.0,64.0,1.0,32.0,64.0,1.0,1.0,1.0,1.0,32.0,32.0,1.0,1.0,1.0,3.0,4.0,3.0,6.0,5.0,2.0,3.0,5.0,4.0,3.0,2.0,2.0,6.0,5.0,1.0,1.0,8.0,4.0,1.0,1024.0,48.0,1.0,1.0,1.0,1.0,32.0,4.0,1.0,608016407.0,46887651.0,19706800000.0,123.86666666666667,3136.0,10.0,82432.0,2.8508461093689956e+16
1024000.0,128000.0,3136.0,64.0,3.0,26.0,32.0,32.0,3.0,4.0,3.0,5.0,3.0,2.0,1.0,4.0,6.0,3.0,5.0,3.0,6.0,1.0,1.0,1.0,6.0,5.0,4.0,1.0,3.0,4.0,1.0,2.0,512.0,128.0,1.0,2.0,1024.0,1.0,1.0,1.0,1.0,4.0,1.0,1.0,4.0,3.0,4.0,3.0,2.0,5.0,1.0,2.0,4.0,2.0,6.0,3.0,6.0,3.0,2.0,6.0,4.0,2.0,2.0,512.0,1.0,16.0,1.0,1.0,1.0,1.0,1.0,16.0,2.0,1.0,596786463.0,38934149.0,19706900000.0,125.47633333333333,3136.0,10.0,1085440.0,2.3235373071624988e+16
1024000.0,4096000.0,3136.0,64.0,3.0,14.0,2.0,44.0,2.0,3.0,3.0,3.0,5.0,4.0,6.0,1.0,4.0,1.0,3.0,3.0,2.0,3.0,6.0,6.0,4.0,3.0,5.0,3.0,5.0,4.0,2.0,5.0,256.0,64.0,1.0,8.0,128.0,1.0,1.0,1.0,1.0,1.0,32.0,1.0,4.0,6.0,1.0,5.0,3.0,2.0,2.0,1.0,3.0,6.0,4.0,6.0,4.0,3.0,3.0,3.0,6.0,3.0,16.0,256.0,1.0,32.0,32.0,1.0,1.0,1.0,1.0,80.0,8.0,1.0,1175160938.0,36610389.0,19706800000.0,123.94122222222222,3136.0,10.0,90112.0,4.302309907778488e+16
2048000.0,512000.0,3136.0,64.0,3.0,6.0,28.0,42.0,2.0,6.0,6.0,1.0,4.0,4.0,2.0,2.0,5.0,4.0,4.0,5.0,3.0,4.0,5.0,3.0,4.0,2.0,6.0,1.0,6.0,2.0,3.0,6.0,2048.0,1.0,1.0,2.0,4.0,1.0,1.0,1.0,1.0,64.0,2.0,1.0,6.0,4.0,6.0,3.0,1.0,2.0,1.0,1.0,4.0,1.0,5.0,4.0,1.0,2.0,2.0,6.0,6.0,2.0,2.0,512.0,1.0,512.0,12.0,1.0,1.0,1.0,1.0,20.0,64.0,1.0,2804787007.0,32921095.0,19706800000.0,125.36711111111111,3136.0,10.0,655360.0,9.233665951221267e+16
2048.0,16000000.0,3136.0,64.0,3.0,10.0,18.0,4.0,5.0,4.0,2.0,5.0,3.0,6.0,4.0,1.0,3.0,6.0,3.0,5.0,1.0,1.0,6.0,5.0,2.0,4.0,3.0,6.0,6.0,1.0,3.0,2.0,256.0,8.0,1.0,512.0,8.0,1.0,1.0,1.0,1.0,32.0,128.0,1.0,3.0,3.0,6.0,4.0,5.0,1.0,3.0,3.0,3.0,4.0,2.0,5.0,1.0,2.0,3.0,4.0,5.0,1.0,32.0,4096.0,1.0,256.0,48.0,1.0,1.0,1.0,1.0,10.0,160.0,1.0,570653340.0,32824612.6,19707100000.0,131.07544444444443,3136.0,10.0,3489792.0,1.8731474814396084e+16
16000.0,1024000.0,3136.0,64.0,3.0,34.0,18.0,34.0,5.0,3.0,2.0,1.0,5.0,5.0,3.0,3.0,6.0,1.0,4.0,4.0,3.0,4.0,1.0,2.0,6.0,3.0,4.0,1.0,6.0,3.0,1.0,4.0,8.0,8.0,1.0,1.0,256.0,1.0,1.0,1.0,1.0,2.0,2.0,1.0,2.0,5.0,3.0,1.0,4.0,3.0,3.0,5.0,3.0,1.0,1.0,3.0,5.0,6.0,5.0,4.0,6.0,3.0,2048.0,16.0,1.0,128.0,256.0,1.0,1.0,1.0,1.0,2.0,8.0,1.0,1235273773.0,33208075.0,19707000000.0,127.86966666666667,3136.0,10.0,2166784.0,4.102106409931698e+16
32000.0,256000.0,3136.0,64.0,3.0,38.0,10.0,36.0,4.0,3.0,4.0,2.0,4.0,1.0,4.0,4.0,4.0,3.0,4.0,3.0,4.0,5.0,4.0,5.0,1.0,5.0,1.0,5.0,1.0,3.0,6.0,1.0,128.0,4.0,1.0,8.0,8.0,1.0,1.0,1.0,1.0,128.0,8.0,1.0,6.0,3.0,1.0,1.0,5.0,6.0,6.0,3.0,4.0,6.0,3.0,3.0,5.0,4.0,1.0,3.0,4.0,3.0,128.0,512.0,1.0,3.0,96.0,1.0,1.0,1.0,1.0,32.0,16.0,1.0,3055966780.0,33345218.0,19706900000.0,126.1348888888889,3136.0,10.0,1054720.0,1.0190187847985805e+17
2048000.0,8192000.0,3136.0,64.0,3.0,34.0,6.0,34.0,1.0,3.0,2.0,4.0,1.0,3.0,6.0,4.0,6.0,1.0,3.0,2.0,3.0,3.0,3.0,4.0,6.0,2.0,3.0,4.0,5.0,1.0,6.0,6.0,8.0,8.0,1.0,1024.0,128.0,1.0,1.0,1.0,1.0,8.0,2.0,1.0,4.0,5.0,1.0,3.0,1.0,1.0,3.0,3.0,2.0,1.0,5.0,2.0,5.0,5.0,6.0,3.0,4.0,3.0,4.0,32.0,1.0,3.0,64.0,1.0,1.0,1.0,1.0,32.0,160.0,1.0,2026682400.0,38144952.0,19706800000.0,124.21344444444443,3136.0,10.0,264064.0,7.73077028672448e+16
256.0,256000.0,3136.0,64.0,3.0,18.0,26.0,28.0,5.0,2.0,3.0,2.0,4.0,6.0,3.0,1.0,5.0,1.0,6.0,3.0,5.0,5.0,5.0,6.0,5.0,5.0,4.0,3.0,5.0,3.0,4.0,4.0,16.0,4.0,1.0,2.0,1.0,1.0,1.0,1.0,1.0,4.0,16.0,1.0,6.0,3.0,3.0,3.0,6.0,4.0,6.0,6.0,2.0,3.0,6.0,5.0,3.0,5.0,3.0,4.0,2.0,4.0,4.0,4.0,1.0,768.0,2.0,1.0,1.0,1.0,1.0,5.0,20.0,1.0,21785542670.0,64004470.0,19706700000.0,123.755,3136.0,10.0,37024.0,1.3943721122557348e+18
4096.0,512000.0,3136.0,64.0,3.0,12.0,2.0,10.0,3.0,1.0,6.0,6.0,4.0,3.0,1.0,3.0,3.0,6.0,6.0,6.0,3.0,4.0,6.0,4.0,4.0,6.0,3.0,1.0,5.0,1.0,2.0,6.0,512.0,32.0,1.0,32.0,128.0,1.0,1.0,1.0,1.0,2.0,16.0,1.0,6.0,5.0,2.0,6.0,6.0,3.0,4.0,3.0,6.0,5.0,4.0,3.0,5.0,5.0,1.0,6.0,6.0,4.0,1024.0,4096.0,1.0,1024.0,12.0,1.0,1.0,1.0,1.0,1.0,40.0,1.0,24430560990.0,35087487.0,19707700000.0,140.77877777777778,3136.0,10.0,8798208.0,8.572069911393321e+17
16000.0,16000.0,3136.0,64.0,3.0,36.0,40.0,24.0,4.0,3.0,6.0,6.0,3.0,5.0,4.0,1.0,2.0,5.0,2.0,1.0,2.0,4.0,1.0,6.0,6.0,6.0,3.0,4.0,1.0,3.0,1.0,5.0,256.0,512.0,1.0,256.0,32.0,1.0,1.0,1.0,1.0,2.0,2.0,1.0,4.0,2.0,2.0,6.0,1.0,5.0,4.0,3.0,2.0,4.0,3.0,3.0,3.0,1.0,2.0,5.0,6.0,5.0,256.0,64.0,1.0,384.0,8.0,1.0,1.0,1.0,1.0,160.0,40.0,1.0,5302896269.0,42837000.0,19706800000.0,124.8591111111111,3136.0,10.0,401408.0,2.27160167475153e+17
128.0,32000.0,3136.0,64.0,3.0,30.0,42.0,36.0,2.0,6.0,3.0,6.0,1.0,5.0,5.0,6.0,6.0,4.0,1.0,2.0,4.0,1.0,1.0,4.0,1.0,1.0,1.0,2.0,4.0,2.0,2.0,3.0,128.0,16.0,1.0,1.0,2.0,1.0,1.0,1.0,1.0,2.0,16.0,1.0,5.0,2.0,2.0,2.0,2.0,4.0,2.0,6.0,5.0,5.0,1.0,1.0,6.0,1.0,4.0,1.0,1.0,2.0,4096.0,16.0,1.0,1536.0,1024.0,1.0,1.0,1.0,1.0,8.0,1.0,1.0,7818923492.0,42593950.0,19708100000.0,148.15955555555556,3136.0,10.0,12763136.0,3.330388362720734e+17
512000.0,16000000.0,3136.0,64.0,3.0,38.0,2.0,42.0,5.0,4.0,2.0,6.0,1.0,3.0,1.0,6.0,6.0,5.0,2.0,1.0,2.0,3.0,6.0,3.0,2.0,2.0,1.0,1.0,4.0,3.0,4.0,4.0,2.0,16.0,1.0,4.0,2048.0,1.0,1.0,1.0,1.0,16.0,1.0,1.0,6.0,6.0,2.0,2.0,1.0,6.0,2.0,4.0,5.0,5.0,4.0,5.0,2.0,5.0,2.0,5.0,4.0,6.0,2048.0,4096.0,1.0,192.0,192.0,1.0,1.0,1.0,1.0,4.0,2.0,1.0,93781217.0,33879616.0,19707000000.0,130.0408888888889,3136.0,10.0,2842112.0,3177271619972672.0
8192.0,16000.0,3136.0,64.0,3.0,6.0,24.0,2.0,5.0,5.0,5.0,4.0,1.0,4.0,4.0,2.0,6.0,4.0,3.0,4.0,4.0,1.0,1.0,4.0,3.0,6.0,3.0,1.0,2.0,3.0,4.0,4.0,64.0,128.0,1.0,256.0,512.0,1.0,1.0,1.0,1.0,64.0,16.0,1.0,4.0,6.0,3.0,1.0,4.0,1.0,6.0,6.0,4.0,5.0,6.0,4.0,4.0,4.0,6.0,3.0,1.0,1.0,256.0,32.0,1.0,384.0,256.0,1.0,1.0,1.0,1.0,1.0,64.0,1.0,906028214.0,32762671.0,19707200000.0,138.14688888888887,3136.0,10.0,4784128.0,2.968390429199959e+16
128.0,8192000.0,3136.0,64.0,3.0,30.0,40.0,38.0,3.0,6.0,5.0,1.0,1.0,6.0,4.0,2.0,4.0,6.0,6.0,5.0,6.0,6.0,1.0,6.0,6.0,5.0,5.0,3.0,1.0,3.0,6.0,6.0,2.0,128.0,1.0,2.0,1024.0,1.0,1.0,1.0,1.0,2.0,32.0,1.0,3.0,5.0,6.0,1.0,4.0,3.0,3.0,5.0,4.0,6.0,1.0,1.0,6.0,1.0,3.0,2.0,2.0,2.0,2048.0,256.0,1.0,1024.0,1024.0,1.0,1.0,1.0,1.0,1.0,320.0,1.0,20255389102.0,33145270.0,19707400000.0,136.00588888888888,3136.0,10.0,6160384.0,6.713703407408475e+17
16000.0,1024000.0,3136.0,64.0,3.0,32.0,32.0,28.0,5.0,5.0,2.0,2.0,5.0,5.0,6.0,3.0,5.0,6.0,1.0,1.0,6.0,2.0,4.0,1.0,2.0,4.0,4.0,2.0,6.0,4.0,6.0,4.0,32.0,1024.0,1.0,1024.0,1024.0,1.0,1.0,1.0,1.0,2.0,128.0,1.0,4.0,6.0,1.0,5.0,5.0,6.0,1.0,3.0,4.0,1.0,3.0,4.0,3.0,4.0,3.0,2.0,2.0,3.0,2.0,2048.0,1.0,3.0,512.0,1.0,1.0,1.0,1.0,40.0,4.0,1.0,2516164953.0,32429403.8,19707500000.0,143.6832222222222,3136.0,10.0,7340032.0,8.159772928824502e+16
1024.0,4096000.0,3136.0,64.0,3.0,38.0,6.0,8.0,1.0,6.0,5.0,6.0,4.0,1.0,1.0,1.0,5.0,6.0,1.0,3.0,5.0,1.0,3.0,2.0,5.0,4.0,5.0,4.0,3.0,6.0,6.0,6.0,2.0,8.0,1.0,4.0,64.0,1.0,1.0,1.0,1.0,8.0,2.0,1.0,4.0,1.0,5.0,4.0,1.0,1.0,5.0,4.0,2.0,1.0,4.0,4.0,6.0,3.0,5.0,5.0,6.0,6.0,16.0,128.0,1.0,24.0,64.0,1.0,1.0,1.0,1.0,2.0,80.0,1.0,1943445076.0,35430982.0,19706800000.0,123.98,3136.0,10.0,139264.0,6.885816750574463e+16
512000.0,32000000.0,3136.0,64.0,3.0,40.0,6.0,34.0,2.0,4.0,3.0,1.0,2.0,4.0,2.0,6.0,2.0,1.0,1.0,6.0,4.0,5.0,2.0,5.0,3.0,4.0,5.0,1.0,2.0,3.0,4.0,3.0,128.0,512.0,1.0,1.0,4.0,1.0,1.0,1.0,1.0,32.0,32.0,1.0,5.0,4.0,2.0,2.0,2.0,4.0,2.0,2.0,2.0,6.0,5.0,6.0,6.0,6.0,5.0,1.0,2.0,6.0,4096.0,32.0,1.0,1024.0,24.0,1.0,1.0,1.0,1.0,16.0,4.0,1.0,4692958459.0,37425920.0,19707600000.0,140.13211111111113,3136.0,10.0,8552448.0,1.7563828784985728e+17
512.0,2048000.0,3136.0,64.0,3.0,26.0,2.0,18.0,4.0,2.0,5.0,3.0,3.0,4.0,3.0,2.0,2.0,2.0,1.0,3.0,2.0,4.0,5.0,5.0,1.0,2.0,1.0,2.0,2.0,3.0,1.0,6.0,64.0,1024.0,1.0,8.0,1024.0,1.0,1.0,1.0,1.0,4.0,2.0,1.0,4.0,1.0,3.0,5.0,6.0,2.0,6.0,6.0,1.0,3.0,6.0,5.0,6.0,3.0,4.0,5.0,2.0,6.0,4096.0,8.0,1.0,3072.0,24.0,1.0,1.0,1.0,1.0,2.0,4.0,1.0,12242147658.0,32515541.9,19709400000.0,175.26833333333335,3136.0,10.0,25223168.0,3.980600651196858e+17
128000.0,32000000.0,3136.0,64.0,3.0,26.0,6.0,4.0,4.0,1.0,1.0,1.0,3.0,6.0,3.0,1.0,5.0,4.0,5.0,6.0,6.0,3.0,5.0,5.0,5.0,5.0,3.0,3.0,3.0,6.0,5.0,5.0,64.0,8.0,1.0,16.0,8.0,1.0,1.0,1.0,1.0,128.0,16.0,1.0,6.0,4.0,3.0,5.0,1.0,6.0,4.0,5.0,6.0,6.0,2.0,6.0,4.0,4.0,4.0,1.0,5.0,6.0,4096.0,256.0,1.0,6.0,128.0,1.0,1.0,1.0,1.0,2.0,320.0,1.0,1538909022.0,32775341.0,19707100000.0,130.90877777777777,3136.0,10.0,3751936.0,5.0438267964026504e+16
32000.0,512000.0,3136.0,64.0,3.0,28.0,14.0,38.0,3.0,3.0,4.0,5.0,5.0,5.0,3.0,2.0,6.0,3.0,6.0,3.0,6.0,6.0,4.0,4.0,5.0,1.0,3.0,3.0,1.0,2.0,2.0,2.0,4096.0,16.0,1.0,8.0,128.0,1.0,1.0,1.0,1.0,128.0,16.0,1.0,4.0,1.0,4.0,3.0,1.0,3.0,1.0,4.0,4.0,3.0,1.0,4.0,4.0,6.0,1.0,6.0,5.0,2.0,32.0,256.0,1.0,16.0,96.0,1.0,1.0,1.0,1.0,4.0,1.0,1.0,8327570862.0,37003931.8,19707000000.0,127.0698888888889,3136.0,10.0,2129920.0,3.081528642371152e+17
128000.0,8192000.0,3136.0,64.0,3.0,42.0,8.0,24.0,1.0,3.0,1.0,6.0,5.0,1.0,3.0,2.0,1.0,3.0,4.0,3.0,3.0,2.0,2.0,2.0,6.0,1.0,6.0,2.0,5.0,2.0,4.0,5.0,1.0,16.0,1.0,512.0,16.0,1.0,1.0,1.0,1.0,64.0,16.0,1.0,4.0,4.0,6.0,3.0,1.0,1.0,1.0,5.0,6.0,5.0,1.0,6.0,5.0,5.0,1.0,2.0,3.0,3.0,64.0,256.0,1.0,192.0,3072.0,1.0,1.0,1.0,1.0,4.0,160.0,1.0,562247353.0,33933708.0,19707100000.0,131.01266666666666,3136.0,10.0,3702784.0,1.9079137500474924e+16
256000.0,32000000.0,3136.0,64.0,3.0,22.0,4.0,24.0,2.0,5.0,3.0,1.0,3.0,4.0,1.0,3.0,3.0,3.0,6.0,6.0,5.0,1.0,2.0,3.0,2.0,2.0,5.0,6.0,3.0,5.0,6.0,5.0,2048.0,4.0,1.0,512.0,512.0,1.0,1.0,1.0,1.0,32.0,32.0,1.0,6.0,5.0,3.0,1.0,2.0,1.0,2.0,5.0,1.0,4.0,1.0,6.0,3.0,6.0,3.0,5.0,5.0,2.0,4096.0,1.0,1.0,192.0,48.0,1.0,1.0,1.0,1.0,20.0,32.0,1.0,9334755049.0,33163723.0,19707000000.0,130.69066666666666,3136.0,10.0,2260992.0,3.095752307178874e+17
2048000.0,1024000.0,3136.0,64.0,3.0,10.0,30.0,44.0,5.0,1.0,6.0,6.0,5.0,1.0,6.0,1.0,2.0,5.0,2.0,3.0,3.0,4.0,6.0,1.0,1.0,3.0,6.0,1.0,3.0,3.0,4.0,3.0,16.0,4.0,1.0,1.0,16.0,1.0,1.0,1.0,1.0,128.0,2.0,1.0,2.0,5.0,2.0,6.0,4.0,2.0,6.0,1.0,6.0,2.0,6.0,5.0,6.0,5.0,3.0,3.0,5.0,5.0,512.0,64.0,1.0,8.0,96.0,1.0,1.0,1.0,1.0,80.0,4.0,1.0,2467621013.0,35463066.0,19706800000.0,124.07133333333333,3136.0,10.0,195584.0,8.750940684700586e+16
8192.0,4096000.0,3136.0,64.0,3.0,12.0,40.0,16.0,2.0,1.0,2.0,5.0,2.0,5.0,3.0,3.0,1.0,6.0,1.0,5.0,2.0,3.0,4.0,2.0,1.0,5.0,3.0,3.0,5.0,6.0,5.0,3.0,8.0,128.0,1.0,2.0,512.0,1.0,1.0,1.0,1.0,32.0,2.0,1.0,6.0,3.0,3.0,6.0,1.0,4.0,5.0,5.0,4.0,5.0,6.0,2.0,6.0,3.0,1.0,1.0,4.0,5.0,16.0,1024.0,1.0,48.0,16.0,1.0,1.0,1.0,1.0,5.0,32.0,1.0,7152259726.0,33263285.0,19706800000.0,124.84988888888888,3136.0,10.0,372736.0,2.379076536599599e+17
256000.0,128000.0,3136.0,64.0,3.0,24.0,32.0,38.0,3.0,4.0,5.0,1.0,3.0,4.0,4.0,6.0,3.0,2.0,1.0,4.0,3.0,6.0,1.0,5.0,1.0,1.0,1.0,1.0,4.0,5.0,6.0,4.0,1.0,32.0,1.0,64.0,256.0,1.0,1.0,1.0,1.0,2.0,128.0,1.0,4.0,4.0,6.0,1.0,4.0,5.0,6.0,5.0,1.0,3.0,6.0,6.0,6.0,4.0,4.0,5.0,2.0,6.0,16.0,256.0,1.0,12.0,8.0,1.0,1.0,1.0,1.0,5.0,1.0,1.0,17252487194.0,40995989.0,19706800000.0,123.83844444444443,3136.0,10.0,90112.0,7.072827752278648e+17
4096.0,32000000.0,3136.0,64.0,3.0,20.0,4.0,24.0,5.0,1.0,6.0,1.0,4.0,6.0,1.0,6.0,5.0,2.0,1.0,4.0,3.0,1.0,1.0,1.0,4.0,6.0,1.0,6.0,6.0,1.0,4.0,4.0,64.0,4.0,1.0,512.0,1024.0,1.0,1.0,1.0,1.0,32.0,16.0,1.0,5.0,3.0,4.0,1.0,3.0,6.0,6.0,5.0,4.0,5.0,6.0,1.0,4.0,3.0,2.0,3.0,2.0,6.0,2048.0,32.0,1.0,128.0,64.0,1.0,1.0,1.0,1.0,80.0,20.0,1.0,1128894144.0,33787371.0,19706800000.0,125.66322222222222,3136.0,10.0,872448.0,3.814236526305542e+16
1024.0,1024000.0,3136.0,64.0,3.0,22.0,2.0,18.0,6.0,3.0,4.0,4.0,3.0,5.0,3.0,5.0,6.0,3.0,5.0,5.0,1.0,3.0,4.0,3.0,6.0,4.0,2.0,3.0,4.0,6.0,2.0,4.0,16.0,128.0,1.0,64.0,8.0,1.0,1.0,1.0,1.0,2.0,16.0,1.0,3.0,5.0,3.0,1.0,2.0,5.0,1.0,2.0,3.0,2.0,5.0,4.0,4.0,3.0,1.0,2.0,3.0,1.0,16.0,512.0,1.0,3.0,256.0,1.0,1.0,1.0,1.0,5.0,10.0,1.0,2661897200.0,33040736.0,19707000000.0,128.87766666666667,3136.0,10.0,2184192.0,8.79510426443392e+16
8192.0,4096000.0,3136.0,64.0,3.0,42.0,40.0,28.0,6.0,5.0,2.0,1.0,5.0,4.0,4.0,5.0,6.0,1.0,3.0,5.0,2.0,5.0,3.0,2.0,4.0,6.0,5.0,3.0,2.0,1.0,3.0,1.0,1024.0,2.0,1.0,2.0,2048.0,1.0,1.0,1.0,1.0,16.0,1.0,1.0,4.0,4.0,5.0,4.0,2.0,3.0,3.0,1.0,6.0,3.0,5.0,2.0,4.0,3.0,6.0,4.0,5.0,5.0,2048.0,1024.0,1.0,512.0,192.0,1.0,1.0,1.0,1.0,320.0,5.0,1.0,3836235097.0,32497063.8,19707600000.0,150.4382222222222,3136.0,10.0,8519680.0,1.246663766990082e+17
4096.0,16000000.0,3136.0,64.0,3.0,26.0,30.0,32.0,1.0,3.0,4.0,4.0,5.0,2.0,4.0,5.0,4.0,6.0,4.0,6.0,3.0,5.0,3.0,5.0,5.0,2.0,3.0,5.0,2.0,5.0,3.0,5.0,2048.0,256.0,1.0,2048.0,32.0,1.0,1.0,1.0,1.0,16.0,64.0,1.0,6.0,3.0,6.0,5.0,4.0,6.0,3.0,5.0,1.0,3.0,1.0,4.0,1.0,5.0,5.0,6.0,6.0,3.0,16.0,256.0,1.0,2.0,3.0,1.0,1.0,1.0,1.0,2.0,40.0,1.0,13833478308.0,34910166.7,19707700000.0,137.39244444444444,3136.0,10.0,8912896.0,4.82929033773114e+17
32000.0,32000.0,3136.0,64.0,3.0,8.0,42.0,46.0,1.0,2.0,4.0,1.0,6.0,2.0,2.0,2.0,6.0,1.0,5.0,4.0,2.0,4.0,3.0,5.0,3.0,6.0,5.0,5.0,3.0,5.0,4.0,6.0,16.0,512.0,1.0,32.0,8.0,1.0,1.0,1.0,1.0,2.0,32.0,1.0,4.0,5.0,5.0,3.0,3.0,1.0,5.0,4.0,6.0,6.0,5.0,6.0,3.0,5.0,6.0,3.0,2.0,6.0,4096.0,64.0,1.0,8.0,2.0,1.0,1.0,1.0,1.0,4.0,2.0,1.0,6130923644.0,44362020.0,19706800000.0,123.97544444444443,3136.0,10.0,98368.0,2.719801573136009e+17
1024000.0,16000000.0,3136.0,64.0,3.0,34.0,16.0,20.0,4.0,6.0,2.0,5.0,1.0,3.0,6.0,1.0,6.0,6.0,5.0,4.0,2.0,6.0,6.0,5.0,3.0,2.0,6.0,3.0,3.0,5.0,4.0,6.0,64.0,8.0,1.0,128.0,64.0,1.0,1.0,1.0,1.0,2.0,1.0,1.0,5.0,6.0,4.0,5.0,5.0,2.0,1.0,6.0,1.0,5.0,2.0,6.0,5.0,2.0,2.0,2.0,3.0,5.0,1024.0,16.0,1.0,12.0,24.0,1.0,1.0,1.0,1.0,40.0,16.0,1.0,1527516225.0,36369983.0,19706800000.0,125.099,3136.0,10.0,719872.0,5.555573913547418e+16
2048.0,2048000.0,3136.0,64.0,3.0,36.0,28.0,26.0,5.0,2.0,2.0,4.0,6.0,1.0,1.0,4.0,4.0,2.0,1.0,3.0,6.0,2.0,3.0,1.0,6.0,1.0,5.0,6.0,5.0,3.0,4.0,6.0,4096.0,256.0,1.0,4.0,2048.0,1.0,1.0,1.0,1.0,8.0,128.0,1.0,6.0,2.0,5.0,6.0,3.0,6.0,5.0,2.0,5.0,3.0,4.0,6.0,4.0,5.0,2.0,5.0,3.0,2.0,1024.0,512.0,1.0,3072.0,64.0,1.0,1.0,1.0,1.0,4.0,16.0,1.0,5100408913.0,32555701.8,19708700000.0,164.12988888888887,3136.0,10.0,18350080.0,1.6604739162969014e+17
512.0,128000.0,3136.0,64.0,3.0,18.0,44.0,30.0,6.0,6.0,1.0,3.0,3.0,5.0,4.0,3.0,6.0,6.0,4.0,1.0,6.0,3.0,3.0,3.0,1.0,1.0,5.0,3.0,1.0,6.0,2.0,5.0,256.0,4.0,1.0,16.0,512.0,1.0,1.0,1.0,1.0,32.0,4.0,1.0,6.0,5.0,2.0,2.0,6.0,2.0,4.0,1.0,6.0,5.0,3.0,6.0,6.0,4.0,3.0,3.0,1.0,3.0,2048.0,512.0,1.0,48.0,128.0,1.0,1.0,1.0,1.0,64.0,4.0,1.0,1921307099.0,33532517.0,19706900000.0,127.63355555555556,3136.0,10.0,1589248.0,6.4426262959438184e+16
1024000.0,64000.0,3136.0,64.0,3.0,26.0,8.0,38.0,3.0,5.0,6.0,2.0,4.0,1.0,5.0,6.0,2.0,1.0,5.0,6.0,4.0,5.0,2.0,1.0,4.0,2.0,5.0,5.0,1.0,3.0,2.0,1.0,4.0,16.0,1.0,2048.0,256.0,1.0,1.0,1.0,1.0,8.0,2.0,1.0,5.0,1.0,3.0,5.0,4.0,6.0,2.0,1.0,2.0,1.0,6.0,6.0,5.0,4.0,4.0,6.0,4.0,3.0,2.0,8.0,1.0,384.0,3072.0,1.0,1.0,1.0,1.0,8.0,1.0,1.0,3055607892.0,44387786.0,19706800000.0,124.023,3136.0,10.0,98560.0,1.356316692100071e+17
256.0,32000000.0,3136.0,64.0,3.0,22.0,34.0,20.0,2.0,5.0,1.0,6.0,6.0,3.0,6.0,3.0,2.0,1.0,5.0,1.0,2.0,4.0,6.0,4.0,2.0,3.0,2.0,1.0,5.0,3.0,3.0,6.0,512.0,4096.0,1.0,128.0,4.0,1.0,1.0,1.0,1.0,128.0,8.0,1.0,6.0,2.0,4.0,2.0,3.0,6.0,4.0,6.0,6.0,5.0,2.0,3.0,4.0,3.0,6.0,3.0,5.0,3.0,2048.0,256.0,1.0,3072.0,3072.0,1.0,1.0,1.0,1.0,80.0,64.0,1.0,1326332836.0,32513631.8,19708400000.0,157.34655555555557,3136.0,10.0,15859712.0,4.3123897473953784e+16
1024.0,16000000.0,3136.0,64.0,3.0,48.0,30.0,22.0,1.0,5.0,1.0,6.0,1.0,2.0,2.0,1.0,5.0,6.0,5.0,3.0,3.0,1.0,3.0,6.0,4.0,6.0,3.0,1.0,4.0,4.0,3.0,3.0,4.0,256.0,1.0,512.0,512.0,1.0,1.0,1.0,1.0,1.0,16.0,1.0,6.0,6.0,3.0,2.0,4.0,1.0,5.0,2.0,4.0,6.0,3.0,1.0,3.0,4.0,1.0,1.0,4.0,5.0,128.0,8.0,1.0,96.0,512.0,1.0,1.0,1.0,1.0,2.0,160.0,1.0,2962672362.0,33351707.0,19706800000.0,125.27255555555556,3136.0,10.0,540672.0,9.881018055442194e+16
4096.0,16000000.0,3136.0,64.0,3.0,14.0,2.0,2.0,1.0,2.0,6.0,2.0,3.0,4.0,5.0,3.0,5.0,4.0,2.0,6.0,3.0,5.0,6.0,1.0,4.0,2.0,5.0,2.0,1.0,3.0,1.0,5.0,1.0,4096.0,1.0,1.0,32.0,1.0,1.0,1.0,1.0,64.0,1.0,1.0,2.0,5.0,5.0,1.0,4.0,5.0,1.0,3.0,4.0,4.0,5.0,3.0,6.0,4.0,2.0,4.0,4.0,4.0,64.0,1024.0,1.0,3072.0,96.0,1.0,1.0,1.0,1.0,160.0,64.0,1.0,16508848440.0,32709847.0,19707500000.0,139.46655555555557,3136.0,10.0,7602176.0,5.400019066185887e+17
4096.0,4096000.0,3136.0,64.0,3.0,16.0,48.0,2.0,4.0,6.0,3.0,1.0,2.0,2.0,1.0,4.0,3.0,4.0,6.0,6.0,2.0,1.0,4.0,1.0,2.0,1.0,4.0,1.0,3.0,6.0,5.0,3.0,2048.0,512.0,1.0,1.0,512.0,1.0,1.0,1.0,1.0,16.0,16.0,1.0,4.0,1.0,5.0,3.0,4.0,2.0,4.0,6.0,3.0,4.0,3.0,4.0,5.0,1.0,1.0,1.0,1.0,4.0,2048.0,32.0,1.0,4.0,1536.0,1.0,1.0,1.0,1.0,2.0,10.0,1.0,256692284.0,36917930.7,19708100000.0,154.67366666666666,3136.0,10.0,12695552.0,9476547951936720.0
2048.0,256000.0,3136.0,64.0,3.0,8.0,40.0,8.0,2.0,2.0,5.0,1.0,5.0,1.0,2.0,2.0,3.0,6.0,2.0,6.0,3.0,3.0,5.0,1.0,2.0,2.0,6.0,1.0,2.0,6.0,3.0,3.0,256.0,64.0,1.0,128.0,8.0,1.0,1.0,1.0,1.0,1.0,16.0,1.0,3.0,3.0,5.0,1.0,3.0,4.0,6.0,2.0,6.0,3.0,4.0,3.0,1.0,1.0,3.0,6.0,6.0,6.0,32.0,16.0,1.0,4.0,24.0,1.0,1.0,1.0,1.0,5.0,1.0,1.0,6774857781.0,40083781.0,19706800000.0,123.80644444444444,3136.0,10.0,77824.0,2.7156191559974995e+17
64000.0,512000.0,3136.0,64.0,3.0,30.0,18.0,46.0,2.0,1.0,3.0,6.0,6.0,5.0,6.0,1.0,2.0,4.0,6.0,4.0,3.0,1.0,5.0,2.0,2.0,3.0,2.0,1.0,6.0,6.0,5.0,4.0,256.0,8.0,1.0,1024.0,1024.0,1.0,1.0,1.0,1.0,16.0,128.0,1.0,2.0,4.0,6.0,3.0,1.0,1.0,5.0,5.0,4.0,1.0,5.0,2.0,6.0,2.0,1.0,3.0,2.0,4.0,256.0,4.0,1.0,128.0,96.0,1.0,1.0,1.0,1.0,320.0,16.0,1.0,24432577333.0,33524032.6,19706800000.0,125.58588888888889,3136.0,10.0,851968.0,8.190785190135131e+17
128000.0,1024000.0,3136.0,64.0,3.0,34.0,30.0,12.0,2.0,1.0,2.0,5.0,2.0,5.0,5.0,5.0,5.0,2.0,4.0,3.0,3.0,5.0,2.0,5.0,5.0,2.0,5.0,6.0,6.0,4.0,2.0,3.0,32.0,1024.0,1.0,32.0,2.0,1.0,1.0,1.0,1.0,4.0,8.0,1.0,5.0,1.0,6.0,6.0,2.0,1.0,5.0,1.0,2.0,1.0,1.0,5.0,1.0,5.0,2.0,5.0,2.0,4.0,16.0,1.0,1.0,128.0,4.0,1.0,1.0,1.0,1.0,80.0,5.0,1.0,5823824015.0,38179177.0,19706800000.0,124.17544444444444,3136.0,10.0,200704.0,2.2234880788553565e+17
16000.0,128000.0,3136.0,64.0,3.0,40.0,48.0,28.0,5.0,3.0,4.0,5.0,1.0,2.0,1.0,3.0,1.0,2.0,1.0,1.0,6.0,5.0,1.0,3.0,6.0,4.0,3.0,6.0,6.0,4.0,2.0,5.0,4.0,2048.0,1.0,64.0,512.0,1.0,1.0,1.0,1.0,8.0,4.0,1.0,6.0,4.0,5.0,4.0,6.0,2.0,5.0,1.0,4.0,5.0,6.0,1.0,5.0,2.0,4.0,4.0,2.0,5.0,1024.0,1.0,1.0,768.0,1024.0,1.0,1.0,1.0,1.0,160.0,80.0,1.0,512097018.0,32571243.4,19707300000.0,140.1507777777778,3136.0,10.0,5177344.0,1.667963661769218e+16
2048.0,8192000.0,3136.0,64.0,3.0,2.0,24.0,40.0,3.0,5.0,2.0,6.0,2.0,6.0,5.0,1.0,6.0,2.0,6.0,3.0,2.0,2.0,5.0,1.0,1.0,6.0,1.0,5.0,1.0,6.0,3.0,4.0,256.0,4.0,1.0,2048.0,8.0,1.0,1.0,1.0,1.0,128.0,2.0,1.0,5.0,3.0,6.0,2.0,6.0,6.0,4.0,5.0,3.0,1.0,3.0,5.0,6.0,2.0,1.0,2.0,2.0,1.0,4.0,64.0,1.0,256.0,32.0,1.0,1.0,1.0,1.0,160.0,8.0,1.0,928387652.0,33870552.6,19706900000.0,126.651,3136.0,10.0,1638400.0,3.1445002800256496e+16
1024000.0,512000.0,3136.0,64.0,3.0,2.0,22.0,6.0,1.0,3.0,4.0,3.0,3.0,4.0,6.0,3.0,6.0,6.0,5.0,4.0,4.0,6.0,6.0,2.0,6.0,2.0,5.0,4.0,6.0,2.0,5.0,3.0,64.0,4096.0,1.0,2048.0,2048.0,1.0,1.0,1.0,1.0,128.0,1.0,1.0,2.0,4.0,1.0,2.0,3.0,3.0,4.0,4.0,2.0,1.0,5.0,3.0,3.0,6.0,3.0,5.0,3.0,5.0,2048.0,4.0,1.0,16.0,1024.0,1.0,1.0,1.0,1.0,16.0,8.0,1.0,4531453108.0,32572291.8,19708700000.0,160.04766666666666,3136.0,10.0,18350080.0,1.4759981291179293e+17
16000.0,32000.0,3136.0,64.0,3.0,24.0,20.0,4.0,4.0,6.0,6.0,3.0,4.0,1.0,1.0,6.0,1.0,6.0,5.0,1.0,2.0,2.0,6.0,4.0,6.0,1.0,1.0,3.0,4.0,1.0,1.0,3.0,64.0,32.0,1.0,32.0,256.0,1.0,1.0,1.0,1.0,2.0,1.0,1.0,3.0,3.0,5.0,5.0,4.0,2.0,6.0,1.0,4.0,3.0,5.0,1.0,5.0,5.0,5.0,2.0,3.0,1.0,512.0,2.0,1.0,1024.0,512.0,1.0,1.0,1.0,1.0,16.0,20.0,1.0,3558410991.0,46852720.0,19706900000.0,125.86322222222222,3136.0,10.0,1110016.0,1.667212338062455e+17
512000.0,4096000.0,3136.0,64.0,3.0,28.0,2.0,8.0,6.0,3.0,6.0,6.0,5.0,5.0,3.0,5.0,1.0,6.0,1.0,3.0,2.0,2.0,6.0,6.0,2.0,2.0,1.0,2.0,4.0,5.0,5.0,4.0,512.0,4096.0,1.0,32.0,256.0,1.0,1.0,1.0,1.0,4.0,128.0,1.0,5.0,2.0,4.0,3.0,5.0,3.0,3.0,2.0,3.0,3.0,4.0,6.0,3.0,2.0,2.0,3.0,3.0,3.0,1024.0,64.0,1.0,1536.0,512.0,1.0,1.0,1.0,1.0,160.0,40.0,1.0,9328214992.0,32636951.8,19708200000.0,156.17866666666666,3136.0,10.0,14385152.0,3.044445030739414e+17
128000.0,4096000.0,3136.0,64.0,3.0,24.0,28.0,34.0,4.0,2.0,2.0,4.0,5.0,2.0,4.0,5.0,5.0,2.0,5.0,2.0,4.0,5.0,5.0,6.0,4.0,2.0,6.0,4.0,6.0,2.0,2.0,4.0,256.0,4.0,1.0,2.0,2.0,1.0,1.0,1.0,1.0,4.0,8.0,1.0,2.0,6.0,3.0,4.0,4.0,5.0,6.0,5.0,4.0,2.0,6.0,6.0,4.0,1.0,5.0,5.0,6.0,2.0,128.0,32.0,1.0,24.0,64.0,1.0,1.0,1.0,1.0,20.0,80.0,1.0,611749922.0,45426620.0,19706700000.0,123.78155555555556,3136.0,10.0,47104.0,2.778973124172364e+16
512000.0,32000000.0,3136.0,64.0,3.0,8.0,36.0,30.0,2.0,3.0,5.0,1.0,4.0,5.0,4.0,2.0,6.0,2.0,2.0,4.0,2.0,5.0,2.0,4.0,6.0,3.0,1.0,5.0,5.0,2.0,6.0,5.0,32.0,128.0,1.0,4.0,1024.0,1.0,1.0,1.0,1.0,16.0,128.0,1.0,4.0,1.0,4.0,5.0,4.0,3.0,4.0,6.0,1.0,5.0,4.0,4.0,3.0,2.0,4.0,3.0,1.0,6.0,8.0,1.0,1.0,96.0,384.0,1.0,1.0,1.0,1.0,20.0,32.0,1.0,1928012234.0,45980455.0,19706800000.0,124.59722222222221,3136.0,10.0,557056.0,8.865087976488646e+16
8192.0,16000.0,3136.0,64.0,3.0,40.0,14.0,6.0,2.0,2.0,6.0,3.0,5.0,5.0,5.0,5.0,3.0,5.0,4.0,4.0,3.0,3.0,6.0,4.0,1.0,6.0,1.0,5.0,2.0,5.0,2.0,5.0,1024.0,32.0,1.0,4.0,32.0,1.0,1.0,1.0,1.0,8.0,2.0,1.0,1.0,5.0,6.0,1.0,1.0,2.0,4.0,5.0,1.0,3.0,2.0,1.0,3.0,5.0,5.0,5.0,5.0,6.0,2.0,256.0,1.0,96.0,32.0,1.0,1.0,1.0,1.0,64.0,16.0,1.0,9364599422.0,34320431.0,19706800000.0,123.99022222222222,3136.0,10.0,94208.0,3.213970883053909e+17
256.0,256000.0,3136.0,64.0,3.0,24.0,16.0,10.0,1.0,4.0,6.0,3.0,1.0,6.0,6.0,3.0,2.0,2.0,4.0,6.0,4.0,6.0,5.0,1.0,6.0,5.0,1.0,1.0,2.0,5.0,5.0,6.0,4.0,4096.0,1.0,4.0,512.0,1.0,1.0,1.0,1.0,1.0,4.0,1.0,6.0,1.0,2.0,2.0,1.0,5.0,2.0,2.0,3.0,2.0,1.0,3.0,1.0,4.0,4.0,3.0,6.0,4.0,1.0,4096.0,1.0,1.0,24.0,1.0,1.0,1.0,1.0,1.0,64.0,1.0,31406955335.0,33666993.7,19707200000.0,131.55877777777778,3136.0,10.0,4231168.0,1.0573777673996265e+18
128.0,128000.0,3136.0,64.0,3.0,28.0,24.0,14.0,1.0,5.0,6.0,5.0,3.0,1.0,2.0,1.0,6.0,1.0,3.0,3.0,1.0,5.0,1.0,6.0,5.0,1.0,3.0,5.0,2.0,6.0,4.0,2.0,256.0,256.0,1.0,16.0,4.0,1.0,1.0,1.0,1.0,64.0,32.0,1.0,1.0,3.0,2.0,6.0,4.0,3.0,6.0,2.0,5.0,6.0,5.0,6.0,6.0,5.0,5.0,5.0,2.0,1.0,4096.0,128.0,1.0,512.0,256.0,1.0,1.0,1.0,1.0,40.0,320.0,1.0,1140962825.0,33181384.0,19707500000.0,137.44088888888888,3136.0,10.0,7143424.0,3.78587256260498e+16
1024000.0,8192000.0,3136.0,64.0,3.0,36.0,2.0,48.0,2.0,3.0,4.0,5.0,5.0,1.0,4.0,1.0,6.0,5.0,1.0,1.0,1.0,3.0,5.0,1.0,6.0,6.0,6.0,5.0,5.0,5.0,4.0,5.0,64.0,64.0,1.0,1.0,32.0,1.0,1.0,1.0,1.0,1.0,1.0,1.0,2.0,4.0,5.0,1.0,2.0,2.0,5.0,1.0,4.0,5.0,1.0,6.0,6.0,1.0,1.0,1.0,5.0,2.0,1024.0,4.0,1.0,32.0,256.0,1.0,1.0,1.0,1.0,80.0,10.0,1.0,5172397225.0,33175498.0,19706900000.0,126.28333333333333,3136.0,10.0,1343488.0,1.7159685379319306e+17
16000.0,2048000.0,3136.0,64.0,3.0,42.0,18.0,30.0,3.0,2.0,5.0,2.0,4.0,4.0,2.0,4.0,5.0,4.0,6.0,1.0,6.0,4.0,4.0,3.0,4.0,2.0,1.0,5.0,5.0,2.0,5.0,6.0,128.0,256.0,1.0,8.0,16.0,1.0,1.0,1.0,1.0,16.0,4.0,1.0,2.0,2.0,1.0,1.0,4.0,6.0,2.0,4.0,1.0,1.0,1.0,6.0,3.0,1.0,2.0,5.0,2.0,4.0,64.0,32.0,1.0,512.0,32.0,1.0,1.0,1.0,1.0,64.0,40.0,1.0,1796900296.0,36266470.0,19706800000.0,123.976,3136.0,10.0,139264.0,6.516723067787512e+16
128000.0,64000.0,3136.0,64.0,3.0,46.0,44.0,6.0,5.0,6.0,2.0,4.0,1.0,2.0,6.0,1.0,1.0,3.0,2.0,6.0,6.0,3.0,3.0,2.0,1.0,6.0,4.0,6.0,6.0,4.0,2.0,5.0,1024.0,2048.0,1.0,4.0,4.0,1.0,1.0,1.0,1.0,16.0,128.0,1.0,5.0,6.0,3.0,4.0,6.0,5.0,5.0,2.0,3.0,3.0,1.0,5.0,5.0,2.0,5.0,3.0,5.0,5.0,4.0,128.0,1.0,48.0,1536.0,1.0,1.0,1.0,1.0,40.0,160.0,1.0,548726858.0,32559581.8,19707300000.0,135.43866666666665,3136.0,10.0,5267456.0,1.7866317018907984e+16
128.0,256000.0,3136.0,64.0,3.0,36.0,46.0,2.0,2.0,1.0,3.0,5.0,4.0,4.0,6.0,2.0,2.0,2.0,3.0,3.0,1.0,2.0,3.0,2.0,2.0,1.0,1.0,2.0,1.0,6.0,2.0,2.0,8.0,16.0,1.0,1.0,128.0,1.0,1.0,1.0,1.0,16.0,1.0,1.0,4.0,5.0,3.0,6.0,4.0,2.0,4.0,4.0,4.0,3.0,3.0,6.0,6.0,1.0,1.0,2.0,6.0,5.0,4096.0,2048.0,1.0,2.0,384.0,1.0,1.0,1.0,1.0,40.0,4.0,1.0,3087182496.0,33635866.0,19707400000.0,135.2711111111111,3136.0,10.0,6012928.0,1.0384005675300154e+17
2048.0,32000.0,3136.0,64.0,3.0,22.0,10.0,28.0,4.0,3.0,3.0,4.0,2.0,2.0,1.0,2.0,2.0,3.0,4.0,3.0,3.0,1.0,4.0,2.0,1.0,5.0,5.0,6.0,1.0,6.0,6.0,2.0,8.0,4096.0,1.0,4.0,128.0,1.0,1.0,1.0,1.0,32.0,128.0,1.0,1.0,6.0,5.0,2.0,2.0,1.0,1.0,2.0,4.0,5.0,3.0,2.0,4.0,1.0,6.0,4.0,3.0,1.0,4.0,1024.0,1.0,1.0,512.0,1.0,1.0,1.0,1.0,1.0,4.0,1.0,609164294.0,32536391.8,19707200000.0,135.05877777777778,3136.0,10.0,4231168.0,1.9820008140154388e+16
8192.0,16000.0,3136.0,64.0,3.0,36.0,16.0,24.0,2.0,2.0,3.0,4.0,6.0,3.0,4.0,6.0,4.0,1.0,4.0,5.0,2.0,1.0,3.0,6.0,3.0,3.0,6.0,3.0,5.0,5.0,6.0,4.0,16.0,64.0,1.0,128.0,64.0,1.0,1.0,1.0,1.0,32.0,64.0,1.0,4.0,3.0,2.0,1.0,6.0,3.0,1.0,4.0,5.0,4.0,5.0,4.0,6.0,1.0,1.0,6.0,4.0,2.0,32.0,32.0,1.0,48.0,8.0,1.0,1.0,1.0,1.0,8.0,80.0,1.0,5311733786.0,37014050.0,19706700000.0,123.77666666666667,3136.0,10.0,40960.0,1.966087799416933e+17
512.0,2048000.0,3136.0,64.0,3.0,6.0,4.0,32.0,2.0,1.0,6.0,4.0,3.0,5.0,3.0,1.0,2.0,2.0,3.0,4.0,5.0,5.0,1.0,3.0,3.0,3.0,6.0,3.0,6.0,1.0,4.0,2.0,4096.0,32.0,1.0,2048.0,2.0,1.0,1.0,1.0,1.0,8.0,4.0,1.0,5.0,1.0,6.0,2.0,4.0,1.0,4.0,5.0,6.0,5.0,4.0,5.0,5.0,2.0,5.0,3.0,4.0,1.0,4096.0,512.0,1.0,96.0,1.0,1.0,1.0,1.0,1.0,320.0,16.0,1.0,4683314872.0,32492581.8,19708500000.0,156.20844444444444,3136.0,10.0,16875520.0,1.5217299157361654e+17
512.0,4096000.0,3136.0,64.0,3.0,14.0,10.0,14.0,3.0,5.0,2.0,6.0,2.0,3.0,1.0,1.0,2.0,3.0,3.0,6.0,6.0,6.0,4.0,3.0,5.0,5.0,2.0,1.0,3.0,3.0,4.0,6.0,4096.0,256.0,1.0,64.0,128.0,1.0,1.0,1.0,1.0,1.0,16.0,1.0,5.0,4.0,2.0,6.0,1.0,1.0,5.0,3.0,6.0,6.0,4.0,4.0,6.0,5.0,3.0,5.0,4.0,1.0,256.0,8.0,1.0,6.0,192.0,1.0,1.0,1.0,1.0,8.0,320.0,1.0,2791583182.0,32808181.8,19707000000.0,127.68711111111111,3136.0,10.0,2129920.0,9.15867685448785e+16
2048.0,32000000.0,3136.0,64.0,3.0,26.0,2.0,32.0,5.0,2.0,3.0,3.0,5.0,4.0,6.0,5.0,1.0,1.0,2.0,3.0,6.0,2.0,6.0,6.0,2.0,1.0,1.0,1.0,6.0,3.0,4.0,5.0,256.0,512.0,1.0,2048.0,2.0,1.0,1.0,1.0,1.0,64.0,4.0,1.0,4.0,1.0,6.0,2.0,5.0,3.0,2.0,1.0,3.0,6.0,4.0,3.0,3.0,1.0,4.0,6.0,2.0,1.0,16.0,16.0,1.0,3072.0,4.0,1.0,1.0,1.0,1.0,8.0,16.0,1.0,1009929360.0,32597781.8,19708600000.0,160.083,3136.0,10.0,17563648.0,3.292145691069365e+16
2048000.0,64000.0,3136.0,64.0,3.0,12.0,34.0,32.0,6.0,6.0,4.0,1.0,5.0,6.0,3.0,1.0,5.0,4.0,6.0,5.0,2.0,1.0,5.0,5.0,5.0,5.0,6.0,2.0,2.0,3.0,4.0,3.0,4096.0,4.0,1.0,1.0,1024.0,1.0,1.0,1.0,1.0,4.0,2.0,1.0,5.0,6.0,1.0,6.0,6.0,4.0,6.0,1.0,4.0,1.0,5.0,6.0,5.0,6.0,4.0,3.0,2.0,1.0,2.0,16.0,1.0,96.0,128.0,1.0,1.0,1.0,1.0,1.0,8.0,1.0,7716304390.0,49456171.0,19707600000.0,136.62888888888887,3136.0,10.0,8429568.0,3.816188693998907e+17
2048.0,32000.0,3136.0,64.0,3.0,12.0,4.0,16.0,1.0,1.0,6.0,3.0,4.0,6.0,2.0,3.0,5.0,2.0,6.0,6.0,2.0,1.0,6.0,1.0,6.0,1.0,3.0,2.0,5.0,1.0,1.0,1.0,8.0,1.0,1.0,128.0,32.0,1.0,1.0,1.0,1.0,128.0,2.0,1.0,2.0,6.0,2.0,4.0,5.0,5.0,5.0,1.0,1.0,5.0,2.0,4.0,2.0,4.0,4.0,3.0,1.0,5.0,4096.0,4.0,1.0,128.0,768.0,1.0,1.0,1.0,1.0,160.0,2.0,1.0,24514435037.0,34977708.0,19707600000.0,138.78166666666667,3136.0,10.0,7847936.0,8.574587505091552e+17
1024.0,1024000.0,3136.0,64.0,3.0,4.0,48.0,4.0,2.0,6.0,4.0,2.0,4.0,6.0,4.0,4.0,4.0,6.0,2.0,6.0,1.0,4.0,3.0,3.0,5.0,5.0,2.0,3.0,6.0,3.0,1.0,4.0,1024.0,512.0,1.0,64.0,256.0,1.0,1.0,1.0,1.0,4.0,2.0,1.0,1.0,3.0,6.0,4.0,5.0,5.0,2.0,6.0,6.0,2.0,5.0,6.0,5.0,5.0,3.0,6.0,2.0,1.0,2.0,64.0,1.0,3072.0,96.0,1.0,1.0,1.0,1.0,4.0,80.0,1.0,1703902361.0,39386720.0,19706800000.0,126.21811111111111,3136.0,10.0,894976.0,6.711112520004592e+16
128.0,16000000.0,3136.0,64.0,3.0,8.0,36.0,20.0,1.0,2.0,6.0,6.0,6.0,5.0,3.0,4.0,4.0,6.0,3.0,5.0,6.0,5.0,4.0,6.0,1.0,4.0,3.0,1.0,5.0,2.0,5.0,3.0,1.0,2048.0,1.0,8.0,512.0,1.0,1.0,1.0,1.0,8.0,4.0,1.0,6.0,2.0,5.0,5.0,2.0,3.0,5.0,6.0,6.0,5.0,6.0,4.0,4.0,2.0,5.0,2.0,6.0,3.0,32.0,4.0,1.0,128.0,64.0,1.0,1.0,1.0,1.0,5.0,1.0,1.0,26489063258.0,54671763.0,19707000000.0,126.98055555555557,3136.0,10.0,2138112.0,1.448203788533384e+18
256.0,16000.0,3136.0,64.0,3.0,28.0,28.0,32.0,6.0,5.0,4.0,3.0,5.0,4.0,4.0,1.0,3.0,2.0,3.0,3.0,3.0,4.0,5.0,3.0,6.0,5.0,5.0,1.0,1.0,4.0,5.0,4.0,128.0,128.0,1.0,2.0,2.0,1.0,1.0,1.0,1.0,2.0,2.0,1.0,2.0,6.0,2.0,5.0,3.0,1.0,3.0,5.0,5.0,4.0,1.0,2.0,2.0,1.0,4.0,6.0,6.0,5.0,4096.0,4096.0,1.0,6.0,96.0,1.0,1.0,1.0,1.0,32.0,160.0,1.0,2740510415.0,42859110.0,19707000000.0,127.76622222222223,3136.0,10.0,2127872.0,1.1745583733263066e+17
16000.0,128000.0,3136.0,64.0,3.0,38.0,14.0,30.0,6.0,2.0,6.0,5.0,5.0,2.0,4.0,2.0,6.0,4.0,1.0,2.0,4.0,1.0,3.0,2.0,6.0,1.0,2.0,3.0,6.0,6.0,1.0,3.0,64.0,64.0,1.0,128.0,4.0,1.0,1.0,1.0,1.0,2.0,8.0,1.0,1.0,3.0,4.0,3.0,5.0,4.0,1.0,3.0,2.0,3.0,6.0,4.0,5.0,5.0,5.0,3.0,2.0,5.0,1.0,1024.0,1.0,128.0,8.0,1.0,1.0,1.0,1.0,320.0,80.0,1.0,5713441850.0,34665835.0,19707100000.0,131.06433333333334,3136.0,10.0,3751936.0,1.9806123245419475e+17
1024.0,4096000.0,3136.0,64.0,3.0,24.0,8.0,12.0,5.0,1.0,2.0,1.0,5.0,3.0,3.0,4.0,1.0,6.0,3.0,1.0,4.0,1.0,6.0,4.0,3.0,3.0,4.0,6.0,5.0,6.0,2.0,3.0,4096.0,128.0,1.0,512.0,1.0,1.0,1.0,1.0,1.0,64.0,128.0,1.0,3.0,5.0,3.0,3.0,5.0,4.0,2.0,4.0,2.0,4.0,3.0,4.0,4.0,2.0,5.0,5.0,2.0,1.0,4.0,8.0,1.0,2.0,256.0,1.0,1.0,1.0,1.0,1.0,16.0,1.0,4963981491.0,33137981.8,19707300000.0,132.20577777777777,3136.0,10.0,5373952.0,1.6449632830429488e+17
2048.0,256000.0,3136.0,64.0,3.0,42.0,30.0,26.0,6.0,3.0,6.0,1.0,4.0,6.0,1.0,6.0,6.0,5.0,5.0,1.0,1.0,6.0,5.0,1.0,6.0,1.0,2.0,3.0,1.0,6.0,3.0,3.0,512.0,1.0,1.0,16.0,512.0,1.0,1.0,1.0,1.0,64.0,64.0,1.0,4.0,1.0,3.0,4.0,6.0,6.0,4.0,5.0,6.0,1.0,6.0,3.0,1.0,3.0,2.0,2.0,1.0,3.0,16.0,4096.0,1.0,1024.0,1024.0,1.0,1.0,1.0,1.0,16.0,80.0,1.0,21207535542.0,33174876.0,19707700000.0,145.04955555555557,3136.0,10.0,9207808.0,7.035573618714428e+17
256.0,4096000.0,3136.0,64.0,3.0,22.0,38.0,10.0,5.0,6.0,1.0,3.0,6.0,5.0,3.0,5.0,3.0,6.0,1.0,5.0,6.0,5.0,4.0,2.0,5.0,3.0,4.0,1.0,4.0,2.0,4.0,3.0,512.0,512.0,1.0,2.0,64.0,1.0,1.0,1.0,1.0,1.0,1.0,1.0,3.0,6.0,2.0,4.0,5.0,4.0,2.0,6.0,3.0,3.0,3.0,5.0,2.0,1.0,2.0,5.0,4.0,2.0,8.0,32.0,1.0,8.0,3072.0,1.0,1.0,1.0,1.0,160.0,4.0,1.0,425616849.0,45574380.0,19706900000.0,126.06755555555556,3136.0,10.0,1189888.0,1.939722401072862e+16
256.0,32000.0,3136.0,64.0,3.0,48.0,6.0,18.0,2.0,1.0,2.0,2.0,2.0,3.0,3.0,4.0,4.0,4.0,5.0,6.0,4.0,1.0,6.0,6.0,3.0,6.0,3.0,5.0,1.0,1.0,6.0,6.0,512.0,32.0,1.0,16.0,256.0,1.0,1.0,1.0,1.0,32.0,32.0,1.0,1.0,3.0,2.0,3.0,2.0,2.0,3.0,6.0,5.0,5.0,5.0,2.0,6.0,5.0,3.0,1.0,2.0,5.0,1024.0,256.0,1.0,1536.0,256.0,1.0,1.0,1.0,1.0,40.0,2.0,1.0,5838591759.0,34609557.0,19707100000.0,130.58255555555556,3136.0,10.0,3350528.0,2.0207107428284077e+17
2048.0,128000.0,3136.0,64.0,3.0,2.0,18.0,12.0,6.0,2.0,2.0,1.0,4.0,6.0,1.0,4.0,3.0,4.0,3.0,1.0,4.0,4.0,2.0,5.0,5.0,5.0,1.0,5.0,2.0,2.0,5.0,3.0,128.0,256.0,1.0,8.0,64.0,1.0,1.0,1.0,1.0,1.0,128.0,1.0,5.0,5.0,3.0,3.0,3.0,2.0,6.0,3.0,5.0,4.0,1.0,2.0,3.0,3.0,4.0,6.0,5.0,2.0,256.0,16.0,1.0,4.0,3072.0,1.0,1.0,1.0,1.0,160.0,32.0,1.0,697765034.0,32556049.8,19709300000.0,172.10633333333334,3136.0,10.0,24150016.0,2.2716473195602692e+16
64000.0,128000.0,3136.0,64.0,3.0,32.0,36.0,38.0,6.0,2.0,2.0,5.0,3.0,6.0,3.0,4.0,2.0,1.0,2.0,5.0,1.0,4.0,1.0,6.0,1.0,5.0,1.0,2.0,6.0,5.0,2.0,3.0,2.0,4096.0,1.0,256.0,512.0,1.0,1.0,1.0,1.0,4.0,16.0,1.0,1.0,2.0,6.0,6.0,1.0,5.0,4.0,6.0,1.0,1.0,1.0,1.0,2.0,5.0,1.0,5.0,2.0,6.0,16.0,64.0,1.0,1536.0,3072.0,1.0,1.0,1.0,1.0,10.0,5.0,1.0,6176239038.0,41841752.6,19707200000.0,131.97033333333334,3136.0,10.0,4341760.0,2.5842466582645802e+17
2048000.0,2048000.0,3136.0,64.0,3.0,24.0,40.0,4.0,4.0,3.0,4.0,6.0,4.0,2.0,4.0,1.0,4.0,4.0,3.0,3.0,3.0,2.0,5.0,6.0,2.0,1.0,1.0,5.0,3.0,1.0,6.0,2.0,2048.0,1024.0,1.0,16.0,2.0,1.0,1.0,1.0,1.0,32.0,32.0,1.0,4.0,4.0,5.0,3.0,4.0,1.0,3.0,2.0,3.0,2.0,3.0,4.0,6.0,6.0,3.0,3.0,5.0,5.0,1.0,4.0,1.0,1024.0,192.0,1.0,1.0,1.0,1.0,10.0,16.0,1.0,1040618886.0,54021233.3,19706800000.0,125.80755555555557,3136.0,10.0,633216.0,5.6215515616992104e+16
128000.0,16000.0,3136.0,64.0,3.0,22.0,30.0,40.0,4.0,5.0,4.0,2.0,1.0,1.0,1.0,6.0,1.0,5.0,3.0,4.0,3.0,6.0,2.0,1.0,3.0,3.0,5.0,5.0,2.0,4.0,2.0,6.0,16.0,128.0,1.0,64.0,32.0,1.0,1.0,1.0,1.0,8.0,2.0,1.0,5.0,5.0,6.0,6.0,5.0,2.0,4.0,5.0,3.0,4.0,5.0,3.0,2.0,3.0,3.0,3.0,5.0,6.0,2048.0,2048.0,1.0,12.0,256.0,1.0,1.0,1.0,1.0,80.0,1.0,1.0,1546734747.0,35858173.0,19707000000.0,129.09566666666666,3136.0,10.0,2793472.0,5.546308214303723e+16
2048000.0,64000.0,3136.0,64.0,3.0,10.0,42.0,22.0,6.0,1.0,4.0,6.0,4.0,3.0,5.0,3.0,2.0,5.0,6.0,2.0,3.0,6.0,2.0,5.0,4.0,4.0,3.0,4.0,1.0,6.0,2.0,6.0,512.0,32.0,1.0,512.0,1024.0,1.0,1.0,1.0,1.0,1.0,128.0,1.0,2.0,3.0,2.0,6.0,4.0,2.0,3.0,1.0,3.0,6.0,4.0,3.0,6.0,3.0,3.0,1.0,1.0,1.0,16.0,8.0,1.0,128.0,96.0,1.0,1.0,1.0,1.0,40.0,2.0,1.0,8380666867.0,36993735.9,19707100000.0,129.562,3136.0,10.0,3801088.0,3.100321767436784e+17
1024000.0,16000000.0,3136.0,64.0,3.0,26.0,6.0,40.0,4.0,6.0,1.0,1.0,5.0,5.0,4.0,5.0,3.0,4.0,5.0,3.0,4.0,3.0,4.0,1.0,3.0,2.0,4.0,4.0,4.0,6.0,3.0,2.0,64.0,256.0,1.0,1024.0,512.0,1.0,1.0,1.0,1.0,64.0,128.0,1.0,4.0,5.0,2.0,5.0,2.0,2.0,4.0,6.0,3.0,4.0,1.0,6.0,2.0,3.0,4.0,3.0,2.0,1.0,16.0,8.0,1.0,512.0,1024.0,1.0,1.0,1.0,1.0,32.0,5.0,1.0,12214470426.0,40582586.5,19706800000.0,125.17977777777779,3136.0,10.0,851968.0,4.9569480261483686e+17
128.0,2048000.0,3136.0,64.0,3.0,2.0,24.0,20.0,1.0,5.0,5.0,5.0,4.0,6.0,4.0,5.0,6.0,5.0,1.0,2.0,1.0,5.0,5.0,6.0,1.0,5.0,3.0,2.0,1.0,1.0,5.0,5.0,64.0,2.0,1.0,2.0,16.0,1.0,1.0,1.0,1.0,32.0,128.0,1.0,3.0,5.0,2.0,5.0,6.0,1.0,5.0,2.0,4.0,6.0,3.0,5.0,1.0,5.0,6.0,5.0,5.0,6.0,128.0,4096.0,1.0,12.0,768.0,1.0,1.0,1.0,1.0,16.0,320.0,1.0,1484862166.0,33998860.0,19707700000.0,141.74266666666665,3136.0,10.0,9404416.0,5.048362090113076e+16
2048000.0,64000.0,3136.0,64.0,3.0,42.0,28.0,26.0,2.0,1.0,4.0,3.0,1.0,3.0,4.0,6.0,3.0,4.0,4.0,2.0,2.0,6.0,1.0,5.0,4.0,3.0,6.0,1.0,5.0,3.0,3.0,3.0,128.0,256.0,1.0,16.0,1024.0,1.0,1.0,1.0,1.0,4.0,2.0,1.0,1.0,4.0,2.0,6.0,2.0,3.0,5.0,5.0,1.0,6.0,6.0,4.0,3.0,1.0,1.0,2.0,3.0,6.0,16.0,256.0,1.0,3.0,1536.0,1.0,1.0,1.0,1.0,320.0,10.0,1.0,8364496104.0,32913442.3,19706900000.0,128.20811111111112,3136.0,10.0,1933312.0,2.753043598875788e+17
2048.0,32000.0,3136.0,64.0,3.0,44.0,46.0,6.0,3.0,1.0,2.0,1.0,1.0,6.0,2.0,1.0,2.0,2.0,6.0,4.0,2.0,3.0,4.0,3.0,5.0,4.0,3.0,4.0,3.0,3.0,1.0,5.0,32.0,4.0,1.0,256.0,128.0,1.0,1.0,1.0,1.0,1.0,8.0,1.0,5.0,5.0,1.0,1.0,5.0,3.0,3.0,5.0,5.0,3.0,2.0,6.0,3.0,6.0,5.0,3.0,5.0,5.0,2.0,4.0,1.0,4.0,1.0,1.0,1.0,1.0,1.0,20.0,20.0,1.0,10918428689.0,78267526.0,19706700000.0,123.716,3136.0,10.0,20992.0,8.545584012954534e+17
128000.0,2048000.0,3136.0,64.0,3.0,18.0,2.0,12.0,1.0,3.0,5.0,3.0,3.0,2.0,1.0,5.0,3.0,3.0,6.0,1.0,1.0,3.0,6.0,2.0,2.0,5.0,5.0,4.0,6.0,5.0,6.0,1.0,128.0,8.0,1.0,1.0,4.0,1.0,1.0,1.0,1.0,1.0,64.0,1.0,6.0,4.0,3.0,2.0,4.0,5.0,3.0,3.0,2.0,1.0,1.0,2.0,1.0,3.0,6.0,6.0,4.0,5.0,8.0,256.0,1.0,1.0,768.0,1.0,1.0,1.0,1.0,80.0,16.0,1.0,3618768490.0,38089580.0,19706800000.0,124.77833333333332,3136.0,10.0,557056.0,1.378373719013342e+17
512.0,16000.0,3136.0,64.0,3.0,26.0,22.0,34.0,5.0,6.0,2.0,4.0,4.0,6.0,3.0,6.0,3.0,6.0,2.0,2.0,3.0,5.0,1.0,4.0,2.0,1.0,6.0,5.0,5.0,1.0,3.0,1.0,1.0,16.0,1.0,16.0,1024.0,1.0,1.0,1.0,1.0,16.0,1.0,1.0,3.0,5.0,2.0,3.0,4.0,5.0,3.0,2.0,4.0,4.0,4.0,6.0,3.0,2.0,3.0,1.0,6.0,4.0,2.0,16.0,1.0,3.0,384.0,1.0,1.0,1.0,1.0,4.0,20.0,1.0,718979111.0,40314027.0,19706700000.0,123.83877777777778,3136.0,10.0,66048.0,2.8984943293289996e+16
128.0,8192000.0,3136.0,64.0,3.0,46.0,20.0,34.0,2.0,3.0,5.0,6.0,3.0,1.0,3.0,1.0,1.0,3.0,3.0,5.0,6.0,2.0,1.0,2.0,6.0,6.0,5.0,4.0,6.0,1.0,1.0,1.0,128.0,128.0,1.0,256.0,16.0,1.0,1.0,1.0,1.0,64.0,2.0,1.0,5.0,2.0,4.0,1.0,5.0,3.0,2.0,6.0,6.0,2.0,1.0,5.0,6.0,6.0,4.0,1.0,6.0,1.0,1.0,64.0,1.0,1536.0,64.0,1.0,1.0,1.0,1.0,2.0,2.0,1.0,556994784.0,33981739.0,19706800000.0,124.36022222222222,3136.0,10.0,222208.0,1.8927651374249376e+16
8192.0,32000000.0,3136.0,64.0,3.0,32.0,20.0,12.0,1.0,2.0,3.0,2.0,2.0,1.0,2.0,3.0,4.0,2.0,2.0,3.0,5.0,3.0,3.0,5.0,4.0,5.0,2.0,1.0,2.0,1.0,6.0,4.0,128.0,4096.0,1.0,32.0,1.0,1.0,1.0,1.0,1.0,128.0,1.0,1.0,1.0,3.0,5.0,6.0,5.0,4.0,2.0,4.0,1.0,4.0,6.0,4.0,6.0,6.0,4.0,4.0,5.0,1.0,512.0,512.0,1.0,48.0,768.0,1.0,1.0,1.0,1.0,20.0,16.0,1.0,521476809.0,36914601.8,19706900000.0,127.31077777777779,3136.0,10.0,1318912.0,1.9250108752169656e+16
64000.0,128000.0,3136.0,64.0,3.0,30.0,30.0,48.0,4.0,6.0,2.0,6.0,1.0,5.0,1.0,2.0,1.0,3.0,1.0,3.0,3.0,4.0,6.0,6.0,4.0,2.0,3.0,2.0,4.0,1.0,1.0,3.0,2048.0,8.0,1.0,128.0,1024.0,1.0,1.0,1.0,1.0,4.0,128.0,1.0,1.0,3.0,2.0,6.0,3.0,6.0,2.0,1.0,3.0,1.0,5.0,1.0,4.0,6.0,3.0,6.0,4.0,4.0,2048.0,128.0,1.0,3.0,256.0,1.0,1.0,1.0,1.0,20.0,1.0,1.0,891365054.0,34625415.9,19707300000.0,133.68366666666665,3136.0,10.0,4980736.0,3.0863885713475956e+16
64000.0,2048000.0,3136.0,64.0,3.0,16.0,16.0,18.0,2.0,3.0,3.0,5.0,2.0,1.0,4.0,6.0,6.0,3.0,2.0,5.0,5.0,2.0,6.0,2.0,1.0,6.0,5.0,3.0,6.0,4.0,2.0,4.0,128.0,256.0,1.0,32.0,2.0,1.0,1.0,1.0,1.0,2.0,32.0,1.0,3.0,1.0,4.0,1.0,6.0,6.0,4.0,1.0,4.0,2.0,5.0,2.0,3.0,3.0,6.0,4.0,4.0,3.0,1024.0,256.0,1.0,1536.0,96.0,1.0,1.0,1.0,1.0,10.0,64.0,1.0,318915659.0,33049754.0,19707200000.0,132.99066666666667,3136.0,10.0,4784128.0,1.0540084076697886e+16
128.0,64000.0,3136.0,64.0,3.0,34.0,46.0,44.0,2.0,3.0,3.0,5.0,2.0,1.0,3.0,4.0,3.0,2.0,4.0,6.0,4.0,6.0,2.0,6.0,4.0,3.0,6.0,2.0,2.0,6.0,1.0,4.0,2.0,8.0,1.0,8.0,4.0,1.0,1.0,1.0,1.0,8.0,4.0,1.0,5.0,2.0,6.0,5.0,6.0,3.0,6.0,5.0,1.0,2.0,4.0,6.0,1.0,3.0,4.0,2.0,1.0,4.0,512.0,2048.0,1.0,1536.0,128.0,1.0,1.0,1.0,1.0,10.0,320.0,1.0,3900716409.0,37302450.0,19707600000.0,140.13888888888889,3136.0,10.0,8585216.0,1.4550627881090205e+17
256.0,32000000.0,3136.0,64.0,3.0,16.0,34.0,16.0,6.0,5.0,4.0,2.0,6.0,4.0,5.0,6.0,3.0,4.0,5.0,6.0,5.0,5.0,1.0,2.0,2.0,4.0,6.0,5.0,1.0,5.0,2.0,4.0,512.0,16.0,1.0,1.0,2.0,1.0,1.0,1.0,1.0,1.0,128.0,1.0,3.0,1.0,5.0,4.0,2.0,5.0,5.0,2.0,3.0,4.0,2.0,2.0,1.0,5.0,3.0,6.0,2.0,6.0,512.0,8.0,1.0,384.0,128.0,1.0,1.0,1.0,1.0,10.0,2.0,1.0,1424339446.0,44524281.0,19707000000.0,128.58544444444445,3136.0,10.0,2024960.0,6.341768973308833e+16
128000.0,64000.0,3136.0,64.0,3.0,4.0,22.0,12.0,4.0,1.0,1.0,1.0,1.0,5.0,5.0,5.0,2.0,6.0,3.0,4.0,5.0,4.0,1.0,5.0,1.0,5.0,2.0,1.0,4.0,3.0,1.0,6.0,1.0,1.0,1.0,512.0,1.0,1.0,1.0,1.0,1.0,4.0,128.0,1.0,2.0,4.0,2.0,1.0,6.0,6.0,4.0,6.0,2.0,4.0,6.0,2.0,5.0,6.0,6.0,1.0,1.0,5.0,1024.0,512.0,1.0,2.0,128.0,1.0,1.0,1.0,1.0,20.0,5.0,1.0,10403928825.0,51615970.0,19706800000.0,124.47722222222222,3136.0,10.0,308224.0,5.3700887811333523e+17
32000.0,128000.0,3136.0,64.0,3.0,42.0,10.0,42.0,4.0,2.0,3.0,5.0,5.0,6.0,6.0,4.0,5.0,6.0,1.0,5.0,4.0,2.0,1.0,1.0,1.0,2.0,1.0,6.0,3.0,3.0,5.0,5.0,64.0,128.0,1.0,2.0,256.0,1.0,1.0,1.0,1.0,8.0,4.0,1.0,4.0,1.0,4.0,6.0,4.0,5.0,6.0,6.0,6.0,5.0,1.0,5.0,2.0,1.0,2.0,6.0,1.0,3.0,256.0,128.0,1.0,192.0,12.0,1.0,1.0,1.0,1.0,160.0,2.0,1.0,22295104189.0,35290149.0,19706800000.0,124.25611111111111,3136.0,10.0,241664.0,7.867975488003342e+17
128000.0,512000.0,3136.0,64.0,3.0,22.0,32.0,42.0,3.0,5.0,5.0,2.0,6.0,6.0,2.0,4.0,5.0,3.0,4.0,3.0,6.0,2.0,4.0,2.0,2.0,3.0,1.0,5.0,6.0,1.0,3.0,4.0,64.0,4096.0,1.0,1024.0,64.0,1.0,1.0,1.0,1.0,2.0,4.0,1.0,6.0,3.0,5.0,4.0,5.0,1.0,4.0,4.0,2.0,2.0,1.0,6.0,1.0,5.0,1.0,4.0,4.0,6.0,4096.0,2.0,1.0,3.0,1.0,1.0,1.0,1.0,1.0,32.0,160.0,1.0,20581991205.0,32790525.8,19707600000.0,139.16944444444445,3136.0,10.0,8429568.0,6.748943136229256e+17
32000.0,4096000.0,3136.0,64.0,3.0,46.0,42.0,16.0,3.0,5.0,5.0,6.0,1.0,1.0,2.0,4.0,4.0,4.0,5.0,3.0,4.0,3.0,1.0,5.0,5.0,6.0,5.0,3.0,2.0,6.0,5.0,3.0,4.0,8.0,1.0,16.0,2048.0,1.0,1.0,1.0,1.0,4.0,128.0,1.0,2.0,1.0,4.0,2.0,1.0,6.0,6.0,4.0,5.0,5.0,2.0,6.0,5.0,6.0,1.0,3.0,1.0,6.0,256.0,512.0,1.0,16.0,3072.0,1.0,1.0,1.0,1.0,10.0,80.0,1.0,265824298.0,34933362.0,19707300000.0,134.96588888888888,3136.0,10.0,5439488.0,9286136430429876.0
16000.0,1024000.0,3136.0,64.0,3.0,12.0,14.0,8.0,1.0,6.0,2.0,2.0,3.0,4.0,6.0,5.0,2.0,4.0,3.0,4.0,5.0,6.0,1.0,2.0,3.0,4.0,1.0,4.0,2.0,4.0,6.0,4.0,1.0,1024.0,1.0,128.0,8.0,1.0,1.0,1.0,1.0,32.0,128.0,1.0,6.0,1.0,5.0,2.0,3.0,4.0,2.0,1.0,3.0,6.0,1.0,6.0,6.0,4.0,4.0,3.0,6.0,5.0,128.0,1.0,1.0,64.0,6.0,1.0,1.0,1.0,1.0,160.0,8.0,1.0,2465742466.0,33440988.0,19706800000.0,124.68666666666667,3136.0,10.0,557056.0,8.245686421659642e+16
2048000.0,512000.0,3136.0,64.0,3.0,18.0,32.0,22.0,5.0,6.0,3.0,2.0,4.0,2.0,6.0,2.0,1.0,1.0,6.0,2.0,4.0,3.0,4.0,1.0,2.0,5.0,1.0,5.0,1.0,6.0,2.0,2.0,2048.0,2.0,1.0,32.0,32.0,1.0,1.0,1.0,1.0,32.0,1.0,1.0,5.0,6.0,2.0,6.0,4.0,2.0,1.0,1.0,2.0,6.0,6.0,5.0,3.0,3.0,3.0,1.0,5.0,4.0,256.0,32.0,1.0,96.0,32.0,1.0,1.0,1.0,1.0,5.0,320.0,1.0,3842313464.0,33717446.0,19706800000.0,126.24066666666667,3136.0,10.0,913408.0,1.2955299673749294e+17
64000.0,32000000.0,3136.0,64.0,3.0,20.0,16.0,4.0,2.0,4.0,3.0,6.0,2.0,1.0,5.0,1.0,4.0,5.0,6.0,6.0,2.0,6.0,3.0,3.0,3.0,2.0,5.0,1.0,5.0,5.0,3.0,6.0,512.0,2048.0,1.0,512.0,1.0,1.0,1.0,1.0,1.0,1.0,64.0,1.0,5.0,2.0,4.0,6.0,2.0,5.0,3.0,5.0,3.0,6.0,4.0,1.0,6.0,6.0,3.0,5.0,2.0,2.0,1024.0,256.0,1.0,1024.0,128.0,1.0,1.0,1.0,1.0,64.0,5.0,1.0,637677403.0,32557742.8,19707100000.0,134.43511111111113,3136.0,10.0,3407872.0,2.0761336876245948e+16
32000.0,512000.0,3136.0,64.0,3.0,6.0,26.0,34.0,4.0,6.0,5.0,1.0,3.0,6.0,4.0,4.0,5.0,3.0,3.0,4.0,2.0,6.0,5.0,3.0,2.0,1.0,4.0,1.0,2.0,6.0,5.0,6.0,4096.0,64.0,1.0,256.0,2.0,1.0,1.0,1.0,1.0,4.0,128.0,1.0,5.0,4.0,3.0,2.0,5.0,4.0,6.0,2.0,3.0,2.0,4.0,6.0,5.0,6.0,3.0,4.0,3.0,4.0,32.0,1.0,1.0,192.0,768.0,1.0,1.0,1.0,1.0,320.0,4.0,1.0,5207822932.0,35164481.8,19707100000.0,129.68255555555555,3136.0,10.0,3211264.0,1.831303947099366e+17
64000.0,512000.0,3136.0,64.0,3.0,36.0,28.0,38.0,3.0,3.0,1.0,4.0,6.0,2.0,4.0,3.0,3.0,4.0,1.0,2.0,6.0,3.0,4.0,5.0,2.0,3.0,2.0,4.0,4.0,5.0,5.0,5.0,512.0,128.0,1.0,64.0,64.0,1.0,1.0,1.0,1.0,16.0,32.0,1.0,1.0,3.0,4.0,1.0,1.0,1.0,6.0,2.0,6.0,6.0,5.0,4.0,1.0,4.0,1.0,3.0,5.0,6.0,1.0,4.0,1.0,1024.0,2.0,1.0,1.0,1.0,1.0,5.0,5.0,1.0,2651848778.0,54561567.0,19706800000.0,123.87544444444444,3136.0,10.0,102400.0,1.4468902477471514e+17
1024.0,4096000.0,3136.0,64.0,3.0,20.0,6.0,36.0,2.0,4.0,3.0,3.0,1.0,5.0,5.0,3.0,4.0,1.0,6.0,6.0,4.0,1.0,3.0,4.0,3.0,4.0,5.0,1.0,4.0,6.0,4.0,1.0,4.0,256.0,1.0,32.0,256.0,1.0,1.0,1.0,1.0,8.0,128.0,1.0,6.0,3.0,5.0,2.0,2.0,2.0,6.0,3.0,3.0,2.0,5.0,3.0,4.0,6.0,5.0,5.0,3.0,6.0,1.0,1.0,1.0,1536.0,1.0,1.0,1.0,1.0,1.0,32.0,16.0,1.0,4640359045.0,118739872.6,19706800000.0,124.27966666666667,3136.0,10.0,262144.0,5.509956418215576e+17
32000.0,32000000.0,3136.0,64.0,3.0,42.0,40.0,14.0,6.0,2.0,5.0,1.0,4.0,1.0,5.0,3.0,3.0,2.0,6.0,2.0,5.0,5.0,2.0,4.0,6.0,3.0,5.0,2.0,5.0,1.0,2.0,2.0,32.0,64.0,1.0,1.0,32.0,1.0,1.0,1.0,1.0,64.0,1.0,1.0,2.0,3.0,6.0,4.0,3.0,1.0,2.0,2.0,4.0,3.0,4.0,6.0,2.0,2.0,2.0,3.0,2.0,1.0,16.0,8.0,1.0,128.0,8.0,1.0,1.0,1.0,1.0,5.0,160.0,1.0,4988291856.0,34894466.0,19706800000.0,123.95011111111111,3136.0,10.0,87040.0,1.740637805672689e+17
512.0,128000.0,3136.0,64.0,3.0,48.0,42.0,4.0,3.0,5.0,2.0,3.0,5.0,6.0,5.0,1.0,6.0,2.0,2.0,6.0,3.0,4.0,2.0,3.0,1.0,3.0,4.0,6.0,2.0,2.0,4.0,5.0,128.0,16.0,1.0,32.0,64.0,1.0,1.0,1.0,1.0,16.0,64.0,1.0,4.0,4.0,3.0,1.0,4.0,2.0,2.0,1.0,4.0,1.0,1.0,6.0,2.0,3.0,4.0,1.0,5.0,4.0,8.0,128.0,1.0,192.0,768.0,1.0,1.0,1.0,1.0,5.0,10.0,1.0,2551103672.0,33523049.0,19706800000.0,124.15722222222222,3136.0,10.0,214528.0,8.552077340053594e+16
128000.0,64000.0,3136.0,64.0,3.0,34.0,14.0,2.0,3.0,6.0,5.0,6.0,3.0,2.0,4.0,4.0,2.0,3.0,4.0,4.0,1.0,5.0,2.0,1.0,2.0,6.0,1.0,3.0,6.0,6.0,1.0,5.0,1024.0,2048.0,1.0,512.0,256.0,1.0,1.0,1.0,1.0,128.0,64.0,1.0,1.0,3.0,2.0,4.0,5.0,6.0,6.0,1.0,1.0,6.0,2.0,3.0,3.0,4.0,1.0,2.0,1.0,4.0,512.0,4.0,1.0,8.0,8.0,1.0,1.0,1.0,1.0,64.0,4.0,1.0,6205496246.0,42723983.8,19707000000.0,128.55733333333333,3136.0,10.0,2752512.0,2.651235210850648e+17
32000.0,128000.0,3136.0,64.0,3.0,26.0,20.0,26.0,2.0,4.0,4.0,2.0,4.0,6.0,4.0,1.0,6.0,4.0,3.0,5.0,4.0,3.0,1.0,6.0,1.0,3.0,4.0,6.0,5.0,2.0,2.0,5.0,2.0,4096.0,1.0,64.0,4.0,1.0,1.0,1.0,1.0,128.0,1.0,1.0,1.0,5.0,6.0,5.0,5.0,4.0,6.0,2.0,6.0,6.0,4.0,2.0,5.0,2.0,2.0,1.0,5.0,1.0,32.0,2048.0,1.0,2.0,48.0,1.0,1.0,1.0,1.0,2.0,10.0,1.0,1976063274.0,38854381.8,19706900000.0,126.57711111111111,3136.0,10.0,1589248.0,7.6778716908954e+16
512000.0,1024000.0,3136.0,64.0,3.0,4.0,44.0,38.0,2.0,1.0,1.0,4.0,4.0,1.0,2.0,4.0,4.0,6.0,6.0,2.0,4.0,4.0,1.0,1.0,2.0,3.0,6.0,4.0,2.0,6.0,1.0,6.0,1.0,1.0,1.0,16.0,1.0,1.0,1.0,1.0,1.0,4.0,16.0,1.0,5.0,2.0,5.0,5.0,6.0,3.0,3.0,3.0,3.0,3.0,1.0,2.0,2.0,6.0,5.0,1.0,3.0,5.0,1024.0,128.0,1.0,256.0,16.0,1.0,1.0,1.0,1.0,80.0,4.0,1.0,6646236650.0,54067800.0,19706800000.0,125.08166666666668,3136.0,10.0,729088.0,3.5934739394487e+17
32000.0,4096000.0,3136.0,64.0,3.0,48.0,36.0,42.0,1.0,3.0,6.0,1.0,6.0,2.0,4.0,6.0,2.0,5.0,4.0,3.0,1.0,1.0,6.0,3.0,3.0,6.0,4.0,1.0,6.0,1.0,1.0,6.0,4.0,4096.0,1.0,128.0,64.0,1.0,1.0,1.0,1.0,8.0,64.0,1.0,4.0,4.0,1.0,4.0,6.0,1.0,3.0,4.0,5.0,6.0,2.0,1.0,3.0,6.0,4.0,5.0,3.0,3.0,8.0,2.0,1.0,192.0,1024.0,1.0,1.0,1.0,1.0,10.0,64.0,1.0,673647227.0,43364822.6,19706900000.0,126.40433333333333,3136.0,10.0,1589248.0,2.9212592493836932e+16
2048000.0,8192000.0,3136.0,64.0,3.0,42.0,8.0,10.0,4.0,1.0,4.0,5.0,5.0,4.0,5.0,4.0,6.0,5.0,6.0,4.0,4.0,1.0,3.0,3.0,5.0,1.0,6.0,4.0,1.0,2.0,2.0,5.0,256.0,16.0,1.0,8.0,1.0,1.0,1.0,1.0,1.0,128.0,2.0,1.0,2.0,4.0,4.0,6.0,4.0,5.0,4.0,1.0,1.0,2.0,4.0,4.0,3.0,3.0,4.0,2.0,1.0,2.0,128.0,512.0,1.0,256.0,12.0,1.0,1.0,1.0,1.0,80.0,64.0,1.0,9462453131.0,32996682.6,19706800000.0,125.23722222222221,3136.0,10.0,753664.0,3.1222956258098323e+17
512000.0,32000.0,3136.0,64.0,3.0,18.0,40.0,30.0,1.0,6.0,5.0,4.0,3.0,2.0,6.0,2.0,3.0,2.0,2.0,4.0,5.0,5.0,6.0,6.0,3.0,1.0,5.0,3.0,1.0,1.0,2.0,5.0,32.0,1024.0,1.0,128.0,16.0,1.0,1.0,1.0,1.0,8.0,16.0,1.0,6.0,6.0,3.0,4.0,5.0,3.0,2.0,4.0,2.0,2.0,2.0,4.0,2.0,3.0,4.0,3.0,2.0,2.0,32.0,64.0,1.0,1536.0,3072.0,1.0,1.0,1.0,1.0,1.0,5.0,1.0,12214727163.0,33959952.0,19706800000.0,124.95555555555556,3136.0,10.0,424576.0,4.148115481485762e+17
32000.0,2048000.0,3136.0,64.0,3.0,4.0,2.0,16.0,1.0,4.0,5.0,1.0,6.0,1.0,2.0,2.0,6.0,3.0,3.0,1.0,4.0,2.0,3.0,3.0,4.0,5.0,1.0,3.0,5.0,1.0,3.0,1.0,16.0,4.0,1.0,512.0,2.0,1.0,1.0,1.0,1.0,32.0,64.0,1.0,6.0,5.0,1.0,1.0,3.0,4.0,4.0,6.0,4.0,3.0,4.0,4.0,5.0,3.0,6.0,5.0,3.0,1.0,512.0,32.0,1.0,4.0,1.0,1.0,1.0,1.0,1.0,10.0,16.0,1.0,12262146080.0,55856447.0,19706800000.0,123.85133333333333,3136.0,10.0,83968.0,6.849199126237778e+17
4096.0,32000000.0,3136.0,64.0,3.0,2.0,38.0,14.0,6.0,5.0,4.0,1.0,3.0,3.0,6.0,6.0,4.0,1.0,4.0,4.0,4.0,3.0,5.0,5.0,5.0,2.0,5.0,2.0,6.0,5.0,5.0,2.0,1.0,512.0,1.0,2048.0,2048.0,1.0,1.0,1.0,1.0,64.0,2.0,1.0,6.0,5.0,1.0,3.0,4.0,3.0,2.0,6.0,1.0,2.0,5.0,6.0,1.0,3.0,3.0,5.0,3.0,4.0,2.0,32.0,1.0,1.0,768.0,1.0,1.0,1.0,1.0,4.0,10.0,1.0,1202621644.0,33110443.8,19707900000.0,141.17233333333334,3136.0,10.0,11075584.0,3.981933635632561e+16
512.0,4096000.0,3136.0,64.0,3.0,6.0,24.0,48.0,3.0,3.0,3.0,2.0,6.0,4.0,2.0,4.0,6.0,1.0,3.0,6.0,2.0,2.0,1.0,1.0,5.0,6.0,4.0,3.0,4.0,6.0,2.0,5.0,2.0,128.0,1.0,32.0,2048.0,1.0,1.0,1.0,1.0,2.0,8.0,1.0,3.0,3.0,1.0,3.0,5.0,5.0,6.0,2.0,2.0,4.0,6.0,4.0,1.0,5.0,6.0,1.0,3.0,4.0,2048.0,32.0,1.0,512.0,3072.0,1.0,1.0,1.0,1.0,2.0,16.0,1.0,600937829.0,32652755.0,19708100000.0,148.97144444444444,3136.0,10.0,12746752.0,1.9622275700568896e+16
512000.0,128000.0,3136.0,64.0,3.0,42.0,20.0,22.0,6.0,5.0,4.0,5.0,4.0,5.0,2.0,1.0,4.0,5.0,1.0,2.0,3.0,4.0,3.0,2.0,2.0,1.0,2.0,5.0,1.0,2.0,4.0,1.0,2048.0,16.0,1.0,1.0,8.0,1.0,1.0,1.0,1.0,32.0,64.0,1.0,2.0,3.0,1.0,6.0,3.0,6.0,3.0,2.0,2.0,5.0,1.0,3.0,2.0,2.0,2.0,5.0,3.0,4.0,512.0,4.0,1.0,128.0,1536.0,1.0,1.0,1.0,1.0,4.0,32.0,1.0,227233292.0,34132676.0,19707900000.0,146.31977777777777,3136.0,10.0,11337728.0,7756080332249392.0
2048000.0,32000.0,3136.0,64.0,3.0,30.0,28.0,32.0,6.0,2.0,5.0,5.0,1.0,3.0,4.0,6.0,4.0,2.0,6.0,1.0,5.0,2.0,4.0,4.0,5.0,1.0,6.0,6.0,2.0,3.0,5.0,2.0,1.0,8.0,1.0,2048.0,8.0,1.0,1.0,1.0,1.0,4.0,16.0,1.0,1.0,5.0,6.0,6.0,4.0,3.0,6.0,4.0,5.0,3.0,6.0,3.0,6.0,1.0,2.0,6.0,6.0,3.0,256.0,1024.0,1.0,128.0,12.0,1.0,1.0,1.0,1.0,8.0,4.0,1.0,11546478398.0,44358581.0,19706800000.0,125.541,3136.0,10.0,837632.0,5.121853972824332e+17
2048000.0,32000.0,3136.0,64.0,3.0,2.0,46.0,12.0,6.0,5.0,3.0,6.0,3.0,6.0,4.0,4.0,4.0,2.0,5.0,2.0,5.0,1.0,2.0,2.0,6.0,6.0,5.0,4.0,6.0,1.0,4.0,4.0,256.0,2.0,1.0,1024.0,512.0,1.0,1.0,1.0,1.0,4.0,16.0,1.0,5.0,3.0,4.0,6.0,6.0,6.0,2.0,2.0,6.0,4.0,1.0,1.0,4.0,3.0,5.0,5.0,3.0,5.0,128.0,32.0,1.0,256.0,64.0,1.0,1.0,1.0,1.0,5.0,32.0,1.0,2464368307.0,35205681.6,19707000000.0,128.55422222222222,3136.0,10.0,2695168.0,8.675976596137306e+16
2048.0,2048000.0,3136.0,64.0,3.0,26.0,26.0,18.0,3.0,4.0,6.0,3.0,4.0,2.0,2.0,5.0,6.0,3.0,3.0,6.0,4.0,5.0,6.0,3.0,5.0,5.0,2.0,3.0,5.0,1.0,2.0,4.0,512.0,1.0,1.0,64.0,1024.0,1.0,1.0,1.0,1.0,4.0,16.0,1.0,4.0,6.0,1.0,6.0,6.0,2.0,2.0,1.0,3.0,6.0,3.0,2.0,6.0,5.0,2.0,1.0,3.0,2.0,64.0,1.0,1.0,4.0,1.0,1.0,1.0,1.0,1.0,2.0,4.0,1.0,7704675501.0,80337128.0,19706900000.0,125.36833333333333,3136.0,10.0,1097728.0,6.189715019223012e+17
64000.0,8192000.0,3136.0,64.0,3.0,20.0,10.0,44.0,3.0,4.0,2.0,4.0,2.0,3.0,6.0,2.0,1.0,1.0,3.0,6.0,5.0,6.0,1.0,5.0,3.0,3.0,2.0,1.0,4.0,5.0,4.0,1.0,1.0,2.0,1.0,256.0,128.0,1.0,1.0,1.0,1.0,1.0,4.0,1.0,3.0,2.0,6.0,6.0,3.0,1.0,6.0,4.0,1.0,3.0,5.0,5.0,5.0,2.0,4.0,4.0,6.0,4.0,128.0,4096.0,1.0,192.0,1024.0,1.0,1.0,1.0,1.0,10.0,320.0,1.0,4112081109.0,41733500.0,19708000000.0,146.06588888888888,3136.0,10.0,11665408.0,1.716115369624515e+17
128.0,4096000.0,3136.0,64.0,3.0,42.0,2.0,30.0,5.0,2.0,4.0,3.0,6.0,5.0,2.0,5.0,5.0,5.0,5.0,4.0,6.0,3.0,6.0,5.0,4.0,6.0,3.0,6.0,2.0,5.0,1.0,5.0,1024.0,128.0,1.0,16.0,1024.0,1.0,1.0,1.0,1.0,16.0,128.0,1.0,2.0,2.0,6.0,4.0,4.0,2.0,1.0,4.0,2.0,1.0,4.0,1.0,2.0,1.0,3.0,5.0,1.0,4.0,128.0,1.0,1.0,24.0,24.0,1.0,1.0,1.0,1.0,32.0,8.0,1.0,12266514003.0,35763641.0,19707000000.0,127.73311111111111,3136.0,10.0,2621440.0,4.386952031247649e+17
512000.0,16000.0,3136.0,64.0,3.0,8.0,18.0,22.0,4.0,3.0,3.0,1.0,3.0,4.0,1.0,4.0,2.0,6.0,3.0,6.0,1.0,4.0,6.0,3.0,1.0,6.0,1.0,2.0,2.0,6.0,5.0,4.0,4096.0,4096.0,1.0,64.0,64.0,1.0,1.0,1.0,1.0,1.0,128.0,1.0,5.0,6.0,1.0,3.0,1.0,5.0,2.0,4.0,5.0,3.0,4.0,2.0,1.0,6.0,2.0,3.0,1.0,4.0,16.0,2048.0,1.0,16.0,48.0,1.0,1.0,1.0,1.0,2.0,2.0,1.0,850204854.0,34233501.8,19706900000.0,126.90544444444444,3136.0,10.0,1589248.0,2.9105489399777736e+16
256.0,8192000.0,3136.0,64.0,3.0,22.0,46.0,34.0,1.0,1.0,5.0,5.0,5.0,4.0,3.0,1.0,6.0,2.0,2.0,4.0,2.0,1.0,2.0,5.0,1.0,2.0,1.0,3.0,4.0,1.0,4.0,4.0,16.0,32.0,1.0,1.0,256.0,1.0,1.0,1.0,1.0,2.0,16.0,1.0,6.0,6.0,1.0,4.0,3.0,1.0,5.0,1.0,6.0,3.0,4.0,6.0,4.0,2.0,1.0,2.0,1.0,2.0,16.0,1.0,1.0,512.0,6.0,1.0,1.0,1.0,1.0,5.0,20.0,1.0,13158735899.0,39527526.0,19706700000.0,123.79477777777778,3136.0,10.0,37504.0,5.201322753748559e+17
4096.0,512000.0,3136.0,64.0,3.0,36.0,44.0,8.0,2.0,1.0,1.0,5.0,4.0,4.0,5.0,2.0,2.0,5.0,6.0,3.0,5.0,4.0,2.0,2.0,4.0,2.0,1.0,1.0,2.0,3.0,4.0,4.0,128.0,4096.0,1.0,2048.0,512.0,1.0,1.0,1.0,1.0,1.0,2.0,1.0,3.0,2.0,1.0,6.0,5.0,6.0,5.0,1.0,4.0,4.0,3.0,2.0,1.0,1.0,6.0,2.0,3.0,2.0,512.0,32.0,1.0,1.0,32.0,1.0,1.0,1.0,1.0,1.0,1.0,1.0,2623105256.0,38118821.8,19708500000.0,149.8057777777778,3136.0,10.0,16973824.0,9.998968181610738e+16
512000.0,4096000.0,3136.0,64.0,3.0,36.0,48.0,18.0,6.0,2.0,2.0,5.0,6.0,5.0,3.0,5.0,1.0,3.0,1.0,5.0,4.0,3.0,1.0,6.0,3.0,2.0,3.0,2.0,4.0,6.0,4.0,6.0,2048.0,4.0,1.0,128.0,512.0,1.0,1.0,1.0,1.0,16.0,8.0,1.0,5.0,4.0,2.0,3.0,1.0,5.0,5.0,3.0,5.0,5.0,2.0,6.0,2.0,2.0,6.0,6.0,3.0,2.0,2.0,1024.0,1.0,32.0,16.0,1.0,1.0,1.0,1.0,8.0,1.0,1.0,10761052688.0,35266497.9,19707200000.0,130.81255555555555,3136.0,10.0,4341760.0,3.795046420231413e+17
32000.0,16000.0,3136.0,64.0,3.0,8.0,4.0,14.0,2.0,2.0,3.0,2.0,2.0,4.0,5.0,5.0,4.0,4.0,4.0,1.0,5.0,4.0,3.0,5.0,6.0,6.0,6.0,2.0,2.0,6.0,5.0,1.0,1024.0,16.0,1.0,512.0,2.0,1.0,1.0,1.0,1.0,16.0,32.0,1.0,5.0,3.0,6.0,5.0,6.0,5.0,1.0,1.0,6.0,1.0,2.0,5.0,4.0,3.0,6.0,3.0,5.0,6.0,32.0,16.0,1.0,1536.0,96.0,1.0,1.0,1.0,1.0,64.0,16.0,1.0,11142592029.0,35777457.2,19706900000.0,126.015,3136.0,10.0,1146880.0,3.986536094146087e+17
32000.0,16000.0,3136.0,64.0,3.0,22.0,32.0,2.0,4.0,5.0,2.0,3.0,6.0,5.0,5.0,2.0,3.0,3.0,6.0,2.0,4.0,5.0,5.0,5.0,3.0,6.0,3.0,2.0,4.0,2.0,5.0,3.0,128.0,4096.0,1.0,512.0,2048.0,1.0,1.0,1.0,1.0,8.0,4.0,1.0,5.0,6.0,4.0,6.0,3.0,4.0,5.0,5.0,4.0,6.0,1.0,5.0,5.0,1.0,6.0,1.0,2.0,5.0,128.0,256.0,1.0,6.0,64.0,1.0,1.0,1.0,1.0,64.0,40.0,1.0,1480782383.0,35286911.8,19708500000.0,149.70066666666665,3136.0,10.0,16875520.0,5.225223734391482e+16
1024.0,64000.0,3136.0,64.0,3.0,38.0,42.0,38.0,4.0,3.0,2.0,1.0,4.0,2.0,2.0,3.0,6.0,5.0,3.0,6.0,5.0,1.0,1.0,1.0,1.0,3.0,6.0,6.0,4.0,3.0,4.0,1.0,1024.0,8.0,1.0,4.0,2048.0,1.0,1.0,1.0,1.0,4.0,8.0,1.0,6.0,1.0,4.0,4.0,4.0,4.0,5.0,4.0,3.0,3.0,1.0,3.0,5.0,2.0,2.0,1.0,2.0,5.0,2048.0,1.0,1.0,3.0,2.0,1.0,1.0,1.0,1.0,160.0,2.0,1.0,21239979415.0,34577158.0,19707200000.0,131.47133333333335,3136.0,10.0,4243456.0,7.344181241492026e+17
256000.0,32000000.0,3136.0,64.0,3.0,30.0,12.0,6.0,1.0,1.0,4.0,6.0,1.0,2.0,5.0,2.0,5.0,6.0,3.0,1.0,5.0,3.0,2.0,6.0,2.0,6.0,1.0,4.0,4.0,5.0,4.0,1.0,2.0,16.0,1.0,1024.0,128.0,1.0,1.0,1.0,1.0,128.0,8.0,1.0,1.0,5.0,2.0,2.0,4.0,5.0,2.0,2.0,2.0,4.0,2.0,6.0,2.0,5.0,6.0,1.0,5.0,5.0,512.0,1.0,1.0,6.0,2.0,1.0,1.0,1.0,1.0,40.0,4.0,1.0,7128242470.0,47232636.0,19706800000.0,124.78888888888889,3136.0,10.0,337664.0,3.3668568190525094e+17
512000.0,256000.0,3136.0,64.0,3.0,34.0,28.0,36.0,3.0,3.0,6.0,5.0,5.0,2.0,1.0,6.0,3.0,3.0,4.0,3.0,4.0,4.0,6.0,3.0,2.0,5.0,5.0,3.0,5.0,4.0,4.0,1.0,4096.0,2.0,1.0,4.0,128.0,1.0,1.0,1.0,1.0,2.0,32.0,1.0,2.0,1.0,4.0,4.0,3.0,2.0,1.0,4.0,6.0,5.0,6.0,3.0,5.0,2.0,3.0,6.0,5.0,1.0,4.0,8.0,1.0,64.0,1024.0,1.0,1.0,1.0,1.0,160.0,32.0,1.0,5824168024.0,43641948.0,19706900000.0,126.36966666666667,3136.0,10.0,1318912.0,2.5417803804667075e+17
256.0,32000.0,3136.0,64.0,3.0,12.0,38.0,24.0,2.0,6.0,2.0,1.0,3.0,6.0,5.0,4.0,5.0,2.0,4.0,1.0,1.0,3.0,2.0,2.0,4.0,1.0,1.0,2.0,4.0,2.0,6.0,5.0,128.0,2.0,1.0,128.0,2.0,1.0,1.0,1.0,1.0,32.0,2.0,1.0,2.0,3.0,2.0,2.0,1.0,5.0,3.0,2.0,4.0,5.0,6.0,6.0,5.0,4.0,2.0,6.0,3.0,4.0,8.0,8.0,1.0,12.0,192.0,1.0,1.0,1.0,1.0,40.0,20.0,1.0,1410277409.0,43943582.0,19706700000.0,123.79522222222222,3136.0,10.0,49152.0,6.197264096513904e+16
1024.0,16000000.0,3136.0,64.0,3.0,22.0,26.0,24.0,5.0,5.0,2.0,5.0,3.0,6.0,4.0,3.0,4.0,3.0,3.0,3.0,6.0,2.0,6.0,2.0,4.0,2.0,6.0,4.0,4.0,6.0,5.0,3.0,512.0,32.0,1.0,4.0,1024.0,1.0,1.0,1.0,1.0,128.0,8.0,1.0,6.0,1.0,3.0,5.0,5.0,4.0,2.0,6.0,3.0,4.0,1.0,1.0,5.0,4.0,5.0,1.0,6.0,2.0,16.0,2048.0,1.0,6.0,32.0,1.0,1.0,1.0,1.0,40.0,1.0,1.0,219451492.0,34545196.2,19706900000.0,126.46366666666667,3136.0,10.0,1441792.0,7580994847522731.0
2048000.0,2048000.0,3136.0,64.0,3.0,46.0,6.0,32.0,4.0,2.0,4.0,1.0,2.0,4.0,3.0,6.0,5.0,1.0,1.0,4.0,2.0,6.0,4.0,1.0,5.0,6.0,4.0,4.0,1.0,4.0,6.0,5.0,32.0,4.0,1.0,4.0,32.0,1.0,1.0,1.0,1.0,1.0,128.0,1.0,2.0,2.0,6.0,1.0,6.0,6.0,5.0,3.0,6.0,2.0,3.0,6.0,3.0,5.0,1.0,3.0,1.0,3.0,1.0,1.0,1.0,96.0,384.0,1.0,1.0,1.0,1.0,4.0,32.0,1.0,1538496635.0,38617813.0,19706800000.0,124.01977777777778,3136.0,10.0,172032.0,5.9413375351559256e+16
2048.0,256000.0,3136.0,64.0,3.0,12.0,22.0,36.0,6.0,4.0,2.0,3.0,1.0,1.0,3.0,2.0,3.0,1.0,4.0,6.0,2.0,1.0,3.0,2.0,5.0,1.0,3.0,5.0,1.0,3.0,6.0,3.0,256.0,2.0,1.0,2048.0,1024.0,1.0,1.0,1.0,1.0,2.0,32.0,1.0,6.0,1.0,5.0,6.0,6.0,1.0,2.0,6.0,2.0,2.0,2.0,1.0,3.0,6.0,6.0,1.0,6.0,1.0,1024.0,512.0,1.0,192.0,24.0,1.0,1.0,1.0,1.0,4.0,5.0,1.0,1812507773.0,49589862.1,19707100000.0,131.10688888888888,3136.0,10.0,3325952.0,8.988201051824811e+16
1024000.0,4096000.0,3136.0,64.0,3.0,34.0,18.0,36.0,6.0,2.0,6.0,1.0,1.0,3.0,2.0,1.0,2.0,2.0,4.0,3.0,3.0,2.0,1.0,5.0,3.0,6.0,4.0,6.0,6.0,1.0,3.0,2.0,4096.0,128.0,1.0,32.0,1.0,1.0,1.0,1.0,1.0,64.0,8.0,1.0,2.0,4.0,1.0,2.0,1.0,1.0,3.0,6.0,1.0,5.0,2.0,1.0,1.0,2.0,3.0,4.0,5.0,2.0,2048.0,64.0,1.0,24.0,2.0,1.0,1.0,1.0,1.0,40.0,20.0,1.0,14369429916.0,35845827.0,19706800000.0,125.90433333333333,3136.0,10.0,790528.0,5.150840988575605e+17
128.0,512000.0,3136.0,64.0,3.0,8.0,6.0,22.0,2.0,2.0,5.0,1.0,3.0,6.0,5.0,3.0,4.0,6.0,1.0,5.0,4.0,6.0,4.0,2.0,3.0,5.0,4.0,5.0,1.0,5.0,3.0,1.0,16.0,1024.0,1.0,64.0,512.0,1.0,1.0,1.0,1.0,4.0,8.0,1.0,4.0,6.0,5.0,5.0,4.0,6.0,6.0,2.0,2.0,5.0,5.0,1.0,6.0,1.0,3.0,4.0,4.0,4.0,128.0,128.0,1.0,384.0,768.0,1.0,1.0,1.0,1.0,160.0,8.0,1.0,24428748646.0,35728813.0,19706900000.0,126.25544444444444,3136.0,10.0,1073152.0,8.728101921969372e+17
1024.0,4096000.0,3136.0,64.0,3.0,10.0,44.0,44.0,1.0,3.0,5.0,1.0,3.0,4.0,5.0,2.0,6.0,5.0,1.0,1.0,2.0,6.0,6.0,3.0,4.0,4.0,3.0,3.0,6.0,1.0,5.0,4.0,1.0,2.0,1.0,64.0,128.0,1.0,1.0,1.0,1.0,2.0,1.0,1.0,1.0,1.0,4.0,6.0,3.0,1.0,4.0,2.0,5.0,1.0,6.0,1.0,4.0,5.0,6.0,4.0,6.0,2.0,256.0,4.0,1.0,64.0,48.0,1.0,1.0,1.0,1.0,80.0,2.0,1.0,1198537792.0,52109160.0,19706800000.0,123.8458888888889,3136.0,10.0,83968.0,6.245479756937472e+16
2048000.0,1024000.0,3136.0,64.0,3.0,34.0,40.0,10.0,4.0,4.0,6.0,3.0,5.0,6.0,2.0,5.0,4.0,6.0,3.0,2.0,4.0,1.0,2.0,6.0,4.0,3.0,6.0,6.0,4.0,6.0,3.0,3.0,256.0,64.0,1.0,64.0,256.0,1.0,1.0,1.0,1.0,32.0,32.0,1.0,1.0,5.0,1.0,2.0,3.0,3.0,4.0,5.0,3.0,6.0,3.0,3.0,4.0,1.0,3.0,4.0,3.0,3.0,4.0,4096.0,1.0,512.0,512.0,1.0,1.0,1.0,1.0,1.0,64.0,1.0,2519441323.0,33210545.0,19707200000.0,133.10355555555557,3136.0,10.0,4784128.0,8.367201943235104e+16
2048000.0,1024000.0,3136.0,64.0,3.0,46.0,40.0,42.0,4.0,2.0,2.0,1.0,5.0,1.0,2.0,1.0,2.0,1.0,3.0,4.0,6.0,2.0,4.0,1.0,3.0,2.0,2.0,2.0,1.0,2.0,1.0,4.0,512.0,4.0,1.0,1.0,32.0,1.0,1.0,1.0,1.0,8.0,8.0,1.0,6.0,3.0,1.0,4.0,4.0,6.0,2.0,3.0,2.0,2.0,3.0,6.0,4.0,6.0,5.0,1.0,2.0,4.0,2.0,4.0,1.0,3072.0,12.0,1.0,1.0,1.0,1.0,16.0,16.0,1.0,1003622448.0,54624439.0,19706800000.0,123.98266666666667,3136.0,10.0,123008.0,5.482231318980667e+16
2048000.0,16000000.0,3136.0,64.0,3.0,42.0,4.0,30.0,5.0,6.0,5.0,3.0,5.0,4.0,6.0,6.0,1.0,5.0,6.0,5.0,6.0,4.0,2.0,2.0,5.0,4.0,5.0,1.0,2.0,1.0,6.0,5.0,128.0,64.0,1.0,2.0,32.0,1.0,1.0,1.0,1.0,1.0,2.0,1.0,1.0,3.0,6.0,2.0,6.0,2.0,5.0,5.0,5.0,6.0,6.0,2.0,4.0,1.0,5.0,3.0,2.0,6.0,2048.0,2048.0,1.0,96.0,24.0,1.0,1.0,1.0,1.0,40.0,32.0,1.0,2584097294.0,33358934.0,19706900000.0,126.1801111111111,3136.0,10.0,1121792.0,8.620273108012459e+16
1024000.0,16000.0,3136.0,64.0,3.0,20.0,2.0,24.0,5.0,1.0,5.0,2.0,5.0,1.0,3.0,2.0,6.0,5.0,1.0,1.0,6.0,3.0,5.0,3.0,5.0,5.0,1.0,1.0,2.0,3.0,5.0,4.0,128.0,1024.0,1.0,256.0,8.0,1.0,1.0,1.0,1.0,128.0,1.0,1.0,4.0,4.0,5.0,6.0,4.0,1.0,2.0,4.0,1.0,6.0,2.0,1.0,5.0,4.0,2.0,4.0,6.0,6.0,2048.0,4.0,1.0,128.0,16.0,1.0,1.0,1.0,1.0,160.0,5.0,1.0,11172057157.0,32761801.8,19707100000.0,133.20755555555556,3136.0,10.0,3211264.0,3.660167222759055e+17
1024000.0,2048000.0,3136.0,64.0,3.0,22.0,40.0,6.0,6.0,4.0,2.0,2.0,4.0,2.0,5.0,1.0,5.0,2.0,6.0,4.0,3.0,3.0,4.0,5.0,1.0,3.0,2.0,4.0,4.0,2.0,5.0,1.0,4096.0,1024.0,1.0,4.0,64.0,1.0,1.0,1.0,1.0,2.0,64.0,1.0,2.0,2.0,2.0,3.0,2.0,1.0,5.0,6.0,1.0,2.0,1.0,5.0,5.0,4.0,1.0,5.0,5.0,5.0,128.0,16.0,1.0,96.0,64.0,1.0,1.0,1.0,1.0,4.0,10.0,1.0,1527150013.0,41523705.0,19706900000.0,125.98344444444444,3136.0,10.0,1056768.0,6.341292663055817e+16
2048000.0,32000000.0,3136.0,64.0,3.0,28.0,46.0,44.0,2.0,1.0,6.0,4.0,4.0,1.0,5.0,3.0,1.0,3.0,5.0,5.0,5.0,5.0,3.0,4.0,4.0,1.0,2.0,1.0,2.0,5.0,4.0,1.0,512.0,8.0,1.0,512.0,32.0,1.0,1.0,1.0,1.0,4.0,2.0,1.0,6.0,6.0,4.0,4.0,2.0,1.0,6.0,2.0,6.0,2.0,3.0,3.0,5.0,2.0,6.0,6.0,6.0,3.0,2.0,1.0,1.0,192.0,256.0,1.0,1.0,1.0,1.0,40.0,2.0,1.0,24515645785.0,75907868.1,19706800000.0,124.5411111111111,3136.0,10.0,532480.0,1.8609304066341007e+18
128000.0,32000.0,3136.0,64.0,3.0,12.0,2.0,34.0,2.0,1.0,1.0,6.0,2.0,1.0,1.0,2.0,1.0,2.0,3.0,3.0,3.0,5.0,1.0,4.0,4.0,6.0,6.0,4.0,2.0,1.0,4.0,4.0,256.0,32.0,1.0,1024.0,16.0,1.0,1.0,1.0,1.0,32.0,64.0,1.0,4.0,2.0,4.0,1.0,4.0,4.0,6.0,4.0,1.0,6.0,3.0,5.0,1.0,1.0,5.0,4.0,3.0,3.0,16.0,1.0,1.0,2.0,12.0,1.0,1.0,1.0,1.0,5.0,20.0,1.0,444989958.0,37932066.5,19706800000.0,125.02422222222222,3136.0,10.0,851968.0,1.6879388678688208e+16
2048.0,16000000.0,3136.0,64.0,3.0,10.0,6.0,36.0,3.0,2.0,1.0,2.0,2.0,1.0,3.0,4.0,6.0,1.0,5.0,4.0,5.0,2.0,1.0,3.0,1.0,2.0,6.0,2.0,1.0,5.0,6.0,3.0,4096.0,16.0,1.0,256.0,2.0,1.0,1.0,1.0,1.0,64.0,16.0,1.0,3.0,5.0,3.0,3.0,3.0,1.0,4.0,4.0,1.0,6.0,6.0,1.0,1.0,6.0,4.0,6.0,6.0,4.0,512.0,32.0,1.0,1.0,16.0,1.0,1.0,1.0,1.0,1.0,160.0,1.0,572953286.0,35363316.2,19707000000.0,130.5261111111111,3136.0,10.0,2654208.0,2.0261528220647036e+16
64000.0,1024000.0,3136.0,64.0,3.0,48.0,10.0,46.0,5.0,4.0,1.0,4.0,4.0,5.0,3.0,1.0,2.0,4.0,5.0,5.0,1.0,5.0,6.0,1.0,5.0,4.0,1.0,6.0,3.0,6.0,6.0,2.0,64.0,512.0,1.0,16.0,4.0,1.0,1.0,1.0,1.0,2.0,2.0,1.0,6.0,1.0,5.0,1.0,3.0,2.0,3.0,3.0,5.0,6.0,2.0,5.0,3.0,5.0,5.0,4.0,3.0,1.0,8.0,256.0,1.0,64.0,768.0,1.0,1.0,1.0,1.0,10.0,40.0,1.0,389302756.0,42425380.0,19707000000.0,128.72833333333332,3136.0,10.0,2543616.0,1.651631735834728e+16
128.0,256000.0,3136.0,64.0,3.0,26.0,16.0,42.0,2.0,1.0,3.0,5.0,2.0,1.0,6.0,6.0,6.0,3.0,5.0,3.0,6.0,2.0,1.0,2.0,5.0,5.0,5.0,6.0,4.0,1.0,2.0,6.0,256.0,64.0,1.0,2048.0,512.0,1.0,1.0,1.0,1.0,64.0,32.0,1.0,1.0,6.0,1.0,6.0,1.0,6.0,1.0,5.0,6.0,4.0,4.0,5.0,6.0,6.0,5.0,6.0,2.0,3.0,8.0,8.0,1.0,96.0,1536.0,1.0,1.0,1.0,1.0,16.0,16.0,1.0,5570475041.0,44488810.7,19706900000.0,126.62155555555556,3136.0,10.0,1638400.0,2.4782380960812374e+17
2048.0,512000.0,3136.0,64.0,3.0,46.0,38.0,14.0,1.0,5.0,3.0,4.0,5.0,2.0,5.0,2.0,4.0,4.0,4.0,2.0,3.0,3.0,1.0,3.0,5.0,6.0,5.0,2.0,5.0,1.0,1.0,3.0,1024.0,32.0,1.0,512.0,1024.0,1.0,1.0,1.0,1.0,64.0,4.0,1.0,2.0,4.0,5.0,4.0,2.0,5.0,4.0,4.0,1.0,3.0,4.0,2.0,2.0,3.0,3.0,3.0,2.0,1.0,1.0,256.0,1.0,24.0,2.0,1.0,1.0,1.0,1.0,80.0,1.0,1.0,3170969725.0,37472150.8,19707000000.0,127.41022222222222,3136.0,10.0,2359296.0,1.1882305571743453e+17
32000.0,4096000.0,3136.0,64.0,3.0,34.0,26.0,22.0,6.0,4.0,3.0,1.0,2.0,2.0,5.0,5.0,6.0,2.0,1.0,6.0,3.0,1.0,2.0,6.0,6.0,6.0,5.0,1.0,4.0,5.0,1.0,5.0,4096.0,32.0,1.0,2048.0,2.0,1.0,1.0,1.0,1.0,1.0,16.0,1.0,2.0,4.0,3.0,3.0,2.0,1.0,4.0,2.0,4.0,6.0,3.0,5.0,3.0,4.0,6.0,4.0,5.0,3.0,1.0,128.0,1.0,16.0,96.0,1.0,1.0,1.0,1.0,16.0,20.0,1.0,907702456.0,37196501.8,19708500000.0,150.00188888888889,3136.0,10.0,16973824.0,3.376335603846842e+16
16000.0,32000000.0,3136.0,64.0,3.0,6.0,18.0,6.0,2.0,4.0,1.0,4.0,1.0,4.0,1.0,5.0,3.0,5.0,5.0,2.0,5.0,5.0,5.0,3.0,1.0,3.0,2.0,1.0,3.0,5.0,3.0,6.0,1.0,32.0,1.0,2.0,16.0,1.0,1.0,1.0,1.0,4.0,32.0,1.0,2.0,2.0,4.0,3.0,6.0,5.0,1.0,5.0,5.0,4.0,6.0,2.0,3.0,4.0,5.0,1.0,6.0,2.0,64.0,32.0,1.0,128.0,12.0,1.0,1.0,1.0,1.0,64.0,8.0,1.0,528686138.0,35621238.0,19706800000.0,123.97066666666667,3136.0,10.0,139264.0,1.8832454748998844e+16
64000.0,32000000.0,3136.0,64.0,3.0,40.0,6.0,24.0,6.0,1.0,6.0,2.0,6.0,1.0,3.0,4.0,1.0,5.0,2.0,5.0,3.0,4.0,4.0,2.0,1.0,4.0,3.0,6.0,1.0,1.0,3.0,3.0,256.0,512.0,1.0,2048.0,8.0,1.0,1.0,1.0,1.0,2.0,4.0,1.0,3.0,4.0,1.0,4.0,3.0,2.0,4.0,1.0,6.0,2.0,4.0,4.0,4.0,1.0,3.0,1.0,4.0,4.0,8.0,2048.0,1.0,12.0,3.0,1.0,1.0,1.0,1.0,1.0,40.0,1.0,10813068216.0,35689940.0,19708500000.0,150.30177777777777,3136.0,10.0,16826368.0,3.859177558449471e+17
2048.0,32000.0,3136.0,64.0,3.0,32.0,16.0,4.0,3.0,3.0,6.0,6.0,4.0,4.0,1.0,5.0,4.0,5.0,5.0,5.0,3.0,5.0,3.0,5.0,6.0,6.0,6.0,3.0,2.0,1.0,2.0,5.0,4096.0,256.0,1.0,1.0,1024.0,1.0,1.0,1.0,1.0,2.0,128.0,1.0,5.0,4.0,4.0,6.0,1.0,2.0,1.0,3.0,6.0,6.0,1.0,3.0,3.0,6.0,1.0,4.0,2.0,4.0,8.0,256.0,1.0,256.0,96.0,1.0,1.0,1.0,1.0,16.0,64.0,1.0,9338374867.0,33957121.8,19707800000.0,138.9321111111111,3136.0,10.0,9699328.0,3.171043327727778e+17
512.0,16000000.0,3136.0,64.0,3.0,46.0,10.0,20.0,1.0,3.0,4.0,4.0,6.0,1.0,5.0,5.0,3.0,5.0,5.0,1.0,2.0,6.0,4.0,6.0,6.0,3.0,3.0,3.0,4.0,1.0,4.0,5.0,2048.0,2.0,1.0,8.0,256.0,1.0,1.0,1.0,1.0,64.0,32.0,1.0,2.0,4.0,3.0,6.0,1.0,5.0,2.0,2.0,1.0,1.0,6.0,6.0,3.0,6.0,1.0,2.0,3.0,1.0,1.0,256.0,1.0,64.0,32.0,1.0,1.0,1.0,1.0,5.0,64.0,1.0,10668166907.0,35325658.2,19706900000.0,125.88466666666667,3136.0,10.0,1343488.0,3.768600177772332e+17
2048000.0,16000000.0,3136.0,64.0,3.0,10.0,18.0,42.0,3.0,2.0,6.0,5.0,4.0,3.0,6.0,1.0,2.0,3.0,5.0,5.0,1.0,1.0,1.0,1.0,5.0,2.0,6.0,2.0,4.0,3.0,4.0,4.0,4096.0,8.0,1.0,64.0,64.0,1.0,1.0,1.0,1.0,2.0,128.0,1.0,2.0,1.0,6.0,1.0,6.0,4.0,4.0,2.0,1.0,4.0,3.0,2.0,1.0,6.0,6.0,4.0,1.0,3.0,128.0,64.0,1.0,512.0,1.0,1.0,1.0,1.0,1.0,5.0,64.0,1.0,12541958052.0,33265091.8,19706900000.0,126.52822222222223,3136.0,10.0,1589248.0,4.1720938595152915e+17
2048.0,256000.0,3136.0,64.0,3.0,12.0,22.0,8.0,5.0,3.0,5.0,3.0,4.0,3.0,1.0,6.0,1.0,6.0,4.0,6.0,3.0,6.0,3.0,2.0,3.0,3.0,4.0,5.0,1.0,1.0,1.0,3.0,64.0,128.0,1.0,1024.0,2.0,1.0,1.0,1.0,1.0,32.0,8.0,1.0,1.0,4.0,6.0,2.0,2.0,3.0,1.0,3.0,3.0,5.0,1.0,3.0,6.0,4.0,3.0,5.0,6.0,1.0,4096.0,64.0,1.0,64.0,6.0,1.0,1.0,1.0,1.0,5.0,320.0,1.0,20412175986.0,32725782.0,19707200000.0,136.93788888888886,3136.0,10.0,4661248.0,6.680044214634711e+17
256000.0,32000000.0,3136.0,64.0,3.0,26.0,48.0,26.0,4.0,4.0,2.0,6.0,5.0,2.0,1.0,3.0,3.0,2.0,2.0,3.0,4.0,6.0,1.0,2.0,2.0,5.0,4.0,4.0,5.0,5.0,2.0,3.0,2048.0,2.0,1.0,512.0,512.0,1.0,1.0,1.0,1.0,16.0,2.0,1.0,6.0,1.0,4.0,2.0,4.0,6.0,4.0,3.0,1.0,4.0,1.0,6.0,2.0,4.0,5.0,6.0,6.0,6.0,512.0,1024.0,1.0,16.0,8.0,1.0,1.0,1.0,1.0,16.0,40.0,1.0,1343473328.0,33682503.0,19707000000.0,127.53177777777778,3136.0,10.0,2260992.0,4.525154440077998e+16
512.0,256000.0,3136.0,64.0,3.0,22.0,26.0,16.0,6.0,4.0,4.0,6.0,5.0,3.0,5.0,3.0,3.0,6.0,1.0,3.0,6.0,4.0,1.0,3.0,1.0,3.0,5.0,5.0,2.0,5.0,1.0,4.0,16.0,2048.0,1.0,16.0,512.0,1.0,1.0,1.0,1.0,2.0,2.0,1.0,3.0,3.0,1.0,4.0,3.0,1.0,2.0,5.0,1.0,5.0,5.0,1.0,4.0,4.0,2.0,1.0,3.0,2.0,1.0,2048.0,1.0,768.0,64.0,1.0,1.0,1.0,1.0,2.0,40.0,1.0,12296659904.0,41389310.0,19707400000.0,142.947,3136.0,10.0,6680576.0,5.0895026873122624e+17
256.0,4096000.0,3136.0,64.0,3.0,30.0,26.0,34.0,4.0,3.0,4.0,1.0,1.0,3.0,6.0,6.0,3.0,2.0,1.0,5.0,2.0,1.0,1.0,6.0,5.0,5.0,3.0,6.0,3.0,3.0,6.0,3.0,4096.0,8.0,1.0,1024.0,4.0,1.0,1.0,1.0,1.0,128.0,1.0,1.0,2.0,5.0,4.0,6.0,1.0,5.0,2.0,6.0,3.0,3.0,3.0,6.0,3.0,2.0,4.0,4.0,1.0,4.0,32.0,2048.0,1.0,1.0,1024.0,1.0,1.0,1.0,1.0,4.0,8.0,1.0,566694968.0,36135311.8,19707800000.0,154.791,3136.0,10.0,9699328.0,2.047769936417102e+16
16000.0,32000.0,3136.0,64.0,3.0,2.0,34.0,48.0,5.0,3.0,1.0,2.0,3.0,6.0,5.0,3.0,3.0,4.0,6.0,2.0,3.0,2.0,4.0,5.0,6.0,3.0,1.0,2.0,3.0,5.0,4.0,1.0,128.0,256.0,1.0,8.0,512.0,1.0,1.0,1.0,1.0,16.0,1.0,1.0,1.0,3.0,2.0,1.0,1.0,5.0,2.0,2.0,3.0,3.0,4.0,4.0,4.0,3.0,6.0,5.0,1.0,3.0,128.0,64.0,1.0,192.0,3072.0,1.0,1.0,1.0,1.0,20.0,1.0,1.0,479632171.0,34034188.0,19706800000.0,125.87533333333333,3136.0,10.0,914432.0,1.6323891478662148e+16
1024000.0,64000.0,3136.0,64.0,3.0,36.0,32.0,24.0,4.0,2.0,5.0,3.0,6.0,6.0,4.0,1.0,6.0,4.0,2.0,1.0,5.0,1.0,3.0,4.0,5.0,5.0,1.0,6.0,3.0,1.0,1.0,6.0,256.0,512.0,1.0,1024.0,1024.0,1.0,1.0,1.0,1.0,8.0,64.0,1.0,3.0,5.0,3.0,4.0,3.0,2.0,6.0,6.0,3.0,1.0,3.0,2.0,1.0,2.0,1.0,4.0,2.0,3.0,128.0,4.0,1.0,3072.0,128.0,1.0,1.0,1.0,1.0,160.0,32.0,1.0,24428869916.0,33534239.0,19706900000.0,129.06233333333333,3136.0,10.0,1810432.0,8.19203562263054e+17
64000.0,4096000.0,3136.0,64.0,3.0,20.0,6.0,42.0,3.0,1.0,6.0,5.0,3.0,5.0,2.0,6.0,2.0,4.0,1.0,6.0,6.0,2.0,6.0,2.0,5.0,6.0,2.0,1.0,1.0,1.0,5.0,6.0,16.0,8.0,1.0,8.0,4.0,1.0,1.0,1.0,1.0,128.0,16.0,1.0,5.0,2.0,2.0,1.0,2.0,4.0,3.0,6.0,1.0,6.0,5.0,1.0,3.0,5.0,3.0,6.0,6.0,5.0,256.0,2.0,1.0,4.0,512.0,1.0,1.0,1.0,1.0,32.0,8.0,1.0,5893264293.0,36573888.0,19706800000.0,124.28944444444444,3136.0,10.0,311296.0,2.155395882065812e+17
256.0,16000000.0,3136.0,64.0,3.0,14.0,38.0,34.0,5.0,1.0,1.0,3.0,6.0,2.0,4.0,5.0,1.0,1.0,2.0,4.0,4.0,2.0,2.0,2.0,4.0,1.0,2.0,5.0,5.0,1.0,1.0,1.0,4096.0,128.0,1.0,16.0,128.0,1.0,1.0,1.0,1.0,8.0,64.0,1.0,6.0,5.0,4.0,5.0,5.0,6.0,4.0,4.0,4.0,4.0,2.0,4.0,1.0,3.0,2.0,2.0,2.0,6.0,8.0,32.0,1.0,1.0,12.0,1.0,1.0,1.0,1.0,40.0,8.0,1.0,1371812849.0,41948882.6,19706900000.0,126.12822222222222,3136.0,10.0,1589248.0,5.754601615187253e+16
512000.0,4096000.0,3136.0,64.0,3.0,48.0,42.0,2.0,2.0,6.0,2.0,3.0,1.0,4.0,6.0,6.0,3.0,3.0,2.0,5.0,1.0,2.0,3.0,1.0,6.0,1.0,5.0,6.0,3.0,3.0,1.0,1.0,4.0,4096.0,1.0,4.0,128.0,1.0,1.0,1.0,1.0,128.0,1.0,1.0,5.0,4.0,3.0,6.0,5.0,3.0,3.0,4.0,6.0,6.0,2.0,6.0,6.0,6.0,4.0,1.0,3.0,1.0,1.0,16.0,1.0,12.0,4.0,1.0,1.0,1.0,1.0,1.0,20.0,1.0,7693403521.0,42188471.8,19707000000.0,126.95155555555556,3136.0,10.0,2129920.0,3.245729374917292e+17
64000.0,2048000.0,3136.0,64.0,3.0,8.0,32.0,28.0,2.0,3.0,4.0,5.0,3.0,4.0,3.0,3.0,6.0,3.0,1.0,4.0,1.0,3.0,2.0,3.0,5.0,5.0,6.0,5.0,2.0,2.0,2.0,6.0,4096.0,4.0,1.0,1.0,256.0,1.0,1.0,1.0,1.0,32.0,8.0,1.0,5.0,2.0,6.0,2.0,5.0,5.0,6.0,2.0,6.0,1.0,6.0,2.0,5.0,4.0,5.0,4.0,4.0,5.0,64.0,16.0,1.0,1.0,8.0,1.0,1.0,1.0,1.0,320.0,160.0,1.0,22355240851.0,33835149.0,19707000000.0,128.27044444444445,3136.0,10.0,2932736.0,7.563929051244718e+17
16000.0,32000000.0,3136.0,64.0,3.0,44.0,46.0,16.0,3.0,1.0,5.0,1.0,6.0,4.0,2.0,2.0,3.0,5.0,5.0,1.0,3.0,6.0,4.0,6.0,4.0,2.0,3.0,6.0,4.0,6.0,6.0,2.0,4.0,1.0,1.0,64.0,2.0,1.0,1.0,1.0,1.0,16.0,32.0,1.0,1.0,1.0,4.0,1.0,3.0,5.0,3.0,1.0,6.0,4.0,1.0,6.0,4.0,4.0,4.0,5.0,6.0,1.0,32.0,128.0,1.0,16.0,6.0,1.0,1.0,1.0,1.0,8.0,1.0,1.0,24622579721.0,43807120.0,19706700000.0,123.70277777777778,3136.0,10.0,6400.0,1.0786443045474135e+18
512000.0,1024000.0,3136.0,64.0,3.0,14.0,32.0,12.0,3.0,3.0,5.0,5.0,3.0,2.0,2.0,3.0,2.0,3.0,5.0,1.0,5.0,4.0,5.0,6.0,2.0,1.0,1.0,3.0,4.0,2.0,6.0,3.0,16.0,8.0,1.0,128.0,2.0,1.0,1.0,1.0,1.0,128.0,32.0,1.0,4.0,3.0,2.0,1.0,2.0,6.0,6.0,3.0,6.0,4.0,1.0,1.0,6.0,2.0,3.0,6.0,2.0,3.0,8.0,512.0,1.0,512.0,48.0,1.0,1.0,1.0,1.0,320.0,160.0,1.0,327711712.0,33930606.0,19706900000.0,126.00722222222223,3136.0,10.0,1179648.0,1.1119456981457472e+16
256000.0,256000.0,3136.0,64.0,3.0,26.0,44.0,10.0,1.0,4.0,4.0,6.0,3.0,4.0,3.0,6.0,3.0,3.0,5.0,1.0,5.0,6.0,3.0,3.0,1.0,5.0,3.0,4.0,2.0,1.0,2.0,5.0,512.0,1.0,1.0,128.0,2048.0,1.0,1.0,1.0,1.0,8.0,64.0,1.0,1.0,2.0,1.0,1.0,4.0,5.0,2.0,4.0,6.0,5.0,4.0,1.0,6.0,1.0,2.0,3.0,1.0,3.0,1.0,2048.0,1.0,128.0,96.0,1.0,1.0,1.0,1.0,2.0,5.0,1.0,2980253991.0,33194714.4,19707000000.0,129.2001111111111,3136.0,10.0,2752512.0,9.892868007070517e+16
256000.0,16000.0,3136.0,64.0,3.0,22.0,24.0,8.0,1.0,5.0,4.0,4.0,5.0,4.0,6.0,1.0,3.0,3.0,4.0,3.0,4.0,1.0,3.0,3.0,2.0,4.0,1.0,6.0,4.0,1.0,3.0,6.0,2048.0,8.0,1.0,2048.0,16.0,1.0,1.0,1.0,1.0,8.0,16.0,1.0,6.0,5.0,5.0,5.0,2.0,6.0,5.0,6.0,3.0,5.0,5.0,5.0,4.0,5.0,5.0,4.0,2.0,1.0,16.0,4096.0,1.0,16.0,32.0,1.0,1.0,1.0,1.0,4.0,10.0,1.0,10279670371.0,35265123.8,19707600000.0,137.40711111111113,3136.0,10.0,8519680.0,3.625138482565069e+17
1024.0,32000.0,3136.0,64.0,3.0,28.0,42.0,22.0,6.0,6.0,3.0,4.0,1.0,3.0,6.0,1.0,3.0,6.0,2.0,2.0,5.0,6.0,2.0,2.0,1.0,3.0,1.0,1.0,5.0,6.0,2.0,1.0,16.0,4.0,1.0,4.0,1024.0,1.0,1.0,1.0,1.0,64.0,64.0,1.0,2.0,6.0,6.0,2.0,2.0,1.0,6.0,4.0,4.0,5.0,2.0,2.0,5.0,4.0,1.0,5.0,2.0,1.0,128.0,4.0,1.0,192.0,4.0,1.0,1.0,1.0,1.0,4.0,40.0,1.0,151197749.0,33608629.0,19706800000.0,124.41544444444443,3136.0,10.0,235520.0,5081549051776121.0
8192.0,4096000.0,3136.0,64.0,3.0,28.0,36.0,8.0,6.0,2.0,1.0,3.0,5.0,1.0,4.0,3.0,2.0,2.0,4.0,1.0,4.0,5.0,2.0,3.0,4.0,3.0,6.0,2.0,1.0,1.0,4.0,1.0,16.0,2.0,1.0,2048.0,512.0,1.0,1.0,1.0,1.0,2.0,32.0,1.0,4.0,1.0,3.0,4.0,4.0,3.0,5.0,2.0,6.0,4.0,4.0,2.0,6.0,6.0,1.0,2.0,4.0,6.0,8.0,1.0,1.0,8.0,3.0,1.0,1.0,1.0,1.0,4.0,4.0,1.0,1658463057.0,56429023.0,19706800000.0,124.90866666666668,3136.0,10.0,796672.0,9.358544998810331e+16
2048000.0,2048000.0,3136.0,64.0,3.0,48.0,36.0,26.0,4.0,3.0,2.0,1.0,1.0,3.0,1.0,3.0,6.0,2.0,1.0,1.0,1.0,6.0,4.0,6.0,6.0,2.0,5.0,5.0,1.0,4.0,1.0,3.0,4096.0,8.0,1.0,4.0,128.0,1.0,1.0,1.0,1.0,4.0,1.0,1.0,5.0,2.0,6.0,6.0,3.0,4.0,3.0,4.0,3.0,1.0,3.0,2.0,4.0,6.0,4.0,5.0,6.0,3.0,32.0,16.0,1.0,32.0,128.0,1.0,1.0,1.0,1.0,20.0,4.0,1.0,1828054605.0,37845322.0,19706900000.0,125.407,3136.0,10.0,1082368.0,6.918331515980781e+16
2048000.0,128000.0,3136.0,64.0,3.0,20.0,20.0,42.0,6.0,3.0,6.0,6.0,3.0,3.0,1.0,1.0,6.0,2.0,6.0,5.0,4.0,4.0,6.0,1.0,4.0,1.0,5.0,3.0,4.0,2.0,5.0,3.0,8.0,4096.0,1.0,256.0,1024.0,1.0,1.0,1.0,1.0,8.0,4.0,1.0,5.0,1.0,1.0,5.0,5.0,3.0,5.0,5.0,5.0,5.0,6.0,4.0,5.0,3.0,5.0,2.0,3.0,4.0,4.0,64.0,1.0,384.0,8.0,1.0,1.0,1.0,1.0,5.0,64.0,1.0,1509166412.0,35119415.0,19707600000.0,137.09533333333334,3136.0,10.0,8470528.0,5.300104152708898e+16
2048000.0,64000.0,3136.0,64.0,3.0,24.0,8.0,10.0,2.0,1.0,4.0,4.0,5.0,6.0,4.0,1.0,3.0,4.0,4.0,4.0,3.0,6.0,1.0,6.0,6.0,1.0,3.0,1.0,5.0,2.0,4.0,6.0,64.0,4096.0,1.0,1024.0,128.0,1.0,1.0,1.0,1.0,8.0,4.0,1.0,2.0,3.0,3.0,1.0,5.0,1.0,5.0,4.0,3.0,5.0,3.0,1.0,4.0,6.0,5.0,5.0,3.0,4.0,32.0,512.0,1.0,128.0,192.0,1.0,1.0,1.0,1.0,4.0,5.0,1.0,28456998709.0,34264555.0,19707600000.0,137.062,3136.0,10.0,8470528.0,9.750663973994595e+17
512.0,64000.0,3136.0,64.0,3.0,28.0,46.0,44.0,5.0,5.0,6.0,5.0,2.0,6.0,4.0,5.0,6.0,2.0,5.0,4.0,3.0,1.0,6.0,5.0,4.0,3.0,1.0,3.0,2.0,6.0,1.0,5.0,128.0,2048.0,1.0,128.0,32.0,1.0,1.0,1.0,1.0,16.0,4.0,1.0,2.0,2.0,4.0,4.0,2.0,1.0,4.0,2.0,2.0,3.0,4.0,5.0,2.0,5.0,1.0,4.0,3.0,1.0,2.0,128.0,1.0,128.0,192.0,1.0,1.0,1.0,1.0,64.0,16.0,1.0,665336755.0,34439612.0,19706800000.0,124.76644444444443,3136.0,10.0,593920.0,2.291393969153906e+16
1024.0,16000000.0,3136.0,64.0,3.0,20.0,18.0,12.0,3.0,2.0,5.0,3.0,1.0,5.0,4.0,1.0,5.0,2.0,3.0,6.0,6.0,3.0,5.0,3.0,2.0,6.0,5.0,1.0,1.0,5.0,6.0,1.0,32.0,1.0,1.0,512.0,64.0,1.0,1.0,1.0,1.0,2.0,128.0,1.0,5.0,1.0,2.0,3.0,2.0,1.0,5.0,4.0,1.0,5.0,5.0,4.0,5.0,1.0,1.0,3.0,5.0,6.0,64.0,128.0,1.0,128.0,96.0,1.0,1.0,1.0,1.0,10.0,5.0,1.0,12382939194.0,42292793.0,19706800000.0,124.01977777777778,3136.0,10.0,172032.0,5.2370908406342886e+17
32000.0,128000.0,3136.0,64.0,3.0,30.0,24.0,48.0,3.0,5.0,4.0,6.0,4.0,2.0,5.0,5.0,6.0,5.0,5.0,5.0,3.0,4.0,5.0,5.0,1.0,5.0,4.0,5.0,6.0,6.0,5.0,5.0,256.0,1024.0,1.0,1024.0,1.0,1.0,1.0,1.0,1.0,8.0,8.0,1.0,2.0,6.0,2.0,4.0,3.0,5.0,3.0,6.0,1.0,6.0,5.0,2.0,5.0,3.0,2.0,6.0,3.0,4.0,32.0,256.0,1.0,512.0,768.0,1.0,1.0,1.0,1.0,320.0,64.0,1.0,13512012621.0,32914801.6,19707000000.0,129.009,3136.0,10.0,2162688.0,4.4474521463691104e+17
1024.0,16000.0,3136.0,64.0,3.0,46.0,12.0,4.0,2.0,5.0,4.0,4.0,6.0,1.0,1.0,4.0,1.0,1.0,4.0,3.0,6.0,3.0,2.0,2.0,3.0,4.0,2.0,4.0,1.0,2.0,1.0,1.0,8.0,1024.0,1.0,1024.0,2048.0,1.0,1.0,1.0,1.0,32.0,128.0,1.0,1.0,6.0,5.0,6.0,5.0,4.0,3.0,4.0,6.0,3.0,4.0,1.0,4.0,2.0,4.0,6.0,5.0,1.0,1024.0,64.0,1.0,3072.0,512.0,1.0,1.0,1.0,1.0,5.0,40.0,1.0,5502973625.0,34085088.0,19707400000.0,144.007,3136.0,10.0,6619136.0,1.87569340269804e+17
512.0,8192000.0,3136.0,64.0,3.0,46.0,34.0,36.0,3.0,5.0,4.0,3.0,5.0,1.0,2.0,1.0,2.0,6.0,3.0,2.0,5.0,1.0,6.0,5.0,6.0,4.0,5.0,4.0,2.0,4.0,3.0,3.0,1.0,64.0,1.0,2048.0,1.0,1.0,1.0,1.0,1.0,4.0,2.0,1.0,3.0,4.0,3.0,1.0,5.0,3.0,5.0,4.0,2.0,4.0,3.0,6.0,3.0,5.0,4.0,5.0,1.0,6.0,256.0,256.0,1.0,3.0,12.0,1.0,1.0,1.0,1.0,4.0,20.0,1.0,5227356343.0,45509050.0,19706800000.0,124.14322222222222,3136.0,10.0,279040.0,2.3789202118140416e+17
2048000.0,4096000.0,3136.0,64.0,3.0,6.0,6.0,4.0,3.0,3.0,4.0,2.0,1.0,3.0,4.0,6.0,3.0,2.0,5.0,6.0,5.0,4.0,4.0,3.0,1.0,1.0,4.0,3.0,5.0,5.0,6.0,4.0,128.0,2.0,1.0,128.0,1024.0,1.0,1.0,1.0,1.0,32.0,16.0,1.0,5.0,2.0,2.0,4.0,5.0,5.0,3.0,4.0,6.0,6.0,4.0,3.0,3.0,4.0,4.0,4.0,3.0,3.0,128.0,4.0,1.0,1536.0,12.0,1.0,1.0,1.0,1.0,1.0,8.0,1.0,1167783920.0,38924082.0,19706800000.0,125.00311111111111,3136.0,10.0,419840.0,4.545491706036144e+16
2048.0,16000000.0,3136.0,64.0,3.0,44.0,12.0,18.0,5.0,2.0,4.0,6.0,6.0,2.0,5.0,3.0,6.0,5.0,4.0,4.0,5.0,6.0,3.0,6.0,4.0,5.0,5.0,4.0,4.0,4.0,2.0,3.0,4.0,4096.0,1.0,1.0,2.0,1.0,1.0,1.0,1.0,2.0,2.0,1.0,2.0,2.0,2.0,2.0,2.0,3.0,5.0,3.0,2.0,3.0,5.0,1.0,3.0,1.0,3.0,4.0,4.0,3.0,128.0,256.0,1.0,6.0,1536.0,1.0,1.0,1.0,1.0,64.0,20.0,1.0,4404368600.0,33428285.0,19706900000.0,127.76544444444444,3136.0,10.0,1933312.0,1.47230488805851e+17
64000.0,128000.0,3136.0,64.0,3.0,22.0,40.0,10.0,5.0,6.0,5.0,4.0,5.0,6.0,4.0,6.0,6.0,4.0,4.0,3.0,2.0,3.0,1.0,4.0,2.0,2.0,6.0,6.0,6.0,6.0,6.0,1.0,128.0,8.0,1.0,256.0,1.0,1.0,1.0,1.0,1.0,1.0,1.0,1.0,1.0,1.0,5.0,2.0,1.0,3.0,6.0,1.0,1.0,5.0,6.0,6.0,2.0,5.0,1.0,3.0,5.0,2.0,512.0,32.0,1.0,1.0,256.0,1.0,1.0,1.0,1.0,1.0,10.0,1.0,683965704.0,41705197.0,19706800000.0,124.31833333333333,3136.0,10.0,277504.0,2.852492442656369e+16
128.0,8192000.0,3136.0,64.0,3.0,28.0,10.0,12.0,6.0,4.0,5.0,3.0,4.0,4.0,5.0,1.0,1.0,2.0,3.0,1.0,5.0,1.0,4.0,1.0,6.0,3.0,4.0,1.0,1.0,1.0,1.0,2.0,128.0,64.0,1.0,4.0,1024.0,1.0,1.0,1.0,1.0,64.0,4.0,1.0,1.0,6.0,4.0,4.0,3.0,4.0,5.0,2.0,2.0,6.0,5.0,5.0,1.0,6.0,6.0,5.0,3.0,5.0,4096.0,1.0,1.0,12.0,6.0,1.0,1.0,1.0,1.0,8.0,320.0,1.0,10303342502.0,32575386.7,19707500000.0,140.21566666666666,3136.0,10.0,7372800.0,3.356353663051955e+17
1024.0,16000000.0,3136.0,64.0,3.0,26.0,26.0,44.0,6.0,2.0,2.0,5.0,6.0,3.0,2.0,3.0,4.0,5.0,3.0,1.0,2.0,3.0,4.0,2.0,1.0,5.0,1.0,1.0,3.0,5.0,5.0,2.0,4.0,64.0,1.0,4.0,64.0,1.0,1.0,1.0,1.0,2.0,32.0,1.0,4.0,1.0,3.0,6.0,5.0,3.0,5.0,2.0,5.0,2.0,5.0,1.0,5.0,1.0,6.0,2.0,2.0,2.0,4.0,2.0,1.0,1.0,192.0,1.0,1.0,1.0,1.0,32.0,4.0,1.0,8506474517.0,46743991.0,19706700000.0,123.75755555555556,3136.0,10.0,28672.0,3.9762656826437734e+17
2048.0,2048000.0,3136.0,64.0,3.0,22.0,4.0,12.0,2.0,6.0,6.0,2.0,3.0,1.0,3.0,1.0,6.0,4.0,2.0,2.0,4.0,3.0,2.0,2.0,3.0,1.0,6.0,6.0,5.0,1.0,1.0,4.0,128.0,2.0,1.0,64.0,512.0,1.0,1.0,1.0,1.0,16.0,4.0,1.0,4.0,1.0,5.0,6.0,5.0,2.0,4.0,4.0,3.0,4.0,6.0,1.0,6.0,3.0,2.0,3.0,4.0,4.0,4.0,1024.0,1.0,48.0,512.0,1.0,1.0,1.0,1.0,40.0,32.0,1.0,1389795233.0,35719352.0,19706900000.0,126.161,3136.0,10.0,1171456.0,4.9642585135449016e+16
128000.0,32000.0,3136.0,64.0,3.0,2.0,28.0,4.0,1.0,3.0,5.0,2.0,1.0,2.0,6.0,6.0,4.0,4.0,2.0,6.0,2.0,2.0,1.0,5.0,1.0,6.0,4.0,4.0,6.0,4.0,4.0,1.0,2.0,256.0,1.0,128.0,256.0,1.0,1.0,1.0,1.0,1.0,128.0,1.0,2.0,5.0,5.0,2.0,5.0,4.0,3.0,4.0,2.0,2.0,1.0,5.0,4.0,4.0,5.0,6.0,4.0,4.0,8.0,4.0,1.0,3.0,1536.0,1.0,1.0,1.0,1.0,2.0,2.0,1.0,2930737812.0,43340692.6,19706800000.0,124.14411111111112,3136.0,10.0,262144.0,1.2702020660108859e+17
512.0,64000.0,3136.0,64.0,3.0,46.0,16.0,26.0,5.0,4.0,6.0,2.0,6.0,6.0,1.0,5.0,5.0,1.0,2.0,4.0,3.0,4.0,1.0,4.0,1.0,5.0,4.0,5.0,5.0,1.0,1.0,1.0,128.0,1024.0,1.0,64.0,2.0,1.0,1.0,1.0,1.0,32.0,16.0,1.0,6.0,6.0,3.0,3.0,5.0,4.0,2.0,1.0,6.0,5.0,6.0,2.0,5.0,4.0,5.0,1.0,4.0,4.0,4096.0,512.0,1.0,1536.0,4.0,1.0,1.0,1.0,1.0,16.0,16.0,1.0,7182324540.0,32819037.0,19708100000.0,148.4537777777778,3136.0,10.0,12763136.0,2.3571697482426797e+17
16000.0,1024000.0,3136.0,64.0,3.0,30.0,12.0,44.0,4.0,2.0,6.0,3.0,2.0,5.0,5.0,6.0,5.0,5.0,4.0,5.0,4.0,6.0,3.0,1.0,4.0,6.0,4.0,6.0,2.0,1.0,6.0,6.0,512.0,4.0,1.0,8.0,2048.0,1.0,1.0,1.0,1.0,1.0,1.0,1.0,4.0,5.0,3.0,2.0,6.0,5.0,1.0,4.0,5.0,2.0,6.0,4.0,1.0,3.0,1.0,6.0,2.0,1.0,64.0,2048.0,1.0,128.0,16.0,1.0,1.0,1.0,1.0,2.0,160.0,1.0,24504570573.0,33063886.2,19707000000.0,129.254,3136.0,10.0,2107392.0,8.102163328055407e+17
128000.0,4096000.0,3136.0,64.0,3.0,24.0,16.0,16.0,4.0,6.0,1.0,6.0,5.0,6.0,3.0,2.0,6.0,6.0,2.0,3.0,1.0,2.0,1.0,2.0,2.0,5.0,1.0,5.0,2.0,6.0,4.0,2.0,32.0,2.0,1.0,1024.0,16.0,1.0,1.0,1.0,1.0,64.0,8.0,1.0,2.0,5.0,2.0,3.0,3.0,5.0,6.0,1.0,5.0,2.0,2.0,2.0,5.0,1.0,6.0,5.0,5.0,5.0,8.0,32.0,1.0,3072.0,384.0,1.0,1.0,1.0,1.0,4.0,16.0,1.0,386432218.0,36020963.0,19706900000.0,126.85977777777778,3136.0,10.0,1388544.0,1.3919660626585934e+16
64000.0,512000.0,3136.0,64.0,3.0,46.0,46.0,46.0,4.0,2.0,5.0,4.0,4.0,2.0,1.0,2.0,6.0,3.0,1.0,2.0,2.0,1.0,1.0,2.0,1.0,2.0,4.0,1.0,5.0,6.0,2.0,5.0,2.0,32.0,1.0,1024.0,512.0,1.0,1.0,1.0,1.0,32.0,64.0,1.0,2.0,1.0,6.0,4.0,1.0,3.0,5.0,3.0,3.0,4.0,3.0,2.0,1.0,1.0,6.0,5.0,2.0,2.0,2.0,2048.0,1.0,8.0,32.0,1.0,1.0,1.0,1.0,64.0,80.0,1.0,40126114.0,34111025.0,19706800000.0,124.88044444444444,3136.0,10.0,463872.0,1368742877806850.0
128.0,64000.0,3136.0,64.0,3.0,40.0,4.0,28.0,2.0,5.0,5.0,6.0,4.0,2.0,5.0,6.0,2.0,4.0,3.0,1.0,4.0,2.0,1.0,6.0,2.0,3.0,2.0,1.0,3.0,1.0,2.0,1.0,4.0,32.0,1.0,256.0,512.0,1.0,1.0,1.0,1.0,2.0,32.0,1.0,1.0,4.0,6.0,4.0,2.0,6.0,2.0,3.0,6.0,5.0,1.0,4.0,1.0,4.0,5.0,4.0,4.0,5.0,2048.0,32.0,1.0,256.0,3.0,1.0,1.0,1.0,1.0,64.0,1.0,1.0,1549176817.0,33268486.0,19707000000.0,128.7831111111111,3136.0,10.0,2523136.0,5.1538767247889064e+16
128000.0,16000.0,3136.0,64.0,3.0,30.0,10.0,24.0,3.0,1.0,4.0,5.0,4.0,6.0,3.0,4.0,6.0,5.0,4.0,2.0,6.0,3.0,5.0,5.0,3.0,5.0,3.0,6.0,3.0,5.0,5.0,6.0,64.0,512.0,1.0,512.0,1024.0,1.0,1.0,1.0,1.0,8.0,2.0,1.0,2.0,5.0,2.0,3.0,5.0,1.0,3.0,2.0,3.0,4.0,6.0,2.0,3.0,1.0,2.0,3.0,5.0,1.0,8.0,8.0,1.0,64.0,512.0,1.0,1.0,1.0,1.0,320.0,8.0,1.0,9333140147.0,45635375.0,19706900000.0,125.98266666666667,3136.0,10.0,1073152.0,4.259213505359001e+17
512.0,4096000.0,3136.0,64.0,3.0,26.0,48.0,38.0,1.0,4.0,5.0,1.0,5.0,1.0,4.0,3.0,2.0,1.0,2.0,5.0,2.0,2.0,3.0,2.0,4.0,4.0,3.0,3.0,5.0,4.0,4.0,2.0,1024.0,256.0,1.0,512.0,512.0,1.0,1.0,1.0,1.0,1.0,64.0,1.0,6.0,5.0,5.0,4.0,2.0,6.0,5.0,2.0,5.0,4.0,2.0,6.0,4.0,1.0,1.0,1.0,4.0,6.0,256.0,2.0,1.0,48.0,384.0,1.0,1.0,1.0,1.0,2.0,20.0,1.0,1061191833.0,33033704.1,19706900000.0,126.01844444444444,3136.0,10.0,1245184.0,3.5055097004658616e+16
512000.0,1024000.0,3136.0,64.0,3.0,4.0,10.0,12.0,6.0,5.0,5.0,4.0,1.0,6.0,1.0,2.0,4.0,1.0,1.0,4.0,1.0,4.0,4.0,6.0,4.0,1.0,5.0,3.0,1.0,1.0,3.0,6.0,128.0,64.0,1.0,256.0,64.0,1.0,1.0,1.0,1.0,1.0,128.0,1.0,2.0,3.0,5.0,3.0,3.0,4.0,3.0,5.0,2.0,3.0,1.0,1.0,1.0,4.0,5.0,1.0,6.0,2.0,1.0,1.0,1.0,1024.0,64.0,1.0,1.0,1.0,1.0,10.0,160.0,1.0,99224982.0,36159829.2,19707000000.0,128.44866666666667,3136.0,10.0,2621440.0,3587958401493074.5
256000.0,32000.0,3136.0,64.0,3.0,6.0,18.0,6.0,5.0,2.0,1.0,1.0,5.0,5.0,6.0,6.0,1.0,3.0,6.0,6.0,4.0,5.0,4.0,4.0,5.0,1.0,1.0,2.0,2.0,3.0,2.0,4.0,16.0,4.0,1.0,512.0,64.0,1.0,1.0,1.0,1.0,4.0,4.0,1.0,2.0,2.0,2.0,5.0,6.0,4.0,4.0,6.0,4.0,5.0,3.0,2.0,1.0,4.0,5.0,6.0,3.0,4.0,8.0,32.0,1.0,32.0,64.0,1.0,1.0,1.0,1.0,20.0,2.0,1.0,175115953.0,36951790.2,19706800000.0,124.72733333333333,3136.0,10.0,482944.0,6470847955929061.0
64000.0,32000.0,3136.0,64.0,3.0,44.0,30.0,36.0,6.0,4.0,2.0,2.0,1.0,3.0,6.0,5.0,5.0,4.0,5.0,5.0,2.0,3.0,4.0,6.0,2.0,3.0,5.0,2.0,1.0,2.0,5.0,5.0,1.0,512.0,1.0,512.0,1024.0,1.0,1.0,1.0,1.0,4.0,8.0,1.0,1.0,4.0,2.0,6.0,3.0,3.0,2.0,2.0,4.0,6.0,3.0,6.0,5.0,5.0,1.0,4.0,2.0,4.0,128.0,1024.0,1.0,128.0,24.0,1.0,1.0,1.0,1.0,2.0,20.0,1.0,2962035497.0,37123041.8,19707000000.0,128.12044444444444,3136.0,10.0,2129920.0,1.0995976756821477e+17
64000.0,32000000.0,3136.0,64.0,3.0,46.0,6.0,46.0,1.0,1.0,6.0,2.0,5.0,5.0,1.0,6.0,1.0,5.0,2.0,4.0,2.0,3.0,2.0,5.0,2.0,3.0,4.0,3.0,3.0,4.0,5.0,4.0,16.0,64.0,1.0,1024.0,8.0,1.0,1.0,1.0,1.0,8.0,4.0,1.0,4.0,1.0,1.0,5.0,4.0,2.0,1.0,6.0,4.0,3.0,6.0,5.0,6.0,5.0,6.0,1.0,1.0,1.0,32.0,128.0,1.0,96.0,128.0,1.0,1.0,1.0,1.0,20.0,40.0,1.0,4169699451.0,37768024.0,19706800000.0,124.01277777777779,3136.0,10.0,148480.0,1.574813089381548e+17
256000.0,64000.0,3136.0,64.0,3.0,34.0,38.0,4.0,1.0,5.0,3.0,6.0,1.0,2.0,1.0,3.0,6.0,5.0,4.0,6.0,6.0,5.0,2.0,6.0,1.0,1.0,1.0,5.0,2.0,4.0,6.0,2.0,4.0,2048.0,1.0,8.0,4.0,1.0,1.0,1.0,1.0,1.0,128.0,1.0,2.0,3.0,6.0,3.0,4.0,5.0,5.0,1.0,2.0,2.0,1.0,3.0,5.0,4.0,2.0,2.0,6.0,6.0,2048.0,128.0,1.0,32.0,48.0,1.0,1.0,1.0,1.0,10.0,1.0,1.0,3053562766.0,35213038.0,19706900000.0,126.52422222222222,3136.0,10.0,1035008.0,1.075252217145431e+17
512000.0,2048000.0,3136.0,64.0,3.0,34.0,10.0,8.0,4.0,1.0,5.0,2.0,3.0,6.0,3.0,2.0,1.0,6.0,5.0,5.0,1.0,4.0,3.0,1.0,6.0,2.0,5.0,6.0,5.0,5.0,5.0,2.0,128.0,64.0,1.0,1.0,64.0,1.0,1.0,1.0,1.0,1.0,64.0,1.0,1.0,5.0,1.0,2.0,2.0,3.0,3.0,6.0,3.0,1.0,1.0,5.0,3.0,6.0,3.0,2.0,2.0,1.0,2048.0,256.0,1.0,8.0,32.0,1.0,1.0,1.0,1.0,1.0,80.0,1.0,4681493130.0,35742466.0,19706800000.0,124.63555555555556,3136.0,10.0,463872.0,1.673281090282586e+17
32000.0,256000.0,3136.0,64.0,3.0,10.0,20.0,40.0,3.0,3.0,3.0,3.0,1.0,5.0,2.0,2.0,6.0,1.0,3.0,1.0,5.0,6.0,6.0,4.0,2.0,5.0,5.0,4.0,5.0,3.0,3.0,2.0,128.0,4096.0,1.0,1.0,512.0,1.0,1.0,1.0,1.0,64.0,4.0,1.0,6.0,1.0,2.0,1.0,4.0,2.0,1.0,1.0,4.0,1.0,5.0,5.0,1.0,4.0,6.0,2.0,2.0,1.0,2048.0,2048.0,1.0,96.0,8.0,1.0,1.0,1.0,1.0,160.0,80.0,1.0,2785598636.0,32994518.0,19707200000.0,133.08744444444443,3136.0,10.0,4784128.0,9.190948433627744e+16
32000.0,32000000.0,3136.0,64.0,3.0,36.0,44.0,4.0,5.0,3.0,1.0,4.0,1.0,5.0,2.0,6.0,4.0,6.0,6.0,2.0,3.0,6.0,6.0,4.0,2.0,6.0,6.0,5.0,5.0,3.0,6.0,4.0,4.0,2048.0,1.0,1024.0,64.0,1.0,1.0,1.0,1.0,64.0,128.0,1.0,1.0,3.0,5.0,5.0,3.0,4.0,1.0,5.0,4.0,4.0,5.0,6.0,1.0,4.0,6.0,4.0,6.0,3.0,128.0,4096.0,1.0,1.0,64.0,1.0,1.0,1.0,1.0,1.0,320.0,1.0,20748313162.0,32453425.4,19707800000.0,144.66322222222223,3136.0,10.0,9699328.0,6.733538333788051e+17
128000.0,4096000.0,3136.0,64.0,3.0,28.0,28.0,8.0,3.0,5.0,1.0,2.0,5.0,4.0,2.0,6.0,6.0,1.0,6.0,1.0,5.0,1.0,1.0,3.0,1.0,5.0,1.0,5.0,3.0,3.0,4.0,5.0,4.0,1.0,1.0,512.0,2.0,1.0,1.0,1.0,1.0,1.0,16.0,1.0,3.0,3.0,4.0,5.0,1.0,6.0,6.0,4.0,6.0,3.0,1.0,3.0,4.0,3.0,6.0,6.0,2.0,6.0,2048.0,4096.0,1.0,64.0,24.0,1.0,1.0,1.0,1.0,1.0,10.0,1.0,7760008681.0,45877910.0,19706800000.0,124.879,3136.0,10.0,607488.0,3.560129798661367e+17
256000.0,32000.0,3136.0,64.0,3.0,46.0,8.0,14.0,5.0,6.0,2.0,2.0,1.0,3.0,5.0,1.0,6.0,1.0,5.0,2.0,6.0,1.0,6.0,1.0,6.0,3.0,6.0,4.0,2.0,1.0,5.0,3.0,128.0,32.0,1.0,2048.0,256.0,1.0,1.0,1.0,1.0,1.0,8.0,1.0,5.0,1.0,3.0,1.0,5.0,2.0,6.0,6.0,2.0,2.0,6.0,6.0,3.0,5.0,1.0,1.0,1.0,3.0,512.0,2048.0,1.0,3.0,6.0,1.0,1.0,1.0,1.0,8.0,20.0,1.0,5067347938.0,46905953.8,19708300000.0,146.73944444444444,3136.0,10.0,14770176.0,2.3768878826835325e+17
2048.0,4096000.0,3136.0,64.0,3.0,44.0,2.0,20.0,4.0,6.0,6.0,2.0,4.0,2.0,1.0,3.0,3.0,4.0,3.0,2.0,1.0,2.0,3.0,2.0,3.0,3.0,6.0,4.0,6.0,2.0,2.0,1.0,512.0,2048.0,1.0,128.0,4.0,1.0,1.0,1.0,1.0,64.0,64.0,1.0,3.0,3.0,2.0,1.0,5.0,3.0,4.0,1.0,1.0,4.0,5.0,2.0,2.0,5.0,5.0,5.0,3.0,4.0,128.0,1.0,1.0,256.0,512.0,1.0,1.0,1.0,1.0,320.0,5.0,1.0,4168634978.0,33374368.0,19706800000.0,125.95077777777779,3136.0,10.0,802816.0,1.391255578134439e+17
4096.0,64000.0,3136.0,64.0,3.0,20.0,20.0,26.0,1.0,2.0,2.0,3.0,3.0,2.0,5.0,3.0,6.0,4.0,4.0,1.0,4.0,5.0,4.0,2.0,4.0,4.0,2.0,2.0,5.0,2.0,4.0,4.0,256.0,2.0,1.0,1024.0,8.0,1.0,1.0,1.0,1.0,16.0,64.0,1.0,1.0,5.0,3.0,6.0,5.0,1.0,1.0,1.0,5.0,2.0,6.0,4.0,5.0,3.0,5.0,2.0,2.0,6.0,32.0,1024.0,1.0,12.0,48.0,1.0,1.0,1.0,1.0,5.0,8.0,1.0,572728732.0,35765300.7,19706800000.0,125.37477777777778,3136.0,10.0,851968.0,2.0483815319509716e+16
2048000.0,1024000.0,3136.0,64.0,3.0,32.0,40.0,6.0,1.0,1.0,3.0,4.0,6.0,5.0,3.0,2.0,5.0,1.0,3.0,3.0,6.0,3.0,3.0,5.0,3.0,2.0,2.0,6.0,6.0,5.0,4.0,6.0,512.0,4.0,1.0,32.0,32.0,1.0,1.0,1.0,1.0,1.0,2.0,1.0,3.0,2.0,2.0,6.0,6.0,3.0,3.0,4.0,4.0,5.0,2.0,1.0,4.0,6.0,2.0,2.0,4.0,2.0,512.0,16.0,1.0,16.0,512.0,1.0,1.0,1.0,1.0,4.0,1.0,1.0,24483876033.0,55613666.0,19706800000.0,124.75733333333334,3136.0,10.0,532480.0,1.361638104084667e+18
32000.0,256000.0,3136.0,64.0,3.0,30.0,40.0,12.0,1.0,6.0,4.0,6.0,4.0,6.0,1.0,5.0,5.0,4.0,1.0,6.0,4.0,3.0,3.0,4.0,3.0,1.0,1.0,5.0,3.0,3.0,6.0,3.0,64.0,1024.0,1.0,64.0,16.0,1.0,1.0,1.0,1.0,32.0,8.0,1.0,3.0,6.0,6.0,6.0,4.0,5.0,4.0,5.0,1.0,5.0,3.0,6.0,1.0,6.0,5.0,4.0,2.0,6.0,32.0,256.0,1.0,12.0,16.0,1.0,1.0,1.0,1.0,2.0,40.0,1.0,4048289125.0,38795344.0,19706800000.0,124.57711111111111,3136.0,10.0,409600.0,1.57054769215834e+17
2048.0,16000.0,3136.0,64.0,3.0,34.0,46.0,10.0,4.0,5.0,1.0,1.0,5.0,1.0,5.0,5.0,1.0,1.0,2.0,2.0,5.0,4.0,2.0,4.0,2.0,3.0,4.0,3.0,4.0,5.0,2.0,3.0,8.0,2.0,1.0,64.0,16.0,1.0,1.0,1.0,1.0,16.0,64.0,1.0,4.0,1.0,6.0,5.0,3.0,2.0,5.0,3.0,2.0,5.0,6.0,3.0,6.0,2.0,2.0,3.0,4.0,2.0,4096.0,64.0,1.0,6.0,64.0,1.0,1.0,1.0,1.0,8.0,8.0,1.0,2964040927.0,45964076.0,19706800000.0,124.83177777777779,3136.0,10.0,590848.0,1.3623940243573845e+17
2048000.0,4096000.0,3136.0,64.0,3.0,22.0,34.0,32.0,3.0,5.0,5.0,2.0,2.0,4.0,1.0,1.0,1.0,4.0,5.0,3.0,3.0,6.0,4.0,4.0,3.0,2.0,3.0,2.0,6.0,6.0,3.0,5.0,64.0,16.0,1.0,2048.0,64.0,1.0,1.0,1.0,1.0,8.0,32.0,1.0,1.0,3.0,6.0,5.0,1.0,2.0,6.0,5.0,4.0,4.0,3.0,2.0,4.0,6.0,2.0,4.0,1.0,3.0,8.0,128.0,1.0,3.0,2.0,1.0,1.0,1.0,1.0,80.0,64.0,1.0,726297792.0,64563655.0,19706800000.0,124.334,3136.0,10.0,397312.0,4.689244006994976e+16
512000.0,8192000.0,3136.0,64.0,3.0,48.0,36.0,48.0,1.0,2.0,4.0,2.0,4.0,1.0,1.0,6.0,6.0,1.0,4.0,1.0,3.0,4.0,3.0,4.0,5.0,4.0,5.0,1.0,5.0,2.0,6.0,2.0,8.0,2048.0,1.0,16.0,2048.0,1.0,1.0,1.0,1.0,64.0,4.0,1.0,6.0,3.0,5.0,1.0,3.0,5.0,5.0,1.0,2.0,1.0,6.0,3.0,2.0,2.0,2.0,2.0,3.0,3.0,512.0,1.0,1.0,3.0,1024.0,1.0,1.0,1.0,1.0,16.0,16.0,1.0,7421076050.0,32701503.8,19707700000.0,139.45355555555557,3136.0,10.0,8912896.0,2.42680346649164e+17
16000.0,32000000.0,3136.0,64.0,3.0,32.0,42.0,4.0,3.0,4.0,5.0,4.0,1.0,2.0,1.0,4.0,5.0,4.0,3.0,1.0,2.0,6.0,1.0,1.0,1.0,6.0,1.0,6.0,2.0,2.0,1.0,3.0,4.0,1024.0,1.0,2.0,1.0,1.0,1.0,1.0,1.0,16.0,16.0,1.0,5.0,5.0,6.0,1.0,4.0,3.0,2.0,5.0,5.0,2.0,1.0,4.0,4.0,2.0,5.0,4.0,4.0,4.0,32.0,8.0,1.0,768.0,96.0,1.0,1.0,1.0,1.0,32.0,32.0,1.0,1199881285.0,45780280.0,19706800000.0,123.93211111111111,3136.0,10.0,100352.0,5.49309011940598e+16
128000.0,256000.0,3136.0,64.0,3.0,10.0,14.0,22.0,4.0,4.0,3.0,3.0,2.0,4.0,6.0,1.0,2.0,5.0,3.0,6.0,6.0,4.0,3.0,6.0,5.0,5.0,3.0,2.0,5.0,4.0,6.0,6.0,256.0,512.0,1.0,16.0,64.0,1.0,1.0,1.0,1.0,4.0,64.0,1.0,5.0,1.0,6.0,5.0,1.0,4.0,5.0,3.0,2.0,3.0,2.0,5.0,2.0,4.0,2.0,6.0,4.0,2.0,2.0,4096.0,1.0,2.0,1024.0,1.0,1.0,1.0,1.0,80.0,32.0,1.0,1602774278.0,33221755.0,19707700000.0,142.95177777777778,3136.0,10.0,9207808.0,5.324697438401789e+16
256000.0,8192000.0,3136.0,64.0,3.0,26.0,8.0,18.0,1.0,6.0,5.0,4.0,3.0,1.0,3.0,4.0,1.0,5.0,6.0,1.0,3.0,4.0,4.0,1.0,3.0,6.0,4.0,4.0,4.0,5.0,5.0,6.0,256.0,128.0,1.0,256.0,2.0,1.0,1.0,1.0,1.0,64.0,2.0,1.0,2.0,5.0,6.0,6.0,1.0,4.0,5.0,3.0,1.0,1.0,6.0,1.0,1.0,5.0,5.0,1.0,5.0,2.0,4096.0,16.0,1.0,96.0,384.0,1.0,1.0,1.0,1.0,10.0,32.0,1.0,1796625340.0,35053365.0,19707100000.0,130.5632222222222,3136.0,10.0,3432448.0,6.29777638112691e+16
512.0,16000000.0,3136.0,64.0,3.0,2.0,38.0,46.0,3.0,4.0,6.0,3.0,5.0,2.0,5.0,2.0,6.0,5.0,6.0,1.0,6.0,6.0,1.0,1.0,5.0,5.0,3.0,6.0,3.0,1.0,1.0,2.0,1.0,1.0,1.0,2.0,128.0,1.0,1.0,1.0,1.0,1.0,16.0,1.0,4.0,4.0,6.0,5.0,4.0,3.0,2.0,4.0,6.0,3.0,5.0,6.0,5.0,2.0,3.0,3.0,3.0,3.0,32.0,16.0,1.0,96.0,192.0,1.0,1.0,1.0,1.0,20.0,1.0,1.0,3859185683.0,58900330.0,19706700000.0,123.73022222222222,3136.0,10.0,21248.0,2.273073102599754e+17
256000.0,256000.0,3136.0,64.0,3.0,42.0,32.0,38.0,3.0,3.0,3.0,1.0,5.0,6.0,6.0,5.0,4.0,6.0,2.0,2.0,6.0,2.0,5.0,1.0,5.0,6.0,4.0,6.0,4.0,6.0,4.0,3.0,2.0,8.0,1.0,2048.0,16.0,1.0,1.0,1.0,1.0,8.0,1.0,1.0,6.0,3.0,5.0,3.0,3.0,1.0,2.0,6.0,4.0,1.0,1.0,5.0,2.0,4.0,3.0,5.0,6.0,1.0,1024.0,1.0,1.0,1024.0,3.0,1.0,1.0,1.0,1.0,2.0,32.0,1.0,10421569837.0,34903322.0,19707000000.0,128.055,3136.0,10.0,2228224.0,3.637474077662985e+17
8192.0,4096000.0,3136.0,64.0,3.0,46.0,42.0,10.0,5.0,2.0,2.0,4.0,1.0,6.0,1.0,2.0,4.0,6.0,5.0,4.0,6.0,6.0,5.0,2.0,6.0,6.0,3.0,4.0,5.0,3.0,1.0,6.0,256.0,8.0,1.0,1024.0,2048.0,1.0,1.0,1.0,1.0,8.0,4.0,1.0,4.0,2.0,6.0,6.0,5.0,6.0,1.0,1.0,2.0,3.0,3.0,4.0,1.0,1.0,6.0,2.0,6.0,5.0,256.0,4.0,1.0,6.0,384.0,1.0,1.0,1.0,1.0,20.0,32.0,1.0,147494218.0,37655877.0,19706900000.0,125.803,3136.0,10.0,1085440.0,5554024131219186.0
256000.0,8192000.0,3136.0,64.0,3.0,24.0,28.0,6.0,5.0,5.0,1.0,2.0,4.0,3.0,5.0,1.0,3.0,4.0,1.0,6.0,3.0,2.0,6.0,5.0,1.0,3.0,4.0,3.0,3.0,3.0,6.0,5.0,2.0,256.0,1.0,4.0,2048.0,1.0,1.0,1.0,1.0,1.0,128.0,1.0,4.0,4.0,4.0,1.0,3.0,6.0,6.0,6.0,2.0,3.0,6.0,2.0,3.0,2.0,1.0,5.0,5.0,1.0,128.0,512.0,1.0,128.0,2.0,1.0,1.0,1.0,1.0,16.0,80.0,1.0,40118240.0,33011431.8,19708700000.0,155.12488888888888,3136.0,10.0,18350080.0,1324360543696032.0
512000.0,32000000.0,3136.0,64.0,3.0,34.0,28.0,18.0,4.0,1.0,6.0,5.0,4.0,3.0,1.0,3.0,4.0,1.0,5.0,4.0,2.0,2.0,1.0,4.0,6.0,1.0,4.0,4.0,2.0,1.0,6.0,4.0,128.0,1.0,1.0,128.0,128.0,1.0,1.0,1.0,1.0,16.0,64.0,1.0,2.0,4.0,1.0,1.0,3.0,6.0,3.0,1.0,3.0,2.0,1.0,1.0,3.0,3.0,6.0,1.0,3.0,1.0,16.0,8.0,1.0,1536.0,32.0,1.0,1.0,1.0,1.0,32.0,80.0,1.0,777521229.0,38171121.0,19706800000.0,124.35344444444443,3136.0,10.0,297472.0,2.9678856912227708e+16
2048.0,512000.0,3136.0,64.0,3.0,20.0,24.0,38.0,2.0,1.0,2.0,6.0,2.0,1.0,6.0,4.0,3.0,1.0,1.0,6.0,5.0,3.0,6.0,6.0,5.0,1.0,2.0,6.0,3.0,3.0,1.0,1.0,16.0,512.0,1.0,16.0,4.0,1.0,1.0,1.0,1.0,128.0,64.0,1.0,4.0,2.0,3.0,2.0,3.0,2.0,4.0,1.0,4.0,4.0,5.0,5.0,1.0,1.0,5.0,6.0,2.0,6.0,8.0,2048.0,1.0,16.0,1536.0,1.0,1.0,1.0,1.0,4.0,5.0,1.0,626316697.0,32573736.2,19707400000.0,136.18044444444445,3136.0,10.0,6398976.0,2.0401474865733332e+16
8192.0,256000.0,3136.0,64.0,3.0,26.0,44.0,16.0,3.0,5.0,3.0,4.0,4.0,3.0,2.0,6.0,2.0,4.0,3.0,3.0,4.0,1.0,1.0,5.0,2.0,5.0,5.0,5.0,4.0,2.0,3.0,3.0,16.0,16.0,1.0,256.0,4.0,1.0,1.0,1.0,1.0,128.0,32.0,1.0,1.0,5.0,2.0,5.0,2.0,2.0,3.0,4.0,1.0,2.0,4.0,3.0,3.0,4.0,3.0,5.0,2.0,5.0,256.0,256.0,1.0,64.0,96.0,1.0,1.0,1.0,1.0,2.0,4.0,1.0,3490254906.0,40093633.0,19706800000.0,123.91866666666667,3136.0,10.0,77824.0,1.399369992776135e+17
512.0,32000.0,3136.0,64.0,3.0,4.0,34.0,44.0,3.0,6.0,3.0,1.0,5.0,3.0,5.0,1.0,5.0,6.0,5.0,2.0,6.0,1.0,2.0,2.0,5.0,3.0,2.0,6.0,1.0,4.0,4.0,2.0,32.0,1.0,1.0,2.0,64.0,1.0,1.0,1.0,1.0,2.0,1.0,1.0,5.0,5.0,5.0,1.0,1.0,6.0,5.0,3.0,4.0,3.0,4.0,1.0,4.0,4.0,3.0,4.0,4.0,5.0,1.0,2048.0,1.0,64.0,256.0,1.0,1.0,1.0,1.0,4.0,10.0,1.0,5225583210.0,43266810.0,19706900000.0,125.78844444444444,3136.0,10.0,1094656.0,2.260943158862601e+17
32000.0,1024000.0,3136.0,64.0,3.0,40.0,16.0,38.0,3.0,6.0,3.0,1.0,2.0,3.0,4.0,3.0,4.0,2.0,2.0,6.0,3.0,6.0,2.0,4.0,1.0,4.0,3.0,1.0,1.0,5.0,5.0,3.0,32.0,1.0,1.0,512.0,2.0,1.0,1.0,1.0,1.0,64.0,4.0,1.0,1.0,2.0,4.0,4.0,1.0,2.0,1.0,2.0,3.0,3.0,2.0,4.0,4.0,4.0,2.0,1.0,3.0,3.0,16.0,4.0,1.0,24.0,3072.0,1.0,1.0,1.0,1.0,10.0,80.0,1.0,317200733.0,34541759.0,19706800000.0,125.975,3136.0,10.0,995840.0,1.0956671273909348e+16
2048.0,16000.0,3136.0,64.0,3.0,6.0,14.0,42.0,6.0,5.0,3.0,2.0,3.0,3.0,4.0,3.0,5.0,1.0,5.0,1.0,2.0,3.0,4.0,2.0,5.0,6.0,4.0,3.0,4.0,1.0,6.0,1.0,1024.0,256.0,1.0,128.0,1024.0,1.0,1.0,1.0,1.0,1.0,2.0,1.0,2.0,3.0,5.0,5.0,6.0,3.0,1.0,4.0,6.0,1.0,6.0,5.0,3.0,5.0,5.0,4.0,4.0,5.0,256.0,4096.0,1.0,256.0,3072.0,1.0,1.0,1.0,1.0,1.0,2.0,1.0,1812223428.0,32502220.8,19709400000.0,184.86666666666665,3136.0,10.0,25194496.0,5.8901285995788904e+16
256.0,4096000.0,3136.0,64.0,3.0,10.0,20.0,18.0,4.0,2.0,3.0,1.0,1.0,1.0,4.0,4.0,6.0,1.0,1.0,1.0,1.0,2.0,1.0,3.0,2.0,4.0,4.0,6.0,1.0,3.0,3.0,3.0,256.0,256.0,1.0,8.0,128.0,1.0,1.0,1.0,1.0,32.0,1.0,1.0,5.0,5.0,1.0,6.0,2.0,2.0,4.0,6.0,2.0,2.0,2.0,6.0,1.0,1.0,4.0,6.0,6.0,3.0,16.0,16.0,1.0,128.0,768.0,1.0,1.0,1.0,1.0,8.0,32.0,1.0,453050441.0,35837750.0,19706800000.0,125.187,3136.0,10.0,663552.0,1.623630844194775e+16
64000.0,256000.0,3136.0,64.0,3.0,38.0,42.0,18.0,6.0,6.0,3.0,6.0,3.0,5.0,6.0,5.0,2.0,6.0,1.0,5.0,3.0,5.0,4.0,2.0,3.0,3.0,5.0,6.0,2.0,3.0,6.0,1.0,512.0,1024.0,1.0,16.0,4.0,1.0,1.0,1.0,1.0,2.0,128.0,1.0,3.0,6.0,3.0,3.0,3.0,1.0,5.0,6.0,3.0,4.0,3.0,5.0,1.0,4.0,3.0,1.0,3.0,5.0,2.0,4096.0,1.0,4.0,12.0,1.0,1.0,1.0,1.0,20.0,4.0,1.0,3833682374.0,39682911.8,19706900000.0,126.00144444444445,3136.0,10.0,1183744.0,1.521316795166566e+17
512.0,8192000.0,3136.0,64.0,3.0,2.0,2.0,38.0,3.0,1.0,6.0,1.0,2.0,4.0,5.0,5.0,1.0,3.0,1.0,5.0,6.0,3.0,4.0,5.0,1.0,4.0,5.0,5.0,6.0,6.0,1.0,2.0,64.0,1.0,1.0,4.0,4.0,1.0,1.0,1.0,1.0,1.0,8.0,1.0,4.0,6.0,4.0,6.0,2.0,6.0,3.0,2.0,3.0,2.0,3.0,2.0,5.0,1.0,6.0,1.0,2.0,1.0,2.0,512.0,1.0,256.0,768.0,1.0,1.0,1.0,1.0,1.0,8.0,1.0,2182880127.0,47554340.0,19706800000.0,125.23233333333333,3136.0,10.0,806912.0,1.0380542373860118e+17
16000.0,256000.0,3136.0,64.0,3.0,16.0,8.0,20.0,6.0,2.0,4.0,6.0,3.0,4.0,1.0,3.0,1.0,5.0,2.0,5.0,5.0,3.0,5.0,3.0,5.0,5.0,6.0,5.0,1.0,5.0,6.0,3.0,8.0,512.0,1.0,2048.0,128.0,1.0,1.0,1.0,1.0,16.0,16.0,1.0,3.0,6.0,2.0,6.0,6.0,1.0,6.0,2.0,4.0,4.0,2.0,4.0,2.0,2.0,1.0,5.0,3.0,5.0,128.0,32.0,1.0,1536.0,128.0,1.0,1.0,1.0,1.0,32.0,10.0,1.0,381770128.0,33596566.3,19708500000.0,164.51633333333334,3136.0,10.0,16973824.0,1.2826165416711486e+16
256000.0,2048000.0,3136.0,64.0,3.0,46.0,16.0,2.0,2.0,1.0,5.0,6.0,5.0,3.0,4.0,4.0,1.0,4.0,4.0,5.0,4.0,6.0,3.0,2.0,4.0,2.0,3.0,5.0,1.0,6.0,6.0,3.0,4096.0,64.0,1.0,1.0,8.0,1.0,1.0,1.0,1.0,1.0,1.0,1.0,6.0,2.0,1.0,5.0,3.0,5.0,2.0,5.0,4.0,3.0,6.0,6.0,5.0,5.0,6.0,1.0,4.0,4.0,16.0,16.0,1.0,256.0,6.0,1.0,1.0,1.0,1.0,80.0,10.0,1.0,5106098903.0,37849911.8,19706900000.0,125.744,3136.0,10.0,1116160.0,1.9326539312062675e+17
16000.0,32000.0,3136.0,64.0,3.0,26.0,26.0,18.0,1.0,4.0,3.0,6.0,4.0,5.0,6.0,2.0,4.0,3.0,2.0,6.0,3.0,2.0,2.0,4.0,2.0,1.0,3.0,2.0,3.0,1.0,1.0,5.0,2048.0,16.0,1.0,256.0,128.0,1.0,1.0,1.0,1.0,64.0,32.0,1.0,5.0,4.0,5.0,4.0,1.0,2.0,3.0,5.0,4.0,4.0,1.0,6.0,5.0,3.0,5.0,3.0,2.0,5.0,64.0,128.0,1.0,256.0,96.0,1.0,1.0,1.0,1.0,16.0,40.0,1.0,448905109.0,33229532.8,19706900000.0,126.67433333333332,3136.0,10.0,1638400.0,1.4916907043603076e+16
512000.0,32000000.0,3136.0,64.0,3.0,32.0,18.0,14.0,2.0,2.0,3.0,2.0,6.0,2.0,2.0,3.0,5.0,5.0,5.0,2.0,5.0,5.0,2.0,4.0,3.0,6.0,6.0,6.0,5.0,6.0,3.0,5.0,1.0,4.0,1.0,128.0,32.0,1.0,1.0,1.0,1.0,32.0,64.0,1.0,2.0,5.0,3.0,2.0,3.0,6.0,2.0,4.0,3.0,3.0,4.0,3.0,5.0,1.0,2.0,1.0,3.0,1.0,8.0,16.0,1.0,256.0,3072.0,1.0,1.0,1.0,1.0,160.0,160.0,1.0,11141289561.0,42752120.0,19706900000.0,125.79277777777779,3136.0,10.0,1086464.0,4.763137482666193e+17
1024000.0,16000.0,3136.0,64.0,3.0,34.0,2.0,38.0,6.0,5.0,5.0,6.0,1.0,5.0,2.0,1.0,2.0,2.0,2.0,1.0,3.0,1.0,6.0,6.0,2.0,1.0,6.0,5.0,2.0,6.0,2.0,4.0,2.0,512.0,1.0,4.0,2048.0,1.0,1.0,1.0,1.0,64.0,2.0,1.0,6.0,6.0,5.0,3.0,5.0,1.0,2.0,1.0,3.0,2.0,4.0,1.0,4.0,3.0,6.0,6.0,6.0,2.0,4096.0,64.0,1.0,96.0,512.0,1.0,1.0,1.0,1.0,16.0,80.0,1.0,1386348186.0,32605381.8,19708600000.0,160.06633333333335,3136.0,10.0,17563648.0,4.5202411912267416e+16
64000.0,512000.0,3136.0,64.0,3.0,44.0,28.0,12.0,3.0,2.0,1.0,4.0,4.0,5.0,2.0,4.0,3.0,6.0,1.0,5.0,4.0,5.0,2.0,5.0,4.0,5.0,3.0,3.0,3.0,2.0,5.0,2.0,128.0,8.0,1.0,16.0,16.0,1.0,1.0,1.0,1.0,1.0,2.0,1.0,2.0,2.0,2.0,6.0,3.0,5.0,3.0,2.0,4.0,6.0,6.0,1.0,5.0,2.0,2.0,3.0,1.0,5.0,128.0,1.0,1.0,8.0,128.0,1.0,1.0,1.0,1.0,40.0,2.0,1.0,25703774247.0,46369220.0,19706700000.0,123.79233333333333,3136.0,10.0,53248.0,1.1918639628894774e+18
1024000.0,8192000.0,3136.0,64.0,3.0,34.0,4.0,10.0,6.0,2.0,1.0,3.0,2.0,5.0,4.0,3.0,5.0,1.0,2.0,2.0,1.0,1.0,4.0,3.0,5.0,6.0,3.0,5.0,1.0,5.0,6.0,2.0,1.0,4096.0,1.0,128.0,4.0,1.0,1.0,1.0,1.0,128.0,1.0,1.0,6.0,2.0,1.0,6.0,1.0,3.0,4.0,3.0,3.0,1.0,2.0,2.0,6.0,5.0,1.0,2.0,5.0,4.0,4.0,1024.0,1.0,1024.0,4.0,1.0,1.0,1.0,1.0,1.0,32.0,1.0,10022297862.0,34225061.8,19707600000.0,143.65488888888888,3136.0,10.0,8716288.0,3.430137637049578e+17
512000.0,2048000.0,3136.0,64.0,3.0,36.0,30.0,28.0,4.0,5.0,4.0,1.0,2.0,1.0,6.0,6.0,3.0,1.0,2.0,2.0,1.0,2.0,1.0,2.0,3.0,3.0,4.0,3.0,2.0,3.0,5.0,2.0,16.0,64.0,1.0,2.0,128.0,1.0,1.0,1.0,1.0,16.0,128.0,1.0,2.0,3.0,4.0,6.0,3.0,4.0,6.0,4.0,6.0,5.0,1.0,2.0,2.0,3.0,4.0,1.0,1.0,1.0,4.0,128.0,1.0,24.0,96.0,1.0,1.0,1.0,1.0,16.0,2.0,1.0,1808539526.0,39112205.0,19706800000.0,124.055,3136.0,10.0,131072.0,7.073596869151483e+16
8192.0,64000.0,3136.0,64.0,3.0,36.0,42.0,22.0,3.0,5.0,2.0,1.0,6.0,4.0,3.0,5.0,3.0,6.0,5.0,5.0,3.0,5.0,1.0,1.0,5.0,4.0,1.0,4.0,5.0,5.0,5.0,5.0,128.0,512.0,1.0,16.0,16.0,1.0,1.0,1.0,1.0,128.0,32.0,1.0,1.0,4.0,3.0,2.0,3.0,4.0,3.0,2.0,1.0,3.0,6.0,6.0,1.0,5.0,6.0,6.0,5.0,2.0,8.0,1.0,1.0,256.0,8.0,1.0,1.0,1.0,1.0,160.0,20.0,1.0,4928180330.0,44980943.0,19706800000.0,124.08544444444443,3136.0,10.0,151552.0,2.216741985174512e+17
128000.0,16000000.0,3136.0,64.0,3.0,20.0,18.0,20.0,1.0,6.0,3.0,3.0,3.0,5.0,5.0,2.0,5.0,4.0,5.0,2.0,5.0,5.0,5.0,4.0,2.0,1.0,1.0,4.0,5.0,4.0,4.0,6.0,64.0,4096.0,1.0,2.0,4.0,1.0,1.0,1.0,1.0,2.0,128.0,1.0,4.0,2.0,6.0,3.0,3.0,6.0,1.0,6.0,2.0,3.0,3.0,2.0,2.0,3.0,4.0,1.0,1.0,4.0,1.0,16.0,1.0,512.0,16.0,1.0,1.0,1.0,1.0,1.0,1.0,1.0,3454716611.0,76115721.8,19706900000.0,125.37811111111111,3136.0,10.0,1082368.0,2.629582484607148e+17
1024.0,32000.0,3136.0,64.0,3.0,8.0,46.0,48.0,1.0,3.0,6.0,6.0,5.0,6.0,2.0,5.0,4.0,2.0,1.0,6.0,5.0,6.0,5.0,4.0,5.0,6.0,1.0,4.0,6.0,2.0,2.0,4.0,4096.0,1024.0,1.0,512.0,512.0,1.0,1.0,1.0,1.0,64.0,32.0,1.0,3.0,6.0,6.0,3.0,6.0,2.0,2.0,5.0,1.0,1.0,2.0,1.0,2.0,4.0,3.0,1.0,2.0,3.0,4096.0,32.0,1.0,256.0,384.0,1.0,1.0,1.0,1.0,1.0,10.0,1.0,20402748435.0,32711228.0,19707200000.0,137.21966666666665,3136.0,10.0,4784128.0,6.673989558839282e+17
8192.0,4096000.0,3136.0,64.0,3.0,46.0,2.0,6.0,4.0,4.0,3.0,5.0,4.0,4.0,1.0,3.0,5.0,2.0,1.0,2.0,2.0,6.0,5.0,6.0,1.0,5.0,6.0,2.0,2.0,4.0,2.0,5.0,256.0,1024.0,1.0,32.0,8.0,1.0,1.0,1.0,1.0,32.0,128.0,1.0,5.0,2.0,2.0,6.0,2.0,4.0,2.0,1.0,2.0,6.0,5.0,3.0,3.0,6.0,4.0,2.0,6.0,1.0,1.0,16.0,1.0,8.0,1024.0,1.0,1.0,1.0,1.0,20.0,4.0,1.0,713862135.0,38333312.0,19706800000.0,125.537,3136.0,10.0,698368.0,2.736469994594112e+16
1024000.0,4096000.0,3136.0,64.0,3.0,4.0,2.0,26.0,5.0,2.0,3.0,2.0,2.0,4.0,1.0,3.0,4.0,1.0,4.0,5.0,2.0,6.0,5.0,6.0,2.0,5.0,4.0,4.0,3.0,6.0,6.0,5.0,1.0,2048.0,1.0,16.0,1024.0,1.0,1.0,1.0,1.0,1.0,64.0,1.0,5.0,4.0,4.0,2.0,3.0,5.0,6.0,3.0,6.0,6.0,1.0,3.0,1.0,3.0,6.0,1.0,1.0,6.0,2.0,128.0,1.0,48.0,96.0,1.0,1.0,1.0,1.0,2.0,2.0,1.0,2847046856.0,33384937.4,19707700000.0,139.09,3136.0,10.0,9043968.0,9.504848106242682e+16
256000.0,4096000.0,3136.0,64.0,3.0,36.0,4.0,22.0,4.0,5.0,6.0,4.0,1.0,4.0,5.0,6.0,1.0,6.0,2.0,2.0,3.0,2.0,1.0,4.0,2.0,4.0,6.0,3.0,5.0,4.0,6.0,5.0,1.0,256.0,1.0,8.0,1024.0,1.0,1.0,1.0,1.0,32.0,1.0,1.0,1.0,6.0,3.0,3.0,6.0,5.0,4.0,5.0,3.0,6.0,1.0,4.0,4.0,5.0,2.0,4.0,2.0,6.0,8.0,4096.0,1.0,3072.0,16.0,1.0,1.0,1.0,1.0,80.0,10.0,1.0,2151437273.0,33009947.0,19709500000.0,175.04555555555555,3136.0,10.0,26312704.0,7.101883035555453e+16
512.0,1024000.0,3136.0,64.0,3.0,48.0,20.0,34.0,4.0,3.0,4.0,4.0,2.0,6.0,2.0,6.0,1.0,3.0,5.0,4.0,6.0,5.0,1.0,2.0,1.0,1.0,5.0,6.0,1.0,5.0,2.0,5.0,512.0,16.0,1.0,2.0,4.0,1.0,1.0,1.0,1.0,128.0,4.0,1.0,2.0,4.0,5.0,4.0,2.0,5.0,1.0,5.0,6.0,5.0,3.0,4.0,5.0,2.0,2.0,5.0,1.0,4.0,4096.0,32.0,1.0,24.0,6.0,1.0,1.0,1.0,1.0,16.0,32.0,1.0,1371944650.0,40337730.0,19706800000.0,124.77411111111111,3136.0,10.0,460288.0,5.53411328666445e+16
16000.0,128000.0,3136.0,64.0,3.0,12.0,6.0,42.0,4.0,5.0,4.0,1.0,4.0,6.0,4.0,6.0,6.0,4.0,1.0,1.0,2.0,3.0,3.0,3.0,4.0,4.0,3.0,5.0,4.0,3.0,5.0,3.0,256.0,64.0,1.0,2048.0,4.0,1.0,1.0,1.0,1.0,2.0,128.0,1.0,2.0,1.0,4.0,4.0,6.0,1.0,6.0,4.0,3.0,5.0,5.0,2.0,6.0,4.0,2.0,4.0,5.0,1.0,128.0,512.0,1.0,3072.0,12.0,1.0,1.0,1.0,1.0,80.0,160.0,1.0,4104518408.0,32959852.6,19707200000.0,134.42322222222222,3136.0,10.0,4292608.0,1.3528432172166667e+17
16000.0,2048000.0,3136.0,64.0,3.0,2.0,16.0,16.0,2.0,3.0,5.0,5.0,5.0,4.0,3.0,6.0,4.0,2.0,4.0,2.0,4.0,6.0,4.0,1.0,1.0,3.0,4.0,2.0,4.0,1.0,5.0,1.0,2.0,32.0,1.0,32.0,2.0,1.0,1.0,1.0,1.0,1.0,64.0,1.0,6.0,6.0,6.0,1.0,3.0,2.0,5.0,1.0,6.0,4.0,5.0,6.0,3.0,2.0,2.0,6.0,6.0,1.0,4096.0,1.0,1.0,2.0,192.0,1.0,1.0,1.0,1.0,4.0,80.0,1.0,17414817848.0,34015099.0,19707000000.0,128.029,3136.0,10.0,2258944.0,5.92366753166687e+17
32000.0,1024000.0,3136.0,64.0,3.0,34.0,46.0,48.0,5.0,6.0,1.0,1.0,5.0,1.0,1.0,1.0,4.0,3.0,1.0,2.0,6.0,3.0,4.0,2.0,4.0,4.0,1.0,6.0,5.0,1.0,6.0,6.0,16.0,512.0,1.0,2.0,32.0,1.0,1.0,1.0,1.0,16.0,128.0,1.0,5.0,5.0,6.0,3.0,6.0,2.0,1.0,1.0,5.0,6.0,4.0,1.0,6.0,2.0,5.0,2.0,4.0,1.0,256.0,32.0,1.0,1024.0,3072.0,1.0,1.0,1.0,1.0,40.0,80.0,1.0,6979864950.0,32839606.2,19707000000.0,127.98255555555556,3136.0,10.0,2105344.0,2.292160162871827e+17
256.0,4096000.0,3136.0,64.0,3.0,16.0,30.0,14.0,4.0,6.0,2.0,5.0,5.0,3.0,6.0,1.0,3.0,5.0,4.0,5.0,4.0,1.0,1.0,5.0,3.0,1.0,5.0,3.0,2.0,2.0,6.0,1.0,1024.0,16.0,1.0,2.0,8.0,1.0,1.0,1.0,1.0,4.0,32.0,1.0,2.0,6.0,4.0,4.0,6.0,5.0,3.0,1.0,3.0,2.0,4.0,4.0,6.0,5.0,4.0,4.0,2.0,5.0,4.0,4096.0,1.0,384.0,48.0,1.0,1.0,1.0,1.0,20.0,32.0,1.0,774021259.0,32567407.2,19707300000.0,133.98933333333335,3136.0,10.0,5152768.0,2.5207865523309664e+16
64000.0,256000.0,3136.0,64.0,3.0,14.0,4.0,36.0,4.0,4.0,3.0,2.0,3.0,5.0,1.0,2.0,1.0,6.0,6.0,6.0,5.0,6.0,2.0,5.0,2.0,3.0,1.0,5.0,5.0,3.0,2.0,4.0,2048.0,128.0,1.0,2048.0,512.0,1.0,1.0,1.0,1.0,16.0,16.0,1.0,6.0,3.0,6.0,4.0,5.0,1.0,1.0,4.0,4.0,5.0,6.0,4.0,3.0,3.0,4.0,3.0,6.0,1.0,512.0,512.0,1.0,24.0,48.0,1.0,1.0,1.0,1.0,2.0,160.0,1.0,871175034.0,33476654.0,19707600000.0,137.18433333333334,3136.0,10.0,8519680.0,2.9164025186656236e+16
256.0,4096000.0,3136.0,64.0,3.0,10.0,36.0,44.0,3.0,3.0,1.0,1.0,5.0,6.0,2.0,4.0,5.0,2.0,4.0,2.0,1.0,2.0,4.0,2.0,2.0,4.0,2.0,3.0,4.0,4.0,3.0,2.0,8.0,1.0,1.0,2048.0,4.0,1.0,1.0,1.0,1.0,128.0,16.0,1.0,1.0,4.0,5.0,5.0,1.0,2.0,2.0,2.0,6.0,4.0,3.0,4.0,6.0,6.0,4.0,5.0,5.0,5.0,512.0,4096.0,1.0,6.0,96.0,1.0,1.0,1.0,1.0,80.0,64.0,1.0,4496468630.0,35625232.0,19706900000.0,127.33311111111111,3136.0,10.0,1457152.0,1.6018773812447216e+17
8192.0,16000000.0,3136.0,64.0,3.0,8.0,48.0,20.0,3.0,1.0,3.0,2.0,3.0,1.0,4.0,2.0,1.0,3.0,4.0,6.0,1.0,3.0,2.0,1.0,5.0,4.0,1.0,2.0,5.0,5.0,5.0,4.0,64.0,256.0,1.0,2048.0,2048.0,1.0,1.0,1.0,1.0,8.0,1.0,1.0,6.0,1.0,4.0,6.0,1.0,4.0,3.0,4.0,2.0,3.0,6.0,2.0,3.0,6.0,4.0,4.0,2.0,5.0,512.0,2.0,1.0,12.0,1.0,1.0,1.0,1.0,1.0,2.0,160.0,1.0,11047829129.0,32844732.1,19707100000.0,129.59544444444444,3136.0,10.0,3190784.0,3.628629880285814e+17
512000.0,32000.0,3136.0,64.0,3.0,16.0,36.0,32.0,6.0,3.0,3.0,1.0,4.0,6.0,6.0,3.0,5.0,2.0,2.0,4.0,5.0,1.0,6.0,1.0,6.0,5.0,4.0,3.0,5.0,4.0,3.0,4.0,256.0,16.0,1.0,64.0,2.0,1.0,1.0,1.0,1.0,128.0,4.0,1.0,4.0,3.0,1.0,5.0,6.0,2.0,6.0,6.0,4.0,1.0,2.0,2.0,1.0,6.0,4.0,4.0,4.0,5.0,1.0,128.0,1.0,192.0,3072.0,1.0,1.0,1.0,1.0,80.0,1.0,1.0,1431309002.0,33651696.2,19707000000.0,128.0452222222222,3136.0,10.0,2105344.0,4.81659757036292e+16
1024000.0,512000.0,3136.0,64.0,3.0,42.0,14.0,12.0,2.0,5.0,1.0,5.0,6.0,4.0,2.0,3.0,6.0,6.0,5.0,2.0,4.0,5.0,4.0,1.0,5.0,2.0,6.0,2.0,5.0,4.0,4.0,6.0,512.0,1024.0,1.0,1024.0,16.0,1.0,1.0,1.0,1.0,16.0,2.0,1.0,4.0,5.0,3.0,1.0,3.0,1.0,5.0,4.0,2.0,5.0,3.0,2.0,2.0,4.0,2.0,4.0,2.0,3.0,2048.0,128.0,1.0,6.0,512.0,1.0,1.0,1.0,1.0,20.0,320.0,1.0,485108252.0,33568734.0,19707100000.0,134.159,3136.0,10.0,3735552.0,1.6284469872592968e+16
4096.0,16000.0,3136.0,64.0,3.0,44.0,4.0,16.0,4.0,1.0,2.0,4.0,2.0,3.0,1.0,2.0,2.0,1.0,6.0,1.0,6.0,4.0,3.0,5.0,3.0,1.0,5.0,5.0,4.0,2.0,3.0,5.0,2048.0,8.0,1.0,1.0,32.0,1.0,1.0,1.0,1.0,64.0,2.0,1.0,1.0,6.0,5.0,4.0,6.0,5.0,6.0,1.0,2.0,3.0,2.0,1.0,2.0,6.0,4.0,1.0,2.0,1.0,1024.0,2.0,1.0,6.0,24.0,1.0,1.0,1.0,1.0,40.0,160.0,1.0,2795507117.0,34080849.0,19706900000.0,127.79933333333332,3136.0,10.0,1515008.0,9.527325593290234e+16
8192.0,8192000.0,3136.0,64.0,3.0,46.0,36.0,2.0,6.0,6.0,3.0,2.0,3.0,5.0,4.0,1.0,5.0,4.0,2.0,4.0,4.0,5.0,6.0,4.0,1.0,1.0,6.0,5.0,4.0,6.0,3.0,5.0,256.0,4.0,1.0,8.0,2.0,1.0,1.0,1.0,1.0,32.0,16.0,1.0,2.0,1.0,1.0,5.0,6.0,6.0,6.0,2.0,4.0,4.0,1.0,3.0,6.0,6.0,3.0,5.0,4.0,1.0,2048.0,4096.0,1.0,256.0,6.0,1.0,1.0,1.0,1.0,2.0,4.0,1.0,1012082360.0,53870268.0,19707000000.0,128.2722222222222,3136.0,10.0,2131968.0,5.452114797127248e+16
256.0,128000.0,3136.0,64.0,3.0,22.0,38.0,34.0,2.0,1.0,2.0,3.0,3.0,5.0,5.0,2.0,1.0,3.0,6.0,2.0,2.0,3.0,5.0,6.0,1.0,2.0,4.0,5.0,2.0,6.0,1.0,5.0,128.0,1.0,1.0,16.0,32.0,1.0,1.0,1.0,1.0,2.0,1.0,1.0,4.0,6.0,5.0,2.0,4.0,2.0,3.0,6.0,5.0,1.0,2.0,4.0,3.0,6.0,4.0,3.0,2.0,4.0,2.0,256.0,1.0,1024.0,48.0,1.0,1.0,1.0,1.0,64.0,10.0,1.0,8857384565.0,42717660.0,19706800000.0,125.01566666666668,3136.0,10.0,688128.0,3.783667423369179e+17
1024000.0,512000.0,3136.0,64.0,3.0,34.0,40.0,36.0,2.0,3.0,4.0,3.0,6.0,6.0,3.0,1.0,4.0,6.0,6.0,4.0,4.0,6.0,1.0,3.0,6.0,3.0,3.0,1.0,6.0,6.0,4.0,3.0,1024.0,1024.0,1.0,2.0,1024.0,1.0,1.0,1.0,1.0,32.0,16.0,1.0,3.0,1.0,1.0,1.0,1.0,1.0,4.0,6.0,3.0,5.0,5.0,2.0,4.0,4.0,5.0,3.0,4.0,6.0,2.0,256.0,1.0,1024.0,6.0,1.0,1.0,1.0,1.0,80.0,64.0,1.0,24469786091.0,33277791.0,19707000000.0,128.49766666666667,3136.0,10.0,2228224.0,8.143004273510049e+17
256.0,1024000.0,3136.0,64.0,3.0,20.0,38.0,32.0,6.0,3.0,4.0,1.0,4.0,6.0,6.0,5.0,5.0,5.0,2.0,4.0,5.0,1.0,5.0,4.0,3.0,1.0,6.0,2.0,1.0,1.0,3.0,1.0,8.0,2.0,1.0,16.0,16.0,1.0,1.0,1.0,1.0,2.0,2.0,1.0,1.0,1.0,5.0,2.0,1.0,5.0,5.0,4.0,2.0,2.0,2.0,1.0,6.0,1.0,6.0,3.0,5.0,6.0,2.0,32.0,1.0,128.0,24.0,1.0,1.0,1.0,1.0,32.0,20.0,1.0,12270578712.0,38783005.0,19706700000.0,123.7388888888889,3136.0,10.0,28672.0,4.7588991554038957e+17
2048.0,16000000.0,3136.0,64.0,3.0,38.0,18.0,22.0,5.0,1.0,4.0,2.0,1.0,4.0,5.0,6.0,2.0,3.0,6.0,3.0,1.0,1.0,5.0,5.0,5.0,5.0,1.0,2.0,1.0,1.0,6.0,3.0,2.0,512.0,1.0,16.0,2048.0,1.0,1.0,1.0,1.0,8.0,1.0,1.0,5.0,1.0,4.0,6.0,6.0,1.0,3.0,6.0,5.0,6.0,4.0,2.0,5.0,5.0,2.0,4.0,5.0,5.0,4.0,512.0,1.0,256.0,6.0,1.0,1.0,1.0,1.0,16.0,1.0,1.0,6229374123.0,37604173.8,19708300000.0,150.08333333333334,3136.0,10.0,14770176.0,2.3425046718651456e+17
32000.0,64000.0,3136.0,64.0,3.0,10.0,36.0,42.0,4.0,2.0,6.0,1.0,2.0,2.0,1.0,5.0,2.0,6.0,1.0,2.0,5.0,3.0,1.0,1.0,5.0,3.0,1.0,6.0,4.0,4.0,6.0,5.0,4096.0,2048.0,1.0,1.0,1024.0,1.0,1.0,1.0,1.0,2.0,4.0,1.0,5.0,4.0,4.0,1.0,1.0,6.0,6.0,6.0,4.0,6.0,2.0,4.0,4.0,4.0,1.0,5.0,6.0,5.0,1024.0,4.0,1.0,48.0,4.0,1.0,1.0,1.0,1.0,40.0,80.0,1.0,2306299342.0,36403971.0,19707600000.0,137.12555555555556,3136.0,10.0,8429568.0,8.395845436348709e+16
256000.0,32000.0,3136.0,64.0,3.0,18.0,18.0,14.0,1.0,2.0,1.0,3.0,1.0,1.0,2.0,4.0,6.0,3.0,2.0,4.0,1.0,4.0,1.0,4.0,6.0,4.0,4.0,5.0,2.0,2.0,2.0,3.0,2.0,512.0,1.0,8.0,2.0,1.0,1.0,1.0,1.0,2.0,4.0,1.0,3.0,6.0,4.0,5.0,3.0,1.0,5.0,6.0,1.0,4.0,2.0,4.0,5.0,6.0,5.0,2.0,5.0,3.0,256.0,16.0,1.0,16.0,1024.0,1.0,1.0,1.0,1.0,20.0,20.0,1.0,270589424.0,35820295.0,19706900000.0,125.95511111111111,3136.0,10.0,1138688.0,9692592991560080.0
16000.0,64000.0,3136.0,64.0,3.0,2.0,26.0,22.0,6.0,5.0,6.0,1.0,3.0,3.0,1.0,6.0,2.0,3.0,6.0,2.0,4.0,2.0,4.0,4.0,2.0,4.0,5.0,5.0,2.0,3.0,6.0,6.0,2.0,512.0,1.0,256.0,1024.0,1.0,1.0,1.0,1.0,2.0,2.0,1.0,6.0,2.0,4.0,4.0,1.0,2.0,5.0,3.0,3.0,3.0,5.0,6.0,5.0,3.0,1.0,4.0,6.0,2.0,1.0,1.0,1.0,4.0,256.0,1.0,1.0,1.0,1.0,16.0,80.0,1.0,460778781.0,54230780.0,19707300000.0,131.82933333333335,3136.0,10.0,5257216.0,2.498839270107918e+16
256000.0,512000.0,3136.0,64.0,3.0,36.0,16.0,12.0,1.0,3.0,6.0,4.0,2.0,4.0,3.0,1.0,6.0,6.0,1.0,4.0,3.0,4.0,3.0,4.0,3.0,2.0,6.0,6.0,6.0,3.0,1.0,6.0,16.0,64.0,1.0,512.0,32.0,1.0,1.0,1.0,1.0,128.0,64.0,1.0,2.0,4.0,3.0,2.0,6.0,5.0,1.0,2.0,2.0,3.0,6.0,2.0,2.0,1.0,5.0,2.0,5.0,5.0,64.0,64.0,1.0,1024.0,2.0,1.0,1.0,1.0,1.0,16.0,320.0,1.0,2929199236.0,34160001.0,19706800000.0,125.59577777777778,3136.0,10.0,827392.0,1.0006144883095923e+17
32000.0,32000.0,3136.0,64.0,3.0,40.0,14.0,16.0,5.0,3.0,2.0,5.0,6.0,5.0,3.0,6.0,6.0,5.0,6.0,6.0,6.0,5.0,3.0,6.0,4.0,3.0,6.0,5.0,3.0,2.0,2.0,2.0,512.0,1024.0,1.0,16.0,1.0,1.0,1.0,1.0,1.0,1.0,64.0,1.0,1.0,6.0,5.0,5.0,1.0,6.0,1.0,2.0,6.0,5.0,3.0,2.0,2.0,4.0,1.0,4.0,4.0,5.0,4096.0,16.0,1.0,6.0,1024.0,1.0,1.0,1.0,1.0,20.0,1.0,1.0,3651610464.0,33767464.0,19707600000.0,140.4082222222222,3136.0,10.0,8593408.0,1.233056248851433e+17
2048.0,1024000.0,3136.0,64.0,3.0,36.0,28.0,42.0,6.0,3.0,2.0,3.0,5.0,6.0,3.0,3.0,6.0,1.0,2.0,1.0,1.0,1.0,2.0,3.0,3.0,6.0,4.0,6.0,6.0,3.0,6.0,1.0,2048.0,512.0,1.0,256.0,1.0,1.0,1.0,1.0,1.0,32.0,2.0,1.0,4.0,4.0,3.0,6.0,4.0,4.0,1.0,1.0,3.0,2.0,4.0,2.0,1.0,1.0,2.0,5.0,5.0,5.0,1.0,2.0,1.0,3.0,512.0,1.0,1.0,1.0,1.0,32.0,160.0,1.0,5616703081.0,54355043.4,19707000000.0,127.65011111111112,3136.0,10.0,2375680.0,3.0529613973266874e+17
128.0,512000.0,3136.0,64.0,3.0,46.0,2.0,48.0,3.0,3.0,6.0,5.0,5.0,5.0,1.0,6.0,5.0,3.0,5.0,5.0,6.0,3.0,3.0,3.0,1.0,1.0,2.0,4.0,1.0,6.0,4.0,6.0,128.0,64.0,1.0,4.0,1.0,1.0,1.0,1.0,1.0,16.0,32.0,1.0,5.0,1.0,4.0,1.0,5.0,2.0,1.0,4.0,1.0,1.0,3.0,2.0,5.0,4.0,2.0,2.0,3.0,4.0,32.0,8.0,1.0,384.0,384.0,1.0,1.0,1.0,1.0,16.0,1.0,1.0,20677365793.0,40920700.0,19706700000.0,123.77044444444444,3136.0,10.0,37888.0,8.461322824056151e+17
64000.0,16000000.0,3136.0,64.0,3.0,26.0,42.0,24.0,6.0,4.0,1.0,2.0,2.0,4.0,3.0,2.0,3.0,4.0,3.0,1.0,6.0,6.0,6.0,2.0,2.0,4.0,4.0,3.0,3.0,3.0,6.0,5.0,1.0,16.0,1.0,16.0,512.0,1.0,1.0,1.0,1.0,64.0,4.0,1.0,5.0,4.0,1.0,2.0,2.0,1.0,2.0,5.0,4.0,2.0,3.0,1.0,5.0,5.0,1.0,1.0,6.0,6.0,4096.0,256.0,1.0,1.0,512.0,1.0,1.0,1.0,1.0,10.0,5.0,1.0,228130614.0,33175917.0,19707200000.0,132.08388888888888,3136.0,10.0,4286464.0,7568442315223038.0
512000.0,16000000.0,3136.0,64.0,3.0,40.0,38.0,38.0,3.0,2.0,1.0,2.0,4.0,3.0,1.0,3.0,4.0,2.0,2.0,6.0,2.0,5.0,6.0,1.0,2.0,6.0,6.0,1.0,1.0,4.0,1.0,1.0,16.0,128.0,1.0,1024.0,1.0,1.0,1.0,1.0,1.0,1.0,2.0,1.0,2.0,4.0,3.0,3.0,5.0,5.0,4.0,2.0,3.0,5.0,3.0,4.0,2.0,6.0,3.0,4.0,3.0,1.0,2048.0,16.0,1.0,192.0,16.0,1.0,1.0,1.0,1.0,80.0,10.0,1.0,593236770.0,43047210.0,19706900000.0,126.28633333333333,3136.0,10.0,1144832.0,2.55371878179117e+16
256.0,512000.0,3136.0,64.0,3.0,46.0,16.0,38.0,6.0,1.0,6.0,1.0,2.0,3.0,1.0,5.0,6.0,6.0,1.0,3.0,3.0,4.0,3.0,3.0,5.0,4.0,5.0,5.0,6.0,3.0,3.0,5.0,2048.0,4096.0,1.0,32.0,64.0,1.0,1.0,1.0,1.0,128.0,2.0,1.0,6.0,6.0,4.0,4.0,6.0,3.0,2.0,3.0,5.0,1.0,2.0,1.0,3.0,2.0,1.0,6.0,4.0,5.0,128.0,64.0,1.0,512.0,512.0,1.0,1.0,1.0,1.0,20.0,8.0,1.0,8699080877.0,32759811.8,19706900000.0,127.46433333333333,3136.0,10.0,1589248.0,2.8498025236349894e+17
64000.0,64000.0,3136.0,64.0,3.0,46.0,4.0,44.0,6.0,6.0,3.0,1.0,6.0,6.0,5.0,4.0,2.0,4.0,6.0,2.0,3.0,6.0,1.0,2.0,5.0,3.0,6.0,1.0,1.0,5.0,3.0,2.0,4.0,2048.0,1.0,64.0,16.0,1.0,1.0,1.0,1.0,128.0,64.0,1.0,1.0,2.0,6.0,6.0,3.0,3.0,3.0,5.0,4.0,3.0,5.0,2.0,4.0,1.0,4.0,3.0,1.0,4.0,128.0,128.0,1.0,1024.0,8.0,1.0,1.0,1.0,1.0,5.0,32.0,1.0,851647381.0,34680301.8,19707200000.0,135.05377777777778,3136.0,10.0,4661248.0,2.9535388200259584e+16
32000.0,1024000.0,3136.0,64.0,3.0,30.0,30.0,20.0,2.0,3.0,6.0,3.0,2.0,3.0,3.0,5.0,3.0,1.0,4.0,3.0,4.0,5.0,2.0,2.0,3.0,2.0,1.0,2.0,6.0,2.0,5.0,1.0,4096.0,512.0,1.0,64.0,16.0,1.0,1.0,1.0,1.0,2.0,64.0,1.0,6.0,3.0,3.0,4.0,5.0,2.0,6.0,6.0,6.0,6.0,4.0,5.0,4.0,1.0,5.0,3.0,3.0,5.0,16.0,2.0,1.0,192.0,2.0,1.0,1.0,1.0,1.0,40.0,10.0,1.0,1262718378.0,39903975.0,19706900000.0,125.34733333333332,3136.0,10.0,1056768.0,5.038748258775255e+16
1024.0,32000.0,3136.0,64.0,3.0,36.0,30.0,34.0,6.0,1.0,6.0,4.0,1.0,2.0,2.0,3.0,1.0,1.0,5.0,5.0,6.0,2.0,5.0,3.0,5.0,5.0,5.0,5.0,1.0,1.0,4.0,4.0,256.0,8.0,1.0,64.0,4.0,1.0,1.0,1.0,1.0,4.0,8.0,1.0,5.0,6.0,3.0,1.0,2.0,3.0,4.0,2.0,2.0,1.0,2.0,5.0,6.0,2.0,2.0,2.0,5.0,2.0,64.0,1024.0,1.0,3072.0,3.0,1.0,1.0,1.0,1.0,2.0,2.0,1.0,11715768668.0,32835914.0,19708700000.0,160.07744444444444,3136.0,10.0,18898944.0,3.846979724263425e+17
512000.0,4096000.0,3136.0,64.0,3.0,32.0,20.0,30.0,6.0,5.0,2.0,5.0,1.0,5.0,1.0,2.0,5.0,1.0,5.0,5.0,3.0,6.0,5.0,4.0,2.0,4.0,3.0,5.0,5.0,3.0,6.0,6.0,16.0,64.0,1.0,4.0,256.0,1.0,1.0,1.0,1.0,128.0,8.0,1.0,4.0,1.0,4.0,6.0,1.0,3.0,3.0,3.0,4.0,2.0,1.0,6.0,5.0,5.0,2.0,3.0,2.0,3.0,1024.0,2048.0,1.0,8.0,384.0,1.0,1.0,1.0,1.0,64.0,32.0,1.0,53078090.0,33608168.0,19707100000.0,131.28866666666664,3136.0,10.0,3719168.0,1783857365839120.0
512000.0,4096000.0,3136.0,64.0,3.0,4.0,18.0,46.0,6.0,3.0,4.0,3.0,6.0,6.0,6.0,6.0,6.0,6.0,4.0,2.0,6.0,6.0,4.0,6.0,5.0,2.0,4.0,2.0,3.0,6.0,1.0,1.0,256.0,2048.0,1.0,4.0,64.0,1.0,1.0,1.0,1.0,128.0,32.0,1.0,6.0,6.0,5.0,5.0,6.0,5.0,6.0,3.0,4.0,6.0,4.0,1.0,4.0,6.0,4.0,6.0,4.0,2.0,256.0,256.0,1.0,384.0,768.0,1.0,1.0,1.0,1.0,2.0,80.0,1.0,9697352572.0,32665461.8,19706900000.0,128.8521111111111,3136.0,10.0,1589248.0,3.1676850000179776e+17
512.0,512000.0,3136.0,64.0,3.0,20.0,46.0,6.0,6.0,6.0,6.0,3.0,2.0,3.0,2.0,6.0,1.0,5.0,5.0,2.0,5.0,6.0,1.0,6.0,3.0,5.0,6.0,6.0,2.0,4.0,6.0,4.0,512.0,128.0,1.0,32.0,8.0,1.0,1.0,1.0,1.0,1.0,1.0,1.0,5.0,2.0,5.0,6.0,3.0,2.0,1.0,5.0,2.0,3.0,5.0,1.0,1.0,1.0,2.0,1.0,2.0,5.0,2048.0,128.0,1.0,768.0,12.0,1.0,1.0,1.0,1.0,320.0,320.0,1.0,448897482.0,33003181.0,19707700000.0,142.13555555555556,3136.0,10.0,9404416.0,1.4815044848890242e+16
16000.0,256000.0,3136.0,64.0,3.0,48.0,28.0,10.0,3.0,3.0,6.0,2.0,6.0,4.0,3.0,4.0,6.0,4.0,3.0,1.0,1.0,6.0,3.0,4.0,4.0,4.0,1.0,3.0,1.0,5.0,1.0,5.0,4096.0,64.0,1.0,1.0,64.0,1.0,1.0,1.0,1.0,64.0,32.0,1.0,6.0,4.0,2.0,4.0,3.0,6.0,5.0,3.0,5.0,4.0,4.0,3.0,2.0,6.0,3.0,5.0,5.0,2.0,32.0,1.0,1.0,96.0,16.0,1.0,1.0,1.0,1.0,80.0,64.0,1.0,6845186986.0,36015455.0,19706900000.0,125.35455555555556,3136.0,10.0,1056768.0,2.4653252386086864e+17
512.0,8192000.0,3136.0,64.0,3.0,8.0,22.0,16.0,1.0,6.0,6.0,5.0,5.0,2.0,2.0,2.0,1.0,5.0,2.0,4.0,3.0,2.0,3.0,4.0,4.0,5.0,1.0,5.0,5.0,1.0,3.0,2.0,512.0,2.0,1.0,1024.0,1.0,1.0,1.0,1.0,1.0,32.0,64.0,1.0,5.0,2.0,6.0,6.0,3.0,5.0,6.0,1.0,3.0,1.0,5.0,1.0,3.0,3.0,4.0,4.0,1.0,1.0,1024.0,8.0,1.0,12.0,768.0,1.0,1.0,1.0,1.0,1.0,20.0,1.0,964037970.0,36794348.0,19706900000.0,128.74455555555556,3136.0,10.0,1644544.0,3.547114855339356e+16
8192.0,4096000.0,3136.0,64.0,3.0,2.0,14.0,28.0,6.0,1.0,2.0,6.0,3.0,4.0,3.0,3.0,2.0,6.0,6.0,5.0,4.0,4.0,1.0,2.0,1.0,2.0,3.0,3.0,6.0,6.0,1.0,6.0,2048.0,256.0,1.0,2048.0,32.0,1.0,1.0,1.0,1.0,4.0,1.0,1.0,4.0,5.0,5.0,2.0,5.0,6.0,5.0,5.0,6.0,2.0,3.0,2.0,1.0,4.0,2.0,5.0,3.0,1.0,512.0,4096.0,1.0,1024.0,64.0,1.0,1.0,1.0,1.0,32.0,8.0,1.0,7180876128.0,32542004.8,19708500000.0,166.18955555555556,3136.0,10.0,16826368.0,2.336801054255814e+17
1024000.0,16000000.0,3136.0,64.0,3.0,12.0,36.0,16.0,3.0,6.0,1.0,5.0,3.0,6.0,5.0,6.0,3.0,3.0,2.0,4.0,5.0,1.0,4.0,5.0,6.0,2.0,6.0,5.0,2.0,2.0,4.0,4.0,2.0,16.0,1.0,64.0,16.0,1.0,1.0,1.0,1.0,8.0,4.0,1.0,5.0,4.0,5.0,5.0,1.0,5.0,5.0,3.0,3.0,5.0,5.0,2.0,6.0,5.0,1.0,1.0,5.0,6.0,1024.0,1024.0,1.0,3.0,768.0,1.0,1.0,1.0,1.0,40.0,16.0,1.0,640198572.0,35519406.0,19706900000.0,126.97777777777777,3136.0,10.0,1716224.0,2.273947299948823e+16
128.0,2048000.0,3136.0,64.0,3.0,20.0,24.0,36.0,3.0,5.0,6.0,1.0,5.0,5.0,3.0,6.0,2.0,6.0,3.0,2.0,4.0,2.0,4.0,5.0,3.0,5.0,3.0,3.0,5.0,4.0,2.0,6.0,512.0,64.0,1.0,2.0,16.0,1.0,1.0,1.0,1.0,32.0,64.0,1.0,6.0,4.0,1.0,1.0,3.0,1.0,5.0,2.0,5.0,3.0,6.0,2.0,5.0,6.0,2.0,2.0,3.0,4.0,1024.0,4.0,1.0,512.0,1536.0,1.0,1.0,1.0,1.0,64.0,20.0,1.0,872762367.0,33913443.0,19707100000.0,130.46911111111112,3136.0,10.0,3473408.0,2.959837678579958e+16
32000.0,64000.0,3136.0,64.0,3.0,10.0,44.0,44.0,1.0,3.0,5.0,4.0,1.0,3.0,4.0,5.0,6.0,1.0,6.0,4.0,4.0,6.0,5.0,1.0,4.0,2.0,4.0,2.0,1.0,3.0,5.0,5.0,8.0,256.0,1.0,8.0,2048.0,1.0,1.0,1.0,1.0,128.0,1.0,1.0,2.0,5.0,1.0,1.0,1.0,3.0,5.0,2.0,3.0,4.0,3.0,1.0,5.0,2.0,4.0,6.0,5.0,6.0,512.0,64.0,1.0,16.0,64.0,1.0,1.0,1.0,1.0,4.0,32.0,1.0,2619300184.0,34103152.6,19706900000.0,126.39155555555556,3136.0,10.0,1638400.0,8.932639388016008e+16
512000.0,64000.0,3136.0,64.0,3.0,16.0,18.0,24.0,3.0,4.0,4.0,2.0,2.0,3.0,5.0,6.0,4.0,6.0,2.0,5.0,1.0,2.0,1.0,2.0,6.0,2.0,3.0,1.0,5.0,4.0,3.0,6.0,8.0,32.0,1.0,16.0,32.0,1.0,1.0,1.0,1.0,128.0,64.0,1.0,3.0,4.0,5.0,6.0,4.0,1.0,2.0,2.0,6.0,3.0,1.0,1.0,4.0,2.0,6.0,1.0,6.0,6.0,16.0,4.0,1.0,768.0,256.0,1.0,1.0,1.0,1.0,32.0,320.0,1.0,554158118.0,39129077.0,19706800000.0,124.72033333333333,3136.0,10.0,526336.0,2.168369566939709e+16
512000.0,16000.0,3136.0,64.0,3.0,38.0,24.0,46.0,5.0,2.0,5.0,2.0,3.0,4.0,3.0,2.0,6.0,1.0,2.0,3.0,4.0,6.0,1.0,2.0,5.0,5.0,4.0,3.0,4.0,3.0,5.0,5.0,2048.0,16.0,1.0,256.0,32.0,1.0,1.0,1.0,1.0,32.0,16.0,1.0,6.0,5.0,4.0,5.0,5.0,4.0,2.0,4.0,3.0,2.0,4.0,5.0,2.0,6.0,3.0,1.0,6.0,6.0,256.0,4096.0,1.0,512.0,6.0,1.0,1.0,1.0,1.0,160.0,20.0,1.0,22281071678.0,32619163.4,19707300000.0,138.19122222222222,3136.0,10.0,5668864.0,7.267899177917942e+17
2048.0,16000000.0,3136.0,64.0,3.0,42.0,10.0,34.0,2.0,3.0,4.0,3.0,5.0,6.0,6.0,5.0,4.0,2.0,1.0,6.0,2.0,6.0,5.0,4.0,5.0,3.0,3.0,3.0,3.0,1.0,1.0,5.0,256.0,512.0,1.0,512.0,512.0,1.0,1.0,1.0,1.0,8.0,16.0,1.0,3.0,2.0,4.0,1.0,5.0,2.0,4.0,1.0,3.0,3.0,1.0,3.0,4.0,3.0,6.0,2.0,4.0,1.0,16.0,2048.0,1.0,1024.0,1536.0,1.0,1.0,1.0,1.0,20.0,8.0,1.0,24427927737.0,32598927.0,19707400000.0,136.87055555555557,3136.0,10.0,6434816.0,7.963242330597382e+17
64000.0,256000.0,3136.0,64.0,3.0,8.0,24.0,18.0,3.0,3.0,1.0,6.0,3.0,2.0,2.0,3.0,2.0,1.0,1.0,1.0,5.0,3.0,3.0,5.0,5.0,6.0,2.0,5.0,2.0,4.0,3.0,6.0,1.0,1.0,1.0,1024.0,2.0,1.0,1.0,1.0,1.0,64.0,16.0,1.0,6.0,5.0,5.0,5.0,1.0,2.0,6.0,4.0,3.0,4.0,2.0,3.0,3.0,6.0,2.0,1.0,2.0,3.0,4.0,4.0,1.0,3072.0,192.0,1.0,1.0,1.0,1.0,32.0,5.0,1.0,1372727325.0,72394260.0,19706900000.0,126.77711111111111,3136.0,10.0,1402624.0,9.93775788751545e+16
512000.0,512000.0,3136.0,64.0,3.0,20.0,24.0,12.0,3.0,5.0,5.0,6.0,2.0,3.0,5.0,2.0,6.0,4.0,1.0,4.0,1.0,6.0,1.0,1.0,4.0,5.0,1.0,3.0,3.0,5.0,1.0,4.0,1024.0,128.0,1.0,512.0,2.0,1.0,1.0,1.0,1.0,8.0,2.0,1.0,2.0,2.0,4.0,1.0,5.0,5.0,3.0,2.0,3.0,2.0,2.0,4.0,3.0,3.0,3.0,1.0,5.0,4.0,4096.0,16.0,1.0,3072.0,24.0,1.0,1.0,1.0,1.0,20.0,4.0,1.0,141177888.0,32623507.0,19709700000.0,179.39788888888887,3136.0,10.0,28033024.0,4605717817413216.0
4096.0,32000.0,3136.0,64.0,3.0,44.0,36.0,18.0,4.0,3.0,5.0,6.0,6.0,5.0,2.0,4.0,2.0,1.0,1.0,5.0,4.0,2.0,1.0,5.0,4.0,2.0,1.0,5.0,5.0,5.0,3.0,2.0,8.0,4.0,1.0,128.0,32.0,1.0,1.0,1.0,1.0,1.0,128.0,1.0,6.0,6.0,3.0,1.0,5.0,1.0,2.0,1.0,3.0,5.0,3.0,4.0,1.0,3.0,1.0,4.0,2.0,1.0,512.0,512.0,1.0,192.0,8.0,1.0,1.0,1.0,1.0,40.0,40.0,1.0,9344983334.0,35305438.0,19706800000.0,124.54833333333333,3136.0,10.0,421888.0,3.299287297095703e+17
64000.0,64000.0,3136.0,64.0,3.0,32.0,46.0,36.0,3.0,6.0,1.0,4.0,4.0,4.0,2.0,3.0,4.0,3.0,6.0,6.0,3.0,1.0,1.0,5.0,2.0,6.0,5.0,3.0,6.0,5.0,6.0,5.0,128.0,1.0,1.0,256.0,4.0,1.0,1.0,1.0,1.0,64.0,64.0,1.0,5.0,3.0,1.0,5.0,4.0,5.0,1.0,3.0,3.0,1.0,4.0,3.0,2.0,1.0,1.0,2.0,2.0,4.0,2048.0,256.0,1.0,1536.0,6.0,1.0,1.0,1.0,1.0,10.0,10.0,1.0,606654450.0,37347403.0,19707400000.0,136.05511111111113,3136.0,10.0,6363136.0,2.265696822589335e+16
2048.0,16000.0,3136.0,64.0,3.0,24.0,20.0,38.0,6.0,3.0,1.0,5.0,4.0,5.0,6.0,4.0,5.0,4.0,6.0,4.0,2.0,1.0,6.0,4.0,1.0,6.0,5.0,2.0,5.0,3.0,5.0,1.0,1024.0,4096.0,1.0,512.0,32.0,1.0,1.0,1.0,1.0,2.0,2.0,1.0,6.0,2.0,5.0,1.0,2.0,4.0,2.0,5.0,1.0,1.0,4.0,3.0,6.0,3.0,6.0,4.0,2.0,1.0,8.0,1.0,1.0,1.0,1.0,1.0,1.0,1.0,1.0,40.0,64.0,1.0,4776737413.0,109087188.9,19707200000.0,130.1508888888889,3136.0,10.0,4212736.0,5.2108085649762835e+17
8192.0,1024000.0,3136.0,64.0,3.0,10.0,46.0,26.0,1.0,6.0,6.0,4.0,3.0,1.0,2.0,2.0,1.0,6.0,6.0,1.0,2.0,6.0,4.0,2.0,3.0,5.0,5.0,1.0,4.0,5.0,6.0,6.0,16.0,4096.0,1.0,16.0,2.0,1.0,1.0,1.0,1.0,16.0,128.0,1.0,5.0,5.0,6.0,5.0,5.0,5.0,2.0,6.0,5.0,4.0,6.0,4.0,2.0,2.0,2.0,4.0,6.0,2.0,512.0,64.0,1.0,3072.0,1536.0,1.0,1.0,1.0,1.0,80.0,8.0,1.0,2584766563.0,32639881.8,19707100000.0,132.62644444444445,3136.0,10.0,3719168.0,8.436647509691226e+16
2048.0,32000.0,3136.0,64.0,3.0,34.0,30.0,10.0,1.0,3.0,6.0,5.0,3.0,5.0,4.0,4.0,1.0,2.0,5.0,5.0,4.0,2.0,1.0,1.0,5.0,2.0,1.0,3.0,2.0,4.0,5.0,1.0,32.0,2.0,1.0,512.0,64.0,1.0,1.0,1.0,1.0,64.0,8.0,1.0,2.0,2.0,2.0,6.0,3.0,6.0,6.0,4.0,1.0,1.0,3.0,4.0,1.0,6.0,1.0,1.0,4.0,5.0,256.0,8.0,1.0,2.0,48.0,1.0,1.0,1.0,1.0,4.0,80.0,1.0,11458863183.0,34258239.0,19706800000.0,123.98044444444444,3136.0,10.0,102400.0,3.9256047359151475e+17
256000.0,32000.0,3136.0,64.0,3.0,48.0,10.0,4.0,6.0,4.0,1.0,1.0,6.0,4.0,6.0,3.0,5.0,4.0,5.0,1.0,6.0,3.0,1.0,5.0,4.0,3.0,2.0,4.0,5.0,2.0,3.0,4.0,4096.0,2048.0,1.0,512.0,16.0,1.0,1.0,1.0,1.0,2.0,16.0,1.0,1.0,4.0,2.0,6.0,5.0,2.0,2.0,5.0,4.0,4.0,6.0,4.0,5.0,1.0,3.0,3.0,3.0,4.0,4096.0,16.0,1.0,32.0,1024.0,1.0,1.0,1.0,1.0,40.0,2.0,1.0,6126644326.0,34662127.0,19707700000.0,147.20366666666666,3136.0,10.0,8798208.0,2.123625237116414e+17
2048000.0,32000000.0,3136.0,64.0,3.0,16.0,28.0,12.0,1.0,2.0,6.0,6.0,2.0,4.0,5.0,3.0,4.0,4.0,2.0,4.0,1.0,2.0,6.0,2.0,5.0,2.0,5.0,6.0,4.0,1.0,1.0,6.0,16.0,1024.0,1.0,128.0,32.0,1.0,1.0,1.0,1.0,1.0,128.0,1.0,5.0,1.0,2.0,3.0,1.0,6.0,2.0,5.0,3.0,4.0,6.0,3.0,1.0,4.0,6.0,1.0,4.0,2.0,4096.0,1.0,1.0,8.0,256.0,1.0,1.0,1.0,1.0,2.0,1.0,1.0,25690123877.0,74590238.0,19707000000.0,128.59,3136.0,10.0,2114560.0,1.9162324542349128e+18
32000.0,128000.0,3136.0,64.0,3.0,26.0,12.0,42.0,2.0,5.0,1.0,5.0,5.0,6.0,2.0,3.0,2.0,4.0,2.0,5.0,3.0,6.0,3.0,5.0,4.0,3.0,1.0,2.0,5.0,6.0,1.0,5.0,256.0,4.0,1.0,64.0,256.0,1.0,1.0,1.0,1.0,1.0,2.0,1.0,3.0,1.0,6.0,4.0,1.0,5.0,2.0,3.0,1.0,1.0,2.0,6.0,6.0,6.0,6.0,1.0,2.0,5.0,4096.0,1.0,1.0,96.0,128.0,1.0,1.0,1.0,1.0,16.0,64.0,1.0,2973140887.0,43518990.0,19706900000.0,126.9331111111111,3136.0,10.0,1589248.0,1.2938808852994413e+17
4096.0,256000.0,3136.0,64.0,3.0,2.0,24.0,24.0,5.0,6.0,3.0,4.0,3.0,1.0,2.0,4.0,2.0,5.0,1.0,5.0,3.0,1.0,6.0,5.0,1.0,1.0,6.0,4.0,4.0,6.0,2.0,3.0,32.0,16.0,1.0,2.0,2.0,1.0,1.0,1.0,1.0,32.0,4.0,1.0,5.0,3.0,2.0,4.0,3.0,2.0,1.0,3.0,6.0,1.0,4.0,5.0,1.0,2.0,6.0,6.0,4.0,1.0,1024.0,256.0,1.0,12.0,1536.0,1.0,1.0,1.0,1.0,8.0,2.0,1.0,679437037.0,48325780.0,19708100000.0,147.98988888888888,3136.0,10.0,12673024.0,3.283432477391386e+16
2048000.0,32000000.0,3136.0,64.0,3.0,42.0,16.0,36.0,4.0,3.0,2.0,6.0,4.0,5.0,1.0,3.0,5.0,2.0,6.0,6.0,6.0,3.0,4.0,4.0,5.0,6.0,1.0,2.0,5.0,5.0,5.0,3.0,16.0,2048.0,1.0,256.0,1024.0,1.0,1.0,1.0,1.0,32.0,16.0,1.0,5.0,1.0,3.0,1.0,2.0,5.0,4.0,2.0,6.0,4.0,3.0,5.0,6.0,3.0,3.0,6.0,6.0,3.0,128.0,1.0,1.0,256.0,1.0,1.0,1.0,1.0,1.0,20.0,320.0,1.0,21172868060.0,33154185.9,19707300000.0,131.917,3136.0,10.0,4980736.0,7.019692036974124e+17
2048.0,128000.0,3136.0,64.0,3.0,48.0,28.0,10.0,2.0,4.0,3.0,2.0,3.0,5.0,5.0,3.0,6.0,4.0,3.0,2.0,4.0,5.0,6.0,2.0,3.0,6.0,1.0,1.0,4.0,3.0,6.0,6.0,64.0,1024.0,1.0,8.0,16.0,1.0,1.0,1.0,1.0,4.0,32.0,1.0,6.0,3.0,3.0,1.0,1.0,1.0,6.0,1.0,1.0,5.0,5.0,2.0,3.0,6.0,1.0,6.0,4.0,4.0,128.0,128.0,1.0,24.0,512.0,1.0,1.0,1.0,1.0,1.0,320.0,1.0,3092432810.0,33624344.0,19706800000.0,124.87211111111111,3136.0,10.0,540672.0,1.0398102460032664e+17
128.0,2048000.0,3136.0,64.0,3.0,34.0,44.0,18.0,6.0,4.0,2.0,6.0,6.0,5.0,2.0,1.0,5.0,6.0,2.0,6.0,5.0,2.0,4.0,6.0,3.0,6.0,5.0,4.0,5.0,3.0,2.0,1.0,2048.0,1.0,1.0,1024.0,1.0,1.0,1.0,1.0,1.0,32.0,4.0,1.0,5.0,6.0,5.0,2.0,4.0,6.0,4.0,1.0,1.0,4.0,1.0,4.0,1.0,4.0,3.0,4.0,5.0,5.0,4096.0,512.0,1.0,192.0,16.0,1.0,1.0,1.0,1.0,5.0,320.0,1.0,9664177153.0,32723799.0,19707600000.0,145.32233333333335,3136.0,10.0,8716288.0,3.162485906551642e+17
64000.0,1024000.0,3136.0,64.0,3.0,30.0,8.0,42.0,5.0,5.0,2.0,1.0,6.0,3.0,4.0,1.0,3.0,4.0,4.0,6.0,4.0,3.0,4.0,2.0,2.0,5.0,5.0,1.0,6.0,1.0,6.0,1.0,1024.0,2048.0,1.0,64.0,32.0,1.0,1.0,1.0,1.0,4.0,32.0,1.0,4.0,3.0,5.0,3.0,4.0,3.0,6.0,5.0,1.0,5.0,2.0,1.0,4.0,4.0,4.0,1.0,2.0,3.0,256.0,2.0,1.0,32.0,48.0,1.0,1.0,1.0,1.0,4.0,32.0,1.0,185166111.0,34973125.0,19706800000.0,124.37677777777778,3136.0,10.0,397312.0,6475837545766875.0
1024.0,64000.0,3136.0,64.0,3.0,26.0,34.0,44.0,4.0,6.0,2.0,6.0,3.0,5.0,5.0,5.0,2.0,3.0,1.0,2.0,2.0,6.0,6.0,3.0,4.0,6.0,5.0,5.0,6.0,1.0,2.0,4.0,2.0,1.0,1.0,128.0,1.0,1.0,1.0,1.0,1.0,8.0,32.0,1.0,2.0,6.0,2.0,3.0,6.0,1.0,6.0,4.0,1.0,5.0,3.0,2.0,5.0,4.0,6.0,3.0,5.0,3.0,4.0,256.0,1.0,1.0,192.0,1.0,1.0,1.0,1.0,40.0,40.0,1.0,392303735.0,43325180.0,19706800000.0,124.03533333333333,3136.0,10.0,169984.0,1.69966299335473e+16
512000.0,128000.0,3136.0,64.0,3.0,36.0,10.0,8.0,5.0,6.0,1.0,1.0,6.0,1.0,4.0,6.0,3.0,2.0,1.0,4.0,2.0,2.0,2.0,1.0,3.0,6.0,6.0,5.0,6.0,2.0,2.0,2.0,4.0,8.0,1.0,64.0,64.0,1.0,1.0,1.0,1.0,4.0,8.0,1.0,3.0,1.0,1.0,3.0,4.0,3.0,5.0,4.0,6.0,2.0,1.0,3.0,2.0,1.0,4.0,5.0,2.0,3.0,8.0,4.0,1.0,32.0,128.0,1.0,1.0,1.0,1.0,5.0,20.0,1.0,9342222345.0,49990781.0,19706700000.0,123.701,3136.0,10.0,7488.0,4.670249913022015e+17
4096.0,2048000.0,3136.0,64.0,3.0,26.0,26.0,20.0,4.0,5.0,3.0,2.0,5.0,1.0,4.0,4.0,6.0,4.0,5.0,1.0,4.0,2.0,3.0,1.0,2.0,3.0,1.0,2.0,3.0,4.0,2.0,4.0,2048.0,4096.0,1.0,32.0,128.0,1.0,1.0,1.0,1.0,32.0,32.0,1.0,6.0,1.0,2.0,6.0,2.0,5.0,4.0,3.0,1.0,1.0,6.0,2.0,4.0,2.0,2.0,5.0,1.0,4.0,64.0,4096.0,1.0,1536.0,768.0,1.0,1.0,1.0,1.0,320.0,40.0,1.0,11140117227.0,32602688.0,19708400000.0,156.73133333333334,3136.0,10.0,16187392.0,3.631977662353062e+17
1024.0,32000.0,3136.0,64.0,3.0,18.0,42.0,46.0,2.0,4.0,6.0,3.0,2.0,4.0,4.0,2.0,5.0,3.0,3.0,3.0,5.0,1.0,3.0,1.0,5.0,6.0,4.0,2.0,3.0,5.0,5.0,1.0,4.0,8.0,1.0,16.0,64.0,1.0,1.0,1.0,1.0,2.0,16.0,1.0,1.0,2.0,5.0,5.0,3.0,2.0,4.0,1.0,4.0,2.0,4.0,2.0,1.0,2.0,4.0,6.0,4.0,1.0,2.0,1.0,1.0,64.0,6.0,1.0,1.0,1.0,1.0,20.0,32.0,1.0,1343160329.0,82925338.0,19706700000.0,123.69722222222222,3136.0,10.0,4480.0,1.1138202427051621e+17
8192.0,8192000.0,3136.0,64.0,3.0,16.0,18.0,2.0,5.0,3.0,1.0,3.0,4.0,6.0,4.0,6.0,4.0,1.0,1.0,2.0,6.0,5.0,2.0,4.0,3.0,5.0,1.0,3.0,2.0,4.0,1.0,5.0,2048.0,64.0,1.0,64.0,512.0,1.0,1.0,1.0,1.0,32.0,4.0,1.0,4.0,5.0,3.0,4.0,5.0,6.0,2.0,2.0,1.0,6.0,1.0,2.0,1.0,1.0,6.0,4.0,5.0,2.0,512.0,4096.0,1.0,384.0,1536.0,1.0,1.0,1.0,1.0,1.0,80.0,1.0,1392567091.0,32545334.6,19708100000.0,152.99455555555556,3136.0,10.0,13484032.0,4.532156192954365e+16
128000.0,32000.0,3136.0,64.0,3.0,44.0,22.0,2.0,6.0,6.0,6.0,6.0,3.0,5.0,1.0,5.0,4.0,5.0,1.0,1.0,2.0,6.0,2.0,6.0,6.0,5.0,4.0,6.0,5.0,1.0,6.0,3.0,64.0,1024.0,1.0,4.0,64.0,1.0,1.0,1.0,1.0,128.0,8.0,1.0,1.0,1.0,6.0,4.0,6.0,1.0,1.0,3.0,5.0,3.0,1.0,1.0,6.0,3.0,5.0,4.0,3.0,3.0,16.0,64.0,1.0,48.0,2.0,1.0,1.0,1.0,1.0,2.0,64.0,1.0,93769227.0,33591225.9,19706900000.0,127.89044444444444,3136.0,10.0,1589248.0,3149823286625379.0
128000.0,64000.0,3136.0,64.0,3.0,20.0,8.0,44.0,1.0,5.0,4.0,1.0,6.0,4.0,5.0,5.0,4.0,4.0,3.0,3.0,2.0,6.0,6.0,2.0,3.0,4.0,4.0,5.0,5.0,1.0,4.0,6.0,16.0,256.0,1.0,1024.0,512.0,1.0,1.0,1.0,1.0,4.0,4.0,1.0,3.0,2.0,1.0,2.0,3.0,6.0,3.0,2.0,6.0,1.0,6.0,6.0,2.0,4.0,6.0,6.0,5.0,6.0,2048.0,4096.0,1.0,3072.0,128.0,1.0,1.0,1.0,1.0,4.0,80.0,1.0,4664192921.0,32569386.6,19709500000.0,174.93533333333335,3136.0,10.0,26312704.0,1.5190990242103226e+17
128.0,16000000.0,3136.0,64.0,3.0,28.0,44.0,36.0,1.0,5.0,4.0,5.0,3.0,6.0,2.0,4.0,4.0,1.0,6.0,3.0,3.0,2.0,5.0,1.0,1.0,2.0,6.0,5.0,2.0,6.0,5.0,6.0,128.0,2.0,1.0,1.0,8.0,1.0,1.0,1.0,1.0,128.0,2.0,1.0,5.0,3.0,2.0,1.0,2.0,5.0,2.0,5.0,4.0,4.0,1.0,6.0,1.0,4.0,5.0,3.0,2.0,1.0,16.0,64.0,1.0,128.0,96.0,1.0,1.0,1.0,1.0,10.0,4.0,1.0,9734012967.0,37044961.0,19706700000.0,123.77833333333332,3136.0,10.0,36864.0,3.605961307360093e+17
128000.0,16000000.0,3136.0,64.0,3.0,24.0,36.0,46.0,6.0,3.0,5.0,4.0,1.0,6.0,1.0,6.0,5.0,5.0,2.0,3.0,1.0,6.0,2.0,4.0,1.0,6.0,5.0,4.0,6.0,1.0,6.0,3.0,8.0,8.0,1.0,16.0,2048.0,1.0,1.0,1.0,1.0,64.0,8.0,1.0,4.0,1.0,1.0,5.0,4.0,1.0,5.0,3.0,4.0,3.0,6.0,1.0,4.0,5.0,6.0,6.0,2.0,1.0,512.0,256.0,1.0,16.0,768.0,1.0,1.0,1.0,1.0,10.0,64.0,1.0,24432365600.0,36208508.0,19706800000.0,125.95844444444444,3136.0,10.0,950272.0,8.846595052865248e+17
128.0,32000.0,3136.0,64.0,3.0,40.0,16.0,30.0,6.0,4.0,1.0,4.0,4.0,2.0,2.0,3.0,3.0,3.0,3.0,1.0,4.0,6.0,5.0,6.0,6.0,2.0,2.0,4.0,1.0,4.0,1.0,3.0,128.0,8.0,1.0,64.0,8.0,1.0,1.0,1.0,1.0,32.0,2.0,1.0,6.0,6.0,1.0,1.0,2.0,4.0,2.0,4.0,2.0,4.0,3.0,6.0,1.0,5.0,6.0,1.0,5.0,3.0,16.0,4096.0,1.0,4.0,8.0,1.0,1.0,1.0,1.0,20.0,5.0,1.0,4159472921.0,43985479.0,19706800000.0,124.356,3136.0,10.0,229696.0,1.8295640881771414e+17
128000.0,256000.0,3136.0,64.0,3.0,44.0,6.0,32.0,2.0,2.0,6.0,4.0,4.0,2.0,1.0,3.0,2.0,6.0,1.0,1.0,4.0,3.0,2.0,1.0,1.0,2.0,1.0,2.0,5.0,3.0,2.0,3.0,2048.0,256.0,1.0,1024.0,4.0,1.0,1.0,1.0,1.0,2.0,16.0,1.0,4.0,2.0,6.0,5.0,6.0,1.0,3.0,4.0,4.0,2.0,4.0,3.0,4.0,3.0,3.0,3.0,3.0,4.0,64.0,2.0,1.0,1536.0,96.0,1.0,1.0,1.0,1.0,64.0,1.0,1.0,24482158661.0,35795421.0,19707200000.0,131.03466666666668,3136.0,10.0,4292608.0,8.763491762592913e+17
2048.0,16000000.0,3136.0,64.0,3.0,18.0,44.0,22.0,1.0,3.0,6.0,2.0,3.0,3.0,4.0,2.0,4.0,4.0,4.0,4.0,1.0,6.0,4.0,2.0,5.0,1.0,2.0,6.0,1.0,6.0,4.0,4.0,4096.0,1.0,1.0,32.0,512.0,1.0,1.0,1.0,1.0,128.0,64.0,1.0,2.0,4.0,1.0,5.0,2.0,5.0,1.0,1.0,6.0,2.0,4.0,6.0,2.0,6.0,3.0,6.0,4.0,2.0,2048.0,2.0,1.0,512.0,1.0,1.0,1.0,1.0,1.0,8.0,4.0,1.0,311827748.0,42911331.8,19707300000.0,136.02133333333333,3136.0,10.0,5373952.0,1.3380943958874786e+16
256000.0,512000.0,3136.0,64.0,3.0,18.0,36.0,18.0,6.0,1.0,3.0,2.0,1.0,5.0,3.0,3.0,4.0,3.0,1.0,4.0,6.0,2.0,1.0,2.0,5.0,1.0,3.0,5.0,2.0,5.0,4.0,3.0,4096.0,1.0,1.0,8.0,2.0,1.0,1.0,1.0,1.0,4.0,16.0,1.0,4.0,4.0,1.0,1.0,3.0,1.0,3.0,1.0,1.0,3.0,1.0,6.0,4.0,5.0,5.0,3.0,6.0,2.0,16.0,4.0,1.0,192.0,4.0,1.0,1.0,1.0,1.0,1.0,320.0,1.0,10022302903.0,36001699.0,19706800000.0,124.3458888888889,3136.0,10.0,196864.0,3.608199324006322e+17
128.0,64000.0,3136.0,64.0,3.0,26.0,8.0,48.0,5.0,4.0,5.0,4.0,1.0,4.0,4.0,2.0,2.0,2.0,1.0,1.0,1.0,6.0,2.0,6.0,1.0,6.0,3.0,1.0,3.0,1.0,5.0,6.0,4096.0,1024.0,1.0,512.0,8.0,1.0,1.0,1.0,1.0,4.0,8.0,1.0,1.0,2.0,6.0,6.0,2.0,5.0,1.0,6.0,1.0,1.0,1.0,1.0,3.0,3.0,5.0,6.0,1.0,3.0,1024.0,1024.0,1.0,3072.0,4.0,1.0,1.0,1.0,1.0,80.0,5.0,1.0,1166093069.0,32514453.4,19709500000.0,180.66022222222222,3136.0,10.0,26312704.0,3.791487875206348e+16
128.0,32000.0,3136.0,64.0,3.0,40.0,34.0,16.0,1.0,4.0,1.0,1.0,1.0,1.0,3.0,5.0,1.0,6.0,5.0,5.0,6.0,4.0,6.0,3.0,6.0,2.0,1.0,1.0,4.0,5.0,2.0,5.0,1.0,2.0,1.0,64.0,4.0,1.0,1.0,1.0,1.0,4.0,1.0,1.0,6.0,6.0,6.0,3.0,6.0,2.0,6.0,5.0,5.0,6.0,6.0,3.0,5.0,1.0,1.0,6.0,6.0,4.0,32.0,1024.0,1.0,384.0,1.0,1.0,1.0,1.0,1.0,1.0,5.0,1.0,253834229.0,39692040.0,19707100000.0,129.80166666666668,3136.0,10.0,3190528.0,1.007519837083716e+16
2048.0,16000.0,3136.0,64.0,3.0,12.0,42.0,36.0,6.0,1.0,1.0,3.0,6.0,3.0,2.0,1.0,1.0,1.0,2.0,6.0,3.0,3.0,3.0,6.0,2.0,2.0,2.0,5.0,2.0,2.0,6.0,1.0,2.0,4.0,1.0,32.0,64.0,1.0,1.0,1.0,1.0,32.0,4.0,1.0,5.0,2.0,2.0,6.0,3.0,2.0,5.0,2.0,6.0,4.0,2.0,2.0,4.0,1.0,6.0,3.0,3.0,5.0,512.0,4.0,1.0,1.0,96.0,1.0,1.0,1.0,1.0,20.0,80.0,1.0,2214857510.0,35936197.0,19706800000.0,124.41244444444443,3136.0,10.0,375808.0,7.959355580628947e+16
1024.0,1024000.0,3136.0,64.0,3.0,38.0,40.0,16.0,6.0,2.0,5.0,2.0,5.0,5.0,3.0,5.0,2.0,5.0,6.0,6.0,6.0,2.0,4.0,1.0,6.0,1.0,5.0,3.0,5.0,6.0,3.0,6.0,128.0,64.0,1.0,64.0,256.0,1.0,1.0,1.0,1.0,2.0,16.0,1.0,4.0,3.0,5.0,3.0,1.0,1.0,5.0,3.0,6.0,2.0,3.0,2.0,4.0,1.0,5.0,5.0,3.0,3.0,1024.0,512.0,1.0,384.0,24.0,1.0,1.0,1.0,1.0,32.0,4.0,1.0,6107149092.0,33740052.0,19707100000.0,130.70144444444443,3136.0,10.0,3432448.0,2.0605552793583277e+17
4096.0,2048000.0,3136.0,64.0,3.0,14.0,24.0,40.0,1.0,6.0,4.0,3.0,1.0,2.0,6.0,3.0,2.0,2.0,4.0,5.0,3.0,6.0,5.0,3.0,5.0,1.0,3.0,4.0,3.0,1.0,4.0,3.0,512.0,8.0,1.0,2048.0,32.0,1.0,1.0,1.0,1.0,32.0,32.0,1.0,2.0,2.0,2.0,5.0,1.0,1.0,1.0,4.0,5.0,5.0,1.0,1.0,1.0,6.0,6.0,4.0,2.0,2.0,4.0,16.0,1.0,192.0,128.0,1.0,1.0,1.0,1.0,4.0,80.0,1.0,6730131162.0,38754876.2,19707000000.0,127.22566666666667,3136.0,10.0,2260992.0,2.6082539999307216e+17
64000.0,1024000.0,3136.0,64.0,3.0,42.0,34.0,38.0,6.0,2.0,4.0,5.0,1.0,2.0,2.0,5.0,1.0,2.0,5.0,3.0,6.0,5.0,1.0,3.0,1.0,4.0,6.0,5.0,3.0,2.0,1.0,6.0,32.0,128.0,1.0,1024.0,1.0,1.0,1.0,1.0,1.0,8.0,8.0,1.0,6.0,1.0,3.0,2.0,5.0,4.0,5.0,2.0,4.0,5.0,6.0,1.0,3.0,1.0,1.0,2.0,2.0,1.0,512.0,32.0,1.0,512.0,3.0,1.0,1.0,1.0,1.0,8.0,10.0,1.0,150948523.0,40091958.0,19706900000.0,126.58744444444444,3136.0,10.0,1079296.0,6051821844278034.0
16000.0,8192000.0,3136.0,64.0,3.0,44.0,30.0,46.0,5.0,2.0,6.0,1.0,2.0,4.0,5.0,5.0,3.0,3.0,5.0,1.0,3.0,4.0,5.0,2.0,3.0,4.0,5.0,3.0,2.0,4.0,1.0,3.0,16.0,2048.0,1.0,2.0,64.0,1.0,1.0,1.0,1.0,8.0,128.0,1.0,4.0,4.0,3.0,1.0,3.0,5.0,2.0,3.0,6.0,1.0,3.0,4.0,6.0,6.0,4.0,4.0,4.0,4.0,4096.0,256.0,1.0,3072.0,1.0,1.0,1.0,1.0,1.0,8.0,40.0,1.0,1343468861.0,32497063.8,19709400000.0,174.248,3136.0,10.0,25739264.0,4.365879328923034e+16
2048.0,2048000.0,3136.0,64.0,3.0,42.0,18.0,36.0,3.0,3.0,5.0,4.0,4.0,1.0,2.0,4.0,4.0,6.0,6.0,1.0,3.0,2.0,1.0,1.0,3.0,5.0,5.0,4.0,3.0,5.0,3.0,4.0,64.0,16.0,1.0,64.0,1.0,1.0,1.0,1.0,1.0,8.0,4.0,1.0,2.0,5.0,2.0,6.0,1.0,1.0,5.0,3.0,5.0,3.0,6.0,6.0,5.0,4.0,2.0,5.0,4.0,5.0,16.0,1.0,1.0,6.0,64.0,1.0,1.0,1.0,1.0,64.0,1.0,1.0,24077840397.0,43349475.0,19706700000.0,123.72288888888889,3136.0,10.0,12288.0,1.0437617403437416e+18
2048000.0,512000.0,3136.0,64.0,3.0,42.0,44.0,2.0,5.0,1.0,3.0,3.0,5.0,2.0,1.0,5.0,2.0,2.0,1.0,6.0,6.0,5.0,2.0,6.0,3.0,4.0,1.0,3.0,3.0,3.0,1.0,3.0,2048.0,4096.0,1.0,512.0,32.0,1.0,1.0,1.0,1.0,8.0,4.0,1.0,1.0,2.0,6.0,5.0,5.0,2.0,2.0,2.0,2.0,6.0,6.0,6.0,5.0,3.0,2.0,3.0,2.0,3.0,1.0,512.0,1.0,1536.0,768.0,1.0,1.0,1.0,1.0,2.0,4.0,1.0,6813224204.0,42477993.4,19708100000.0,154.43133333333336,3136.0,10.0,12627968.0,2.8941209277023226e+17
512000.0,16000000.0,3136.0,64.0,3.0,34.0,18.0,2.0,3.0,4.0,3.0,6.0,1.0,5.0,1.0,5.0,4.0,1.0,4.0,1.0,1.0,5.0,3.0,6.0,1.0,4.0,6.0,1.0,1.0,1.0,4.0,3.0,256.0,64.0,1.0,2.0,512.0,1.0,1.0,1.0,1.0,16.0,2.0,1.0,1.0,3.0,6.0,2.0,6.0,1.0,5.0,2.0,3.0,1.0,3.0,4.0,3.0,6.0,3.0,5.0,4.0,4.0,512.0,16.0,1.0,512.0,192.0,1.0,1.0,1.0,1.0,4.0,80.0,1.0,2787577196.0,32861732.2,19706900000.0,126.64766666666667,3136.0,10.0,1179648.0,9.160461530177891e+16
256.0,4096000.0,3136.0,64.0,3.0,4.0,30.0,44.0,6.0,3.0,4.0,3.0,3.0,2.0,2.0,2.0,6.0,2.0,6.0,5.0,5.0,3.0,1.0,1.0,2.0,1.0,1.0,6.0,2.0,4.0,2.0,3.0,8.0,8.0,1.0,4.0,128.0,1.0,1.0,1.0,1.0,128.0,4.0,1.0,4.0,5.0,1.0,1.0,4.0,3.0,6.0,2.0,2.0,3.0,2.0,4.0,2.0,3.0,3.0,2.0,6.0,3.0,4096.0,64.0,1.0,768.0,16.0,1.0,1.0,1.0,1.0,2.0,20.0,1.0,974561446.0,33721676.0,19707400000.0,136.17777777777778,3136.0,10.0,6486016.0,3.2863845324103496e+16
4096.0,64000.0,3136.0,64.0,3.0,12.0,24.0,34.0,2.0,6.0,5.0,1.0,4.0,6.0,5.0,1.0,5.0,6.0,4.0,1.0,3.0,5.0,4.0,3.0,6.0,6.0,4.0,5.0,3.0,6.0,6.0,4.0,16.0,16.0,1.0,8.0,256.0,1.0,1.0,1.0,1.0,1.0,32.0,1.0,2.0,1.0,4.0,1.0,5.0,3.0,4.0,6.0,2.0,4.0,5.0,5.0,4.0,5.0,6.0,1.0,4.0,2.0,8.0,2.0,1.0,6.0,8.0,1.0,1.0,1.0,1.0,1.0,4.0,1.0,16076800013.0,56232950.0,19706700000.0,123.72311111111111,3136.0,10.0,25600.0,9.040458912910284e+17
8192.0,16000.0,3136.0,64.0,3.0,16.0,22.0,28.0,4.0,2.0,3.0,3.0,1.0,2.0,4.0,2.0,2.0,4.0,3.0,2.0,3.0,1.0,6.0,4.0,6.0,3.0,4.0,3.0,3.0,6.0,3.0,1.0,512.0,16.0,1.0,128.0,32.0,1.0,1.0,1.0,1.0,64.0,64.0,1.0,4.0,6.0,6.0,5.0,4.0,2.0,5.0,4.0,5.0,4.0,6.0,2.0,4.0,5.0,6.0,6.0,1.0,1.0,2048.0,4.0,1.0,512.0,1024.0,1.0,1.0,1.0,1.0,1.0,16.0,1.0,5302845527.0,32561915.0,19707600000.0,141.60766666666666,3136.0,10.0,8552448.0,1.726708053083042e+17
128.0,16000000.0,3136.0,64.0,3.0,38.0,24.0,34.0,3.0,2.0,5.0,4.0,3.0,3.0,4.0,6.0,1.0,6.0,4.0,4.0,2.0,5.0,4.0,6.0,4.0,3.0,1.0,6.0,2.0,6.0,2.0,4.0,16.0,2048.0,1.0,256.0,256.0,1.0,1.0,1.0,1.0,4.0,32.0,1.0,2.0,1.0,2.0,2.0,4.0,6.0,1.0,3.0,3.0,6.0,4.0,3.0,3.0,2.0,4.0,2.0,6.0,5.0,64.0,32.0,1.0,32.0,12.0,1.0,1.0,1.0,1.0,2.0,40.0,1.0,10182005502.0,36117478.0,19706900000.0,125.54,3136.0,10.0,1196032.0,3.6774835971436397e+17
64000.0,1024000.0,3136.0,64.0,3.0,30.0,48.0,10.0,2.0,3.0,5.0,4.0,2.0,4.0,6.0,1.0,2.0,2.0,4.0,1.0,6.0,5.0,5.0,5.0,1.0,2.0,5.0,6.0,4.0,5.0,1.0,4.0,2048.0,1024.0,1.0,2048.0,1024.0,1.0,1.0,1.0,1.0,128.0,1.0,1.0,5.0,4.0,5.0,4.0,5.0,3.0,2.0,4.0,4.0,1.0,1.0,6.0,5.0,4.0,5.0,4.0,4.0,4.0,1024.0,1024.0,1.0,512.0,384.0,1.0,1.0,1.0,1.0,2.0,64.0,1.0,24427752465.0,32680503.8,19707700000.0,140.53988888888887,3136.0,10.0,9437184.0,7.983112572578918e+17
1024000.0,128000.0,3136.0,64.0,3.0,2.0,6.0,24.0,6.0,6.0,3.0,1.0,2.0,6.0,1.0,5.0,2.0,2.0,4.0,3.0,4.0,2.0,5.0,1.0,2.0,5.0,6.0,6.0,6.0,1.0,4.0,5.0,2.0,32.0,1.0,64.0,2048.0,1.0,1.0,1.0,1.0,32.0,2.0,1.0,6.0,4.0,4.0,2.0,6.0,5.0,5.0,4.0,6.0,4.0,6.0,5.0,6.0,5.0,1.0,4.0,5.0,5.0,4.0,16.0,1.0,192.0,192.0,1.0,1.0,1.0,1.0,160.0,20.0,1.0,1066644550.0,33390259.0,19707000000.0,128.74166666666667,3136.0,10.0,2926592.0,3.561553778543845e+16
128.0,16000000.0,3136.0,64.0,3.0,44.0,28.0,4.0,1.0,1.0,3.0,4.0,5.0,1.0,5.0,1.0,4.0,1.0,4.0,6.0,5.0,4.0,4.0,4.0,2.0,2.0,1.0,5.0,6.0,5.0,4.0,4.0,16.0,8.0,1.0,1024.0,64.0,1.0,1.0,1.0,1.0,128.0,64.0,1.0,1.0,3.0,2.0,1.0,3.0,2.0,4.0,5.0,3.0,3.0,5.0,4.0,4.0,6.0,6.0,5.0,1.0,6.0,8.0,64.0,1.0,48.0,1024.0,1.0,1.0,1.0,1.0,5.0,160.0,1.0,1544927125.0,35022226.0,19706800000.0,125.06055555555557,3136.0,10.0,479232.0,5.410678692528025e+16
256000.0,32000.0,3136.0,64.0,3.0,18.0,36.0,12.0,3.0,5.0,2.0,2.0,2.0,4.0,6.0,1.0,2.0,4.0,6.0,6.0,1.0,6.0,3.0,2.0,3.0,5.0,2.0,1.0,5.0,3.0,5.0,5.0,4096.0,256.0,1.0,128.0,32.0,1.0,1.0,1.0,1.0,8.0,128.0,1.0,1.0,1.0,3.0,2.0,5.0,2.0,3.0,3.0,2.0,1.0,1.0,3.0,4.0,3.0,2.0,1.0,3.0,4.0,2.0,512.0,1.0,768.0,64.0,1.0,1.0,1.0,1.0,64.0,64.0,1.0,2751688196.0,33758741.8,19707000000.0,128.77044444444445,3136.0,10.0,2129920.0,9.289353132287179e+16
64000.0,16000.0,3136.0,64.0,3.0,40.0,40.0,34.0,2.0,3.0,1.0,4.0,6.0,2.0,5.0,5.0,5.0,6.0,6.0,1.0,6.0,2.0,3.0,2.0,3.0,5.0,5.0,6.0,1.0,3.0,1.0,2.0,64.0,32.0,1.0,1.0,8.0,1.0,1.0,1.0,1.0,64.0,8.0,1.0,2.0,3.0,6.0,1.0,6.0,1.0,1.0,2.0,2.0,4.0,4.0,1.0,4.0,3.0,6.0,3.0,5.0,3.0,512.0,2048.0,1.0,12.0,2.0,1.0,1.0,1.0,1.0,160.0,16.0,1.0,556107325.0,38705265.0,19706800000.0,125.05677777777778,3136.0,10.0,708352.0,2.1524281382566124e+16
4096.0,64000.0,3136.0,64.0,3.0,18.0,10.0,26.0,2.0,1.0,5.0,6.0,6.0,6.0,2.0,1.0,2.0,3.0,1.0,6.0,2.0,6.0,4.0,1.0,3.0,2.0,3.0,1.0,1.0,3.0,4.0,3.0,1024.0,2048.0,1.0,128.0,2048.0,1.0,1.0,1.0,1.0,64.0,16.0,1.0,1.0,4.0,5.0,2.0,1.0,5.0,2.0,6.0,4.0,1.0,3.0,5.0,2.0,4.0,4.0,3.0,5.0,6.0,4.0,64.0,1.0,256.0,1.0,1.0,1.0,1.0,1.0,4.0,4.0,1.0,4019225819.0,35857943.8,19707700000.0,138.27488888888888,3136.0,10.0,9437184.0,1.4412117353721098e+17
128.0,32000000.0,3136.0,64.0,3.0,18.0,14.0,42.0,1.0,5.0,1.0,3.0,1.0,3.0,6.0,3.0,2.0,2.0,3.0,4.0,3.0,6.0,5.0,1.0,2.0,4.0,2.0,1.0,6.0,4.0,5.0,4.0,2048.0,4096.0,1.0,512.0,8.0,1.0,1.0,1.0,1.0,16.0,128.0,1.0,1.0,2.0,4.0,5.0,5.0,2.0,2.0,1.0,1.0,4.0,1.0,5.0,2.0,5.0,6.0,5.0,1.0,6.0,8.0,32.0,1.0,3072.0,3072.0,1.0,1.0,1.0,1.0,8.0,1.0,1.0,4362205168.0,37169881.8,19707300000.0,132.7757777777778,3136.0,10.0,5373952.0,1.6214265048190912e+17
128.0,32000000.0,3136.0,64.0,3.0,44.0,28.0,24.0,6.0,3.0,1.0,1.0,2.0,2.0,2.0,3.0,4.0,4.0,2.0,2.0,4.0,3.0,1.0,5.0,3.0,1.0,3.0,1.0,6.0,5.0,1.0,6.0,256.0,32.0,1.0,1024.0,2.0,1.0,1.0,1.0,1.0,1.0,4.0,1.0,4.0,6.0,2.0,4.0,2.0,4.0,4.0,6.0,1.0,4.0,4.0,1.0,5.0,6.0,6.0,4.0,6.0,6.0,256.0,8.0,1.0,768.0,32.0,1.0,1.0,1.0,1.0,320.0,20.0,1.0,249917732.0,36891650.0,19707000000.0,132.13666666666666,3136.0,10.0,2719744.0,9219877497737800.0
256.0,16000.0,3136.0,64.0,3.0,12.0,16.0,30.0,2.0,3.0,2.0,3.0,1.0,6.0,1.0,6.0,4.0,4.0,3.0,3.0,2.0,2.0,4.0,5.0,4.0,4.0,2.0,5.0,3.0,5.0,5.0,1.0,4.0,32.0,1.0,4.0,8.0,1.0,1.0,1.0,1.0,64.0,16.0,1.0,5.0,3.0,1.0,1.0,5.0,4.0,4.0,1.0,5.0,1.0,6.0,2.0,2.0,3.0,4.0,2.0,1.0,4.0,128.0,256.0,1.0,128.0,16.0,1.0,1.0,1.0,1.0,64.0,5.0,1.0,1299755092.0,36572851.0,19706800000.0,123.9118888888889,3136.0,10.0,114688.0,4.75357493162073e+16
128.0,1024000.0,3136.0,64.0,3.0,42.0,4.0,48.0,4.0,1.0,5.0,6.0,5.0,6.0,5.0,3.0,6.0,6.0,2.0,5.0,6.0,3.0,3.0,1.0,2.0,5.0,1.0,1.0,4.0,1.0,2.0,1.0,4.0,4.0,1.0,4.0,128.0,1.0,1.0,1.0,1.0,64.0,128.0,1.0,5.0,2.0,5.0,6.0,3.0,6.0,2.0,5.0,5.0,6.0,3.0,1.0,5.0,1.0,6.0,1.0,1.0,4.0,256.0,16.0,1.0,128.0,512.0,1.0,1.0,1.0,1.0,80.0,4.0,1.0,9333007160.0,37399620.0,19706800000.0,125.18077777777778,3136.0,10.0,753664.0,3.490509212412792e+17
128.0,256000.0,3136.0,64.0,3.0,2.0,40.0,24.0,1.0,1.0,2.0,1.0,1.0,2.0,6.0,1.0,6.0,4.0,6.0,4.0,2.0,6.0,1.0,1.0,3.0,6.0,2.0,5.0,2.0,6.0,5.0,4.0,2.0,512.0,1.0,512.0,4.0,1.0,1.0,1.0,1.0,64.0,32.0,1.0,6.0,6.0,2.0,1.0,4.0,4.0,5.0,1.0,6.0,2.0,5.0,3.0,3.0,6.0,6.0,6.0,6.0,4.0,128.0,2048.0,1.0,8.0,384.0,1.0,1.0,1.0,1.0,80.0,40.0,1.0,3607595756.0,32820405.0,19706900000.0,128.44844444444445,3136.0,10.0,1961984.0,1.1840275378820118e+17
8192.0,64000.0,3136.0,64.0,3.0,24.0,16.0,38.0,4.0,3.0,4.0,3.0,2.0,2.0,3.0,6.0,3.0,5.0,3.0,3.0,1.0,3.0,2.0,4.0,6.0,2.0,1.0,2.0,1.0,6.0,5.0,1.0,1.0,64.0,1.0,16.0,16.0,1.0,1.0,1.0,1.0,1.0,32.0,1.0,3.0,4.0,2.0,6.0,6.0,5.0,6.0,6.0,2.0,1.0,1.0,1.0,5.0,6.0,3.0,4.0,5.0,3.0,4096.0,512.0,1.0,768.0,2.0,1.0,1.0,1.0,1.0,160.0,160.0,1.0,2158011077.0,34414714.0,19707600000.0,138.77411111111113,3136.0,10.0,7847936.0,7.426733402378698e+16
512000.0,64000.0,3136.0,64.0,3.0,32.0,14.0,48.0,5.0,3.0,3.0,3.0,6.0,1.0,1.0,5.0,6.0,2.0,1.0,1.0,6.0,6.0,1.0,6.0,3.0,5.0,6.0,4.0,1.0,3.0,3.0,3.0,4.0,4096.0,1.0,4.0,2048.0,1.0,1.0,1.0,1.0,32.0,64.0,1.0,6.0,3.0,2.0,4.0,5.0,5.0,3.0,6.0,3.0,4.0,6.0,6.0,6.0,4.0,2.0,4.0,1.0,6.0,64.0,1024.0,1.0,64.0,512.0,1.0,1.0,1.0,1.0,320.0,16.0,1.0,156897596.0,32555701.8,19708600000.0,154.508,3136.0,10.0,17563648.0,5107911348512873.0
32000.0,4096000.0,3136.0,64.0,3.0,38.0,10.0,48.0,5.0,3.0,1.0,6.0,1.0,2.0,4.0,6.0,4.0,6.0,4.0,2.0,4.0,4.0,5.0,4.0,2.0,6.0,1.0,2.0,6.0,1.0,2.0,3.0,4.0,4096.0,1.0,256.0,2048.0,1.0,1.0,1.0,1.0,64.0,2.0,1.0,2.0,6.0,3.0,3.0,6.0,4.0,5.0,1.0,6.0,3.0,5.0,3.0,4.0,6.0,2.0,1.0,3.0,6.0,2048.0,2.0,1.0,96.0,16.0,1.0,1.0,1.0,1.0,80.0,2.0,1.0,44733196.0,32979831.8,19708700000.0,155.2037777777778,3136.0,10.0,18350080.0,1475293279956432.8
256000.0,16000.0,3136.0,64.0,3.0,8.0,32.0,26.0,5.0,1.0,5.0,2.0,5.0,5.0,4.0,6.0,3.0,3.0,1.0,3.0,2.0,4.0,6.0,2.0,1.0,1.0,1.0,4.0,3.0,4.0,6.0,1.0,1.0,32.0,1.0,4.0,128.0,1.0,1.0,1.0,1.0,8.0,16.0,1.0,4.0,4.0,1.0,2.0,5.0,3.0,2.0,3.0,3.0,6.0,3.0,3.0,3.0,5.0,6.0,4.0,6.0,2.0,512.0,2048.0,1.0,96.0,192.0,1.0,1.0,1.0,1.0,10.0,1.0,1.0,11554425660.0,33264551.0,19706900000.0,126.91077777777778,3136.0,10.0,1658624.0,3.843527816427787e+17
2048000.0,4096000.0,3136.0,64.0,3.0,4.0,46.0,2.0,5.0,6.0,2.0,4.0,6.0,6.0,1.0,3.0,6.0,1.0,3.0,4.0,6.0,6.0,6.0,3.0,4.0,4.0,1.0,1.0,6.0,4.0,4.0,1.0,16.0,2.0,1.0,16.0,1.0,1.0,1.0,1.0,1.0,1.0,8.0,1.0,5.0,5.0,5.0,1.0,3.0,5.0,6.0,6.0,3.0,6.0,2.0,5.0,5.0,6.0,2.0,6.0,4.0,6.0,8.0,64.0,1.0,3.0,3.0,1.0,1.0,1.0,1.0,80.0,1.0,1.0,20891041806.0,59281978.0,19706700000.0,123.70644444444444,3136.0,10.0,11104.0,1.2384622807403722e+18
1024000.0,8192000.0,3136.0,64.0,3.0,46.0,28.0,34.0,1.0,3.0,3.0,3.0,3.0,5.0,1.0,3.0,2.0,3.0,6.0,4.0,6.0,2.0,3.0,3.0,4.0,5.0,4.0,6.0,1.0,6.0,5.0,2.0,32.0,2.0,1.0,64.0,256.0,1.0,1.0,1.0,1.0,64.0,2.0,1.0,5.0,6.0,3.0,3.0,3.0,6.0,5.0,4.0,3.0,1.0,6.0,2.0,2.0,4.0,4.0,1.0,1.0,3.0,32.0,2048.0,1.0,128.0,3.0,1.0,1.0,1.0,1.0,1.0,20.0,1.0,2026582261.0,33977415.0,19706800000.0,124.93644444444443,3136.0,10.0,611328.0,6.885802651363531e+16
2048000.0,512000.0,3136.0,64.0,3.0,12.0,40.0,36.0,6.0,1.0,2.0,1.0,1.0,5.0,4.0,1.0,6.0,6.0,4.0,5.0,1.0,5.0,1.0,5.0,5.0,4.0,4.0,2.0,2.0,5.0,5.0,5.0,1.0,1024.0,1.0,16.0,64.0,1.0,1.0,1.0,1.0,32.0,32.0,1.0,6.0,2.0,6.0,6.0,6.0,5.0,1.0,6.0,3.0,5.0,4.0,4.0,5.0,3.0,4.0,5.0,3.0,1.0,1024.0,16.0,1.0,32.0,32.0,1.0,1.0,1.0,1.0,5.0,64.0,1.0,12222007543.0,34123508.0,19706800000.0,125.054,3136.0,10.0,397312.0,4.1705777216962086e+17
2048000.0,4096000.0,3136.0,64.0,3.0,14.0,28.0,18.0,4.0,3.0,4.0,4.0,6.0,4.0,3.0,4.0,4.0,1.0,1.0,5.0,2.0,1.0,5.0,6.0,3.0,2.0,3.0,4.0,2.0,1.0,1.0,2.0,2.0,128.0,1.0,512.0,1.0,1.0,1.0,1.0,1.0,1.0,4.0,1.0,1.0,2.0,4.0,1.0,5.0,1.0,4.0,6.0,2.0,1.0,1.0,6.0,1.0,2.0,2.0,3.0,3.0,3.0,1.0,4.0,1.0,128.0,512.0,1.0,1.0,1.0,1.0,8.0,64.0,1.0,5289908317.0,54333891.0,19706800000.0,124.02633333333333,3136.0,10.0,136192.0,2.8742130189587146e+17
8192.0,512000.0,3136.0,64.0,3.0,30.0,16.0,12.0,6.0,2.0,6.0,4.0,3.0,2.0,4.0,5.0,3.0,3.0,5.0,5.0,2.0,4.0,2.0,5.0,5.0,5.0,4.0,2.0,6.0,4.0,3.0,3.0,1024.0,512.0,1.0,128.0,4.0,1.0,1.0,1.0,1.0,8.0,128.0,1.0,1.0,6.0,5.0,1.0,6.0,3.0,3.0,1.0,1.0,2.0,6.0,5.0,4.0,3.0,5.0,2.0,6.0,6.0,32.0,512.0,1.0,1024.0,32.0,1.0,1.0,1.0,1.0,5.0,320.0,1.0,3590891543.0,32431856.4,19708000000.0,149.30766666666665,3136.0,10.0,11665408.0,1.1645927887055042e+17
128.0,1024000.0,3136.0,64.0,3.0,22.0,34.0,16.0,3.0,4.0,5.0,4.0,1.0,1.0,5.0,6.0,2.0,2.0,1.0,5.0,4.0,2.0,3.0,1.0,6.0,1.0,5.0,4.0,6.0,1.0,2.0,2.0,128.0,4.0,1.0,128.0,8.0,1.0,1.0,1.0,1.0,32.0,8.0,1.0,6.0,2.0,3.0,2.0,4.0,5.0,4.0,4.0,1.0,2.0,2.0,2.0,1.0,4.0,2.0,4.0,1.0,1.0,64.0,1024.0,1.0,1.0,256.0,1.0,1.0,1.0,1.0,320.0,5.0,1.0,321791165.0,32840484.0,19706900000.0,126.33355555555556,3136.0,10.0,1343488.0,1.056777760552386e+16
16000.0,16000.0,3136.0,64.0,3.0,48.0,24.0,4.0,1.0,5.0,2.0,3.0,2.0,3.0,1.0,2.0,2.0,6.0,5.0,1.0,4.0,3.0,5.0,4.0,6.0,1.0,5.0,5.0,3.0,2.0,2.0,5.0,32.0,256.0,1.0,2.0,512.0,1.0,1.0,1.0,1.0,16.0,1.0,1.0,6.0,1.0,2.0,4.0,6.0,2.0,3.0,4.0,3.0,4.0,2.0,3.0,1.0,6.0,4.0,4.0,2.0,1.0,1.0,1.0,1.0,128.0,16.0,1.0,1.0,1.0,1.0,64.0,10.0,1.0,530498009.0,118734404.0,19706800000.0,124.54544444444444,3136.0,10.0,458752.0,6.298836492180163e+16
16000.0,16000.0,3136.0,64.0,3.0,16.0,2.0,12.0,3.0,1.0,1.0,1.0,2.0,1.0,6.0,1.0,2.0,2.0,2.0,1.0,5.0,2.0,2.0,2.0,2.0,1.0,1.0,1.0,5.0,3.0,6.0,2.0,64.0,1024.0,1.0,256.0,1024.0,1.0,1.0,1.0,1.0,8.0,4.0,1.0,1.0,3.0,2.0,2.0,3.0,1.0,6.0,2.0,2.0,4.0,4.0,3.0,4.0,4.0,5.0,5.0,6.0,1.0,512.0,4096.0,1.0,3.0,48.0,1.0,1.0,1.0,1.0,16.0,10.0,1.0,6804841652.0,35467125.0,19707600000.0,137.67922222222222,3136.0,10.0,8470528.0,2.413481694766905e+17
4096.0,16000.0,3136.0,64.0,3.0,32.0,20.0,32.0,4.0,5.0,3.0,6.0,5.0,2.0,3.0,3.0,6.0,3.0,3.0,4.0,6.0,3.0,5.0,5.0,6.0,1.0,4.0,2.0,6.0,5.0,6.0,1.0,16.0,128.0,1.0,4.0,128.0,1.0,1.0,1.0,1.0,128.0,4.0,1.0,2.0,2.0,3.0,3.0,4.0,5.0,3.0,2.0,1.0,2.0,1.0,6.0,1.0,3.0,1.0,3.0,6.0,6.0,128.0,4096.0,1.0,6.0,48.0,1.0,1.0,1.0,1.0,16.0,2.0,1.0,899046859.0,33768625.0,19706800000.0,125.60422222222222,3136.0,10.0,923648.0,3.0359576238998876e+16
128.0,4096000.0,3136.0,64.0,3.0,28.0,44.0,2.0,2.0,2.0,1.0,6.0,6.0,3.0,1.0,1.0,6.0,4.0,1.0,1.0,6.0,3.0,6.0,5.0,2.0,1.0,4.0,2.0,4.0,2.0,4.0,2.0,256.0,32.0,1.0,1024.0,16.0,1.0,1.0,1.0,1.0,16.0,128.0,1.0,5.0,4.0,4.0,5.0,6.0,1.0,4.0,2.0,5.0,5.0,3.0,3.0,4.0,3.0,5.0,6.0,4.0,6.0,4.0,512.0,1.0,3072.0,2.0,1.0,1.0,1.0,1.0,8.0,5.0,1.0,2682785024.0,32707202.6,19707300000.0,134.86533333333335,3136.0,10.0,5152768.0,8.774639331221387e+16
256.0,128000.0,3136.0,64.0,3.0,40.0,20.0,36.0,6.0,6.0,5.0,5.0,6.0,2.0,1.0,4.0,2.0,2.0,1.0,6.0,5.0,4.0,1.0,6.0,4.0,2.0,6.0,5.0,4.0,5.0,2.0,5.0,512.0,512.0,1.0,16.0,512.0,1.0,1.0,1.0,1.0,16.0,2.0,1.0,1.0,6.0,4.0,2.0,6.0,6.0,4.0,5.0,5.0,1.0,5.0,3.0,5.0,2.0,6.0,1.0,5.0,6.0,8.0,8.0,1.0,1.0,256.0,1.0,1.0,1.0,1.0,4.0,8.0,1.0,331012723.0,47248306.0,19707000000.0,127.06488888888889,3136.0,10.0,2179072.0,1.5639790426197238e+16
16000.0,256000.0,3136.0,64.0,3.0,34.0,2.0,36.0,2.0,6.0,6.0,3.0,4.0,3.0,1.0,5.0,6.0,6.0,3.0,2.0,2.0,4.0,1.0,1.0,4.0,4.0,6.0,3.0,2.0,4.0,3.0,5.0,1024.0,2048.0,1.0,2.0,1024.0,1.0,1.0,1.0,1.0,1.0,4.0,1.0,5.0,5.0,4.0,4.0,2.0,1.0,2.0,2.0,5.0,6.0,1.0,4.0,4.0,6.0,5.0,3.0,5.0,1.0,4096.0,16.0,1.0,1.0,1.0,1.0,1.0,1.0,1.0,16.0,40.0,1.0,5262405518.0,116963975.0,19707200000.0,130.79577777777777,3136.0,10.0,4218880.0,6.155118674472141e+17
256000.0,32000.0,3136.0,64.0,3.0,44.0,42.0,44.0,6.0,1.0,4.0,3.0,4.0,2.0,4.0,4.0,1.0,6.0,4.0,2.0,1.0,3.0,3.0,5.0,1.0,5.0,1.0,1.0,6.0,5.0,4.0,5.0,1.0,1.0,1.0,512.0,2048.0,1.0,1.0,1.0,1.0,16.0,64.0,1.0,4.0,2.0,4.0,6.0,5.0,2.0,5.0,6.0,2.0,3.0,6.0,5.0,1.0,4.0,5.0,3.0,6.0,4.0,512.0,2.0,1.0,3.0,96.0,1.0,1.0,1.0,1.0,16.0,16.0,1.0,24637924451.0,56640300.0,19706800000.0,124.317,3136.0,10.0,266368.0,1.3954994322819753e+18
256.0,2048000.0,3136.0,64.0,3.0,14.0,8.0,20.0,1.0,2.0,2.0,3.0,6.0,6.0,4.0,1.0,5.0,1.0,6.0,5.0,2.0,3.0,4.0,1.0,2.0,3.0,2.0,6.0,5.0,2.0,6.0,2.0,64.0,1.0,1.0,8.0,256.0,1.0,1.0,1.0,1.0,128.0,1.0,1.0,3.0,5.0,1.0,5.0,2.0,6.0,4.0,6.0,3.0,1.0,6.0,2.0,6.0,1.0,4.0,1.0,5.0,3.0,2048.0,2.0,1.0,3072.0,48.0,1.0,1.0,1.0,1.0,64.0,160.0,1.0,5825638767.0,32940761.0,19708200000.0,151.11677777777777,3136.0,10.0,14221312.0,1.919009742960817e+17
128.0,32000000.0,3136.0,64.0,3.0,38.0,26.0,18.0,5.0,1.0,4.0,3.0,4.0,1.0,3.0,1.0,2.0,3.0,3.0,3.0,1.0,4.0,2.0,4.0,6.0,6.0,1.0,4.0,6.0,6.0,3.0,2.0,2048.0,32.0,1.0,1.0,128.0,1.0,1.0,1.0,1.0,8.0,2.0,1.0,2.0,6.0,3.0,6.0,2.0,6.0,5.0,2.0,2.0,2.0,1.0,3.0,4.0,4.0,1.0,6.0,4.0,2.0,4096.0,8.0,1.0,64.0,12.0,1.0,1.0,1.0,1.0,40.0,16.0,1.0,22331396336.0,35931547.0,19706900000.0,127.03733333333332,3136.0,10.0,1116160.0,8.024016170226118e+17
128.0,128000.0,3136.0,64.0,3.0,6.0,16.0,44.0,4.0,2.0,2.0,2.0,3.0,6.0,2.0,5.0,6.0,1.0,1.0,6.0,1.0,4.0,5.0,2.0,2.0,1.0,3.0,4.0,1.0,1.0,1.0,6.0,2048.0,16.0,1.0,4.0,1024.0,1.0,1.0,1.0,1.0,128.0,4.0,1.0,1.0,2.0,3.0,6.0,4.0,2.0,6.0,5.0,2.0,2.0,3.0,4.0,3.0,2.0,3.0,1.0,5.0,2.0,1024.0,4096.0,1.0,1024.0,12.0,1.0,1.0,1.0,1.0,1.0,160.0,1.0,491082373.0,32694475.9,19707800000.0,150.53866666666664,3136.0,10.0,10027008.0,1.605568080896331e+16
16000.0,512000.0,3136.0,64.0,3.0,22.0,48.0,32.0,3.0,6.0,2.0,1.0,1.0,4.0,5.0,2.0,6.0,5.0,6.0,3.0,4.0,4.0,2.0,6.0,3.0,4.0,6.0,6.0,2.0,3.0,1.0,4.0,256.0,64.0,1.0,16.0,2048.0,1.0,1.0,1.0,1.0,8.0,4.0,1.0,4.0,3.0,6.0,6.0,4.0,3.0,4.0,4.0,4.0,6.0,4.0,6.0,3.0,3.0,6.0,3.0,2.0,1.0,2.0,8.0,1.0,8.0,1024.0,1.0,1.0,1.0,1.0,5.0,320.0,1.0,578470068.0,43310602.6,19706900000.0,126.64466666666667,3136.0,10.0,1085440.0,2.5053887231142976e+16
128.0,2048000.0,3136.0,64.0,3.0,46.0,30.0,22.0,3.0,3.0,3.0,4.0,2.0,5.0,6.0,3.0,5.0,5.0,1.0,4.0,5.0,2.0,1.0,6.0,3.0,3.0,5.0,4.0,2.0,6.0,5.0,5.0,32.0,16.0,1.0,256.0,128.0,1.0,1.0,1.0,1.0,16.0,32.0,1.0,3.0,2.0,6.0,5.0,5.0,6.0,6.0,1.0,6.0,4.0,4.0,6.0,1.0,4.0,1.0,6.0,4.0,4.0,4096.0,32.0,1.0,16.0,3.0,1.0,1.0,1.0,1.0,320.0,80.0,1.0,307997727.0,33473625.0,19707000000.0,129.0318888888889,3136.0,10.0,2762752.0,1.0309800414450376e+16
32000.0,1024000.0,3136.0,64.0,3.0,16.0,8.0,10.0,4.0,3.0,2.0,3.0,1.0,6.0,1.0,2.0,4.0,2.0,5.0,3.0,5.0,2.0,1.0,6.0,6.0,5.0,3.0,2.0,6.0,2.0,6.0,1.0,4096.0,4096.0,1.0,128.0,16.0,1.0,1.0,1.0,1.0,16.0,4.0,1.0,5.0,4.0,3.0,1.0,5.0,5.0,6.0,5.0,4.0,3.0,2.0,3.0,6.0,6.0,3.0,1.0,5.0,6.0,2048.0,2048.0,1.0,1536.0,2.0,1.0,1.0,1.0,1.0,160.0,160.0,1.0,10603271976.0,32657136.0,19707500000.0,139.75477777777778,3136.0,10.0,7438336.0,3.4627249496522074e+17
8192.0,2048000.0,3136.0,64.0,3.0,46.0,34.0,22.0,3.0,5.0,5.0,1.0,5.0,4.0,5.0,4.0,6.0,2.0,6.0,6.0,1.0,3.0,4.0,4.0,2.0,6.0,2.0,1.0,4.0,6.0,2.0,4.0,8.0,1024.0,1.0,128.0,2048.0,1.0,1.0,1.0,1.0,8.0,128.0,1.0,3.0,1.0,1.0,2.0,3.0,6.0,4.0,5.0,2.0,6.0,3.0,2.0,4.0,6.0,3.0,5.0,6.0,1.0,2.0,4.0,1.0,256.0,48.0,1.0,1.0,1.0,1.0,320.0,40.0,1.0,256932737.0,54028468.0,19707300000.0,131.64311111111112,3136.0,10.0,4980736.0,1.3881682159156916e+16
1024000.0,64000.0,3136.0,64.0,3.0,20.0,20.0,14.0,2.0,5.0,1.0,4.0,4.0,1.0,5.0,5.0,4.0,2.0,1.0,5.0,5.0,2.0,2.0,5.0,3.0,3.0,5.0,1.0,3.0,1.0,5.0,1.0,64.0,4096.0,1.0,64.0,2.0,1.0,1.0,1.0,1.0,32.0,2.0,1.0,6.0,1.0,5.0,2.0,5.0,6.0,1.0,1.0,6.0,3.0,4.0,6.0,2.0,6.0,3.0,1.0,2.0,4.0,1.0,2.0,1.0,768.0,3072.0,1.0,1.0,1.0,1.0,40.0,20.0,1.0,696568955.0,75554531.8,19706900000.0,129.91433333333333,3136.0,10.0,1979648.0,5.2628941261440264e+16
2048.0,512000.0,3136.0,64.0,3.0,10.0,30.0,34.0,3.0,2.0,1.0,1.0,4.0,1.0,3.0,2.0,5.0,2.0,5.0,2.0,5.0,4.0,2.0,2.0,5.0,4.0,3.0,1.0,6.0,3.0,6.0,3.0,1.0,16.0,1.0,2048.0,512.0,1.0,1.0,1.0,1.0,128.0,4.0,1.0,3.0,2.0,4.0,6.0,6.0,6.0,2.0,3.0,4.0,1.0,1.0,4.0,1.0,5.0,2.0,2.0,5.0,1.0,1024.0,4.0,1.0,4.0,3.0,1.0,1.0,1.0,1.0,32.0,32.0,1.0,365489260.0,36298056.0,19706800000.0,124.73533333333333,3136.0,10.0,593920.0,1.326654962687856e+16
256.0,256000.0,3136.0,64.0,3.0,20.0,20.0,40.0,1.0,4.0,1.0,4.0,5.0,4.0,1.0,1.0,4.0,2.0,6.0,3.0,1.0,2.0,4.0,4.0,3.0,3.0,6.0,6.0,3.0,6.0,4.0,6.0,4096.0,4096.0,1.0,8.0,64.0,1.0,1.0,1.0,1.0,32.0,4.0,1.0,3.0,4.0,1.0,1.0,1.0,3.0,1.0,4.0,1.0,3.0,3.0,1.0,1.0,6.0,4.0,3.0,4.0,6.0,256.0,64.0,1.0,384.0,384.0,1.0,1.0,1.0,1.0,5.0,1.0,1.0,24428496024.0,33473573.0,19706800000.0,125.28488888888889,3136.0,10.0,790528.0,8.177090449395738e+17
512000.0,512000.0,3136.0,64.0,3.0,42.0,16.0,38.0,6.0,4.0,6.0,6.0,2.0,4.0,3.0,2.0,6.0,3.0,1.0,1.0,1.0,2.0,1.0,5.0,4.0,6.0,1.0,5.0,1.0,5.0,2.0,5.0,256.0,2.0,1.0,32.0,1.0,1.0,1.0,1.0,1.0,16.0,2.0,1.0,2.0,5.0,2.0,3.0,2.0,3.0,4.0,4.0,1.0,1.0,1.0,5.0,5.0,1.0,5.0,1.0,3.0,5.0,128.0,2.0,1.0,12.0,96.0,1.0,1.0,1.0,1.0,64.0,64.0,1.0,634760917.0,35589041.0,19706800000.0,124.28933333333333,3136.0,10.0,217088.0,2.2590532300310596e+16
128.0,4096000.0,3136.0,64.0,3.0,8.0,2.0,40.0,5.0,4.0,6.0,1.0,3.0,2.0,2.0,3.0,2.0,2.0,3.0,4.0,5.0,2.0,2.0,2.0,2.0,4.0,2.0,6.0,2.0,2.0,5.0,1.0,256.0,1.0,1.0,128.0,16.0,1.0,1.0,1.0,1.0,2.0,128.0,1.0,2.0,4.0,2.0,5.0,5.0,5.0,2.0,6.0,1.0,4.0,3.0,1.0,4.0,6.0,6.0,6.0,6.0,4.0,4096.0,64.0,1.0,16.0,3.0,1.0,1.0,1.0,1.0,1.0,16.0,1.0,4005711910.0,38155050.0,19706800000.0,124.43744444444444,3136.0,10.0,262656.0,1.528381382116455e+17
2048000.0,16000.0,3136.0,64.0,3.0,34.0,26.0,44.0,3.0,1.0,1.0,3.0,4.0,1.0,5.0,1.0,6.0,6.0,6.0,4.0,6.0,2.0,2.0,6.0,2.0,6.0,1.0,2.0,3.0,1.0,1.0,4.0,512.0,16.0,1.0,16.0,8.0,1.0,1.0,1.0,1.0,8.0,4.0,1.0,1.0,6.0,1.0,3.0,1.0,6.0,6.0,4.0,1.0,3.0,2.0,3.0,4.0,3.0,5.0,6.0,6.0,6.0,8.0,128.0,1.0,12.0,256.0,1.0,1.0,1.0,1.0,320.0,80.0,1.0,166507144.0,35843247.0,19706800000.0,124.31788888888889,3136.0,10.0,311296.0,5968156689656568.0
128000.0,128000.0,3136.0,64.0,3.0,22.0,22.0,14.0,3.0,4.0,3.0,6.0,4.0,1.0,1.0,4.0,3.0,5.0,2.0,2.0,2.0,5.0,4.0,1.0,6.0,5.0,2.0,5.0,4.0,5.0,3.0,3.0,2.0,2.0,1.0,128.0,2048.0,1.0,1.0,1.0,1.0,16.0,4.0,1.0,4.0,4.0,2.0,5.0,6.0,3.0,5.0,3.0,4.0,1.0,5.0,2.0,3.0,2.0,4.0,4.0,1.0,2.0,4.0,512.0,1.0,384.0,24.0,1.0,1.0,1.0,1.0,64.0,320.0,1.0,1292100487.0,41827270.0,19706800000.0,126.3531111111111,3136.0,10.0,966656.0,5.404503593688049e+16
1024000.0,32000.0,3136.0,64.0,3.0,34.0,4.0,48.0,6.0,5.0,4.0,3.0,5.0,3.0,4.0,6.0,4.0,2.0,5.0,6.0,1.0,5.0,4.0,1.0,3.0,4.0,1.0,5.0,2.0,1.0,3.0,5.0,32.0,1024.0,1.0,256.0,4.0,1.0,1.0,1.0,1.0,2.0,4.0,1.0,2.0,6.0,3.0,3.0,3.0,2.0,1.0,4.0,2.0,1.0,4.0,4.0,6.0,3.0,4.0,3.0,5.0,3.0,256.0,2048.0,1.0,3072.0,96.0,1.0,1.0,1.0,1.0,160.0,5.0,1.0,2786110726.0,32517185.3,19709600000.0,179.583,3136.0,10.0,27459584.0,9.059647874365954e+16
128.0,1024000.0,3136.0,64.0,3.0,46.0,34.0,28.0,5.0,4.0,2.0,5.0,4.0,6.0,1.0,6.0,1.0,4.0,3.0,2.0,2.0,3.0,2.0,6.0,5.0,4.0,5.0,2.0,5.0,3.0,4.0,1.0,512.0,2048.0,1.0,64.0,16.0,1.0,1.0,1.0,1.0,16.0,8.0,1.0,4.0,6.0,2.0,5.0,4.0,3.0,4.0,1.0,1.0,1.0,6.0,6.0,6.0,2.0,1.0,3.0,2.0,2.0,64.0,1024.0,1.0,3.0,512.0,1.0,1.0,1.0,1.0,20.0,40.0,1.0,394650845.0,35054283.0,19706900000.0,126.43433333333333,3136.0,10.0,1171456.0,1.3834202406819136e+16
8192.0,16000.0,3136.0,64.0,3.0,6.0,4.0,14.0,1.0,3.0,4.0,1.0,2.0,6.0,1.0,6.0,2.0,2.0,5.0,3.0,3.0,4.0,4.0,3.0,6.0,2.0,2.0,5.0,2.0,1.0,1.0,1.0,256.0,32.0,1.0,8.0,1.0,1.0,1.0,1.0,1.0,32.0,4.0,1.0,6.0,4.0,1.0,6.0,2.0,2.0,5.0,4.0,4.0,6.0,1.0,4.0,5.0,3.0,1.0,3.0,1.0,2.0,256.0,4096.0,1.0,24.0,1536.0,1.0,1.0,1.0,1.0,8.0,320.0,1.0,6115475399.0,35456944.0,19708400000.0,154.74155555555555,3136.0,10.0,16187392.0,2.1683606875572064e+17
256000.0,512000.0,3136.0,64.0,3.0,36.0,46.0,24.0,3.0,2.0,3.0,4.0,5.0,2.0,4.0,5.0,3.0,1.0,3.0,2.0,6.0,5.0,1.0,2.0,2.0,1.0,1.0,6.0,3.0,2.0,5.0,4.0,1.0,8.0,1.0,2048.0,512.0,1.0,1.0,1.0,1.0,8.0,64.0,1.0,6.0,5.0,4.0,2.0,4.0,3.0,3.0,5.0,1.0,1.0,5.0,6.0,4.0,3.0,4.0,2.0,6.0,5.0,2048.0,128.0,1.0,6.0,24.0,1.0,1.0,1.0,1.0,4.0,320.0,1.0,763922301.0,34807112.0,19706900000.0,126.86677777777778,3136.0,10.0,1424384.0,2.658992909020471e+16
128.0,256000.0,3136.0,64.0,3.0,14.0,32.0,10.0,1.0,5.0,3.0,3.0,2.0,6.0,6.0,2.0,2.0,4.0,2.0,3.0,2.0,6.0,1.0,4.0,5.0,5.0,4.0,3.0,5.0,5.0,5.0,1.0,512.0,4096.0,1.0,2.0,8.0,1.0,1.0,1.0,1.0,2.0,128.0,1.0,4.0,3.0,5.0,3.0,2.0,5.0,3.0,6.0,3.0,4.0,3.0,5.0,5.0,3.0,4.0,1.0,6.0,2.0,16.0,32.0,1.0,16.0,1.0,1.0,1.0,1.0,1.0,160.0,40.0,1.0,2334771922.0,38036861.8,19706900000.0,125.42622222222222,3136.0,10.0,1116160.0,8.880739693163437e+16
2048000.0,32000.0,3136.0,64.0,3.0,34.0,48.0,42.0,4.0,1.0,5.0,1.0,5.0,6.0,3.0,6.0,5.0,1.0,6.0,2.0,1.0,3.0,3.0,5.0,4.0,6.0,4.0,3.0,3.0,3.0,1.0,5.0,2.0,32.0,1.0,8.0,4.0,1.0,1.0,1.0,1.0,64.0,4.0,1.0,1.0,6.0,6.0,5.0,3.0,2.0,3.0,2.0,3.0,3.0,6.0,4.0,1.0,2.0,5.0,3.0,3.0,1.0,8.0,1024.0,1.0,192.0,384.0,1.0,1.0,1.0,1.0,5.0,16.0,1.0,24565387027.0,39934075.0,19706800000.0,125.28577777777778,3136.0,10.0,831488.0,9.80996007940245e+17
1024.0,2048000.0,3136.0,64.0,3.0,16.0,36.0,46.0,5.0,2.0,3.0,2.0,6.0,6.0,5.0,1.0,2.0,6.0,5.0,3.0,6.0,5.0,5.0,4.0,3.0,3.0,1.0,4.0,1.0,1.0,6.0,5.0,16.0,2048.0,1.0,128.0,16.0,1.0,1.0,1.0,1.0,32.0,4.0,1.0,5.0,4.0,1.0,4.0,4.0,4.0,5.0,5.0,3.0,5.0,6.0,6.0,5.0,3.0,5.0,5.0,3.0,4.0,8.0,1024.0,1.0,2.0,1.0,1.0,1.0,1.0,1.0,40.0,20.0,1.0,24557896682.0,73412785.0,19706800000.0,124.86533333333333,3136.0,10.0,663552.0,1.8028635891678794e+18
2048000.0,16000.0,3136.0,64.0,3.0,16.0,16.0,38.0,4.0,3.0,2.0,5.0,1.0,2.0,3.0,5.0,2.0,4.0,1.0,2.0,2.0,4.0,1.0,2.0,2.0,1.0,3.0,1.0,2.0,6.0,3.0,3.0,2.0,2.0,1.0,16.0,16.0,1.0,1.0,1.0,1.0,64.0,4.0,1.0,2.0,4.0,4.0,2.0,4.0,4.0,5.0,3.0,1.0,3.0,3.0,1.0,2.0,3.0,1.0,5.0,2.0,6.0,8.0,64.0,1.0,128.0,8.0,1.0,1.0,1.0,1.0,320.0,5.0,1.0,474488374.0,44928690.0,19706800000.0,123.95733333333332,3136.0,10.0,139264.0,2.131814106405006e+16
64000.0,1024000.0,3136.0,64.0,3.0,4.0,42.0,36.0,6.0,2.0,2.0,4.0,5.0,2.0,3.0,2.0,1.0,1.0,1.0,6.0,2.0,4.0,2.0,5.0,5.0,4.0,4.0,5.0,5.0,3.0,6.0,2.0,64.0,16.0,1.0,1.0,32.0,1.0,1.0,1.0,1.0,1.0,4.0,1.0,6.0,5.0,5.0,3.0,5.0,1.0,4.0,5.0,2.0,5.0,1.0,1.0,3.0,5.0,6.0,3.0,4.0,1.0,2.0,2048.0,1.0,64.0,256.0,1.0,1.0,1.0,1.0,5.0,4.0,1.0,10299381169.0,33554706.0,19707000000.0,127.801,3136.0,10.0,2140672.0,3.455927071077313e+17
64000.0,1024000.0,3136.0,64.0,3.0,26.0,46.0,34.0,5.0,1.0,5.0,2.0,1.0,5.0,4.0,1.0,4.0,6.0,4.0,4.0,5.0,2.0,5.0,6.0,4.0,1.0,3.0,1.0,3.0,3.0,1.0,1.0,16.0,2.0,1.0,2048.0,256.0,1.0,1.0,1.0,1.0,128.0,16.0,1.0,3.0,1.0,2.0,1.0,2.0,4.0,4.0,4.0,4.0,4.0,2.0,4.0,4.0,6.0,4.0,1.0,3.0,2.0,16.0,1024.0,1.0,48.0,64.0,1.0,1.0,1.0,1.0,32.0,4.0,1.0,12218996311.0,34355913.0,19706800000.0,125.462,3136.0,10.0,663552.0,4.197947742080369e+17
2048000.0,1024000.0,3136.0,64.0,3.0,36.0,34.0,16.0,6.0,6.0,6.0,3.0,1.0,2.0,4.0,2.0,3.0,1.0,3.0,6.0,1.0,2.0,4.0,3.0,1.0,6.0,3.0,5.0,4.0,1.0,6.0,5.0,32.0,256.0,1.0,1.0,8.0,1.0,1.0,1.0,1.0,16.0,128.0,1.0,5.0,4.0,5.0,5.0,3.0,3.0,1.0,3.0,5.0,4.0,1.0,2.0,4.0,1.0,6.0,3.0,4.0,5.0,1024.0,32.0,1.0,1536.0,1.0,1.0,1.0,1.0,1.0,8.0,16.0,1.0,285816132.0,35249108.0,19708100000.0,148.68266666666665,3136.0,10.0,12763136.0,1.0074763705010256e+16
1024000.0,1024000.0,3136.0,64.0,3.0,40.0,36.0,34.0,4.0,1.0,1.0,6.0,2.0,1.0,4.0,6.0,3.0,1.0,5.0,1.0,3.0,2.0,3.0,4.0,6.0,2.0,6.0,5.0,3.0,6.0,4.0,5.0,1024.0,16.0,1.0,64.0,256.0,1.0,1.0,1.0,1.0,4.0,16.0,1.0,3.0,6.0,4.0,2.0,5.0,1.0,6.0,3.0,2.0,6.0,3.0,2.0,6.0,5.0,3.0,3.0,6.0,3.0,64.0,1.0,1.0,1.0,768.0,1.0,1.0,1.0,1.0,8.0,32.0,1.0,356260181.0,33985664.9,19706800000.0,125.00555555555556,3136.0,10.0,606208.0,1.2107739128679346e+16
32000.0,32000000.0,3136.0,64.0,3.0,12.0,26.0,30.0,3.0,1.0,2.0,4.0,4.0,1.0,3.0,3.0,2.0,2.0,2.0,2.0,5.0,2.0,4.0,6.0,3.0,1.0,6.0,2.0,4.0,1.0,3.0,3.0,128.0,1024.0,1.0,1024.0,64.0,1.0,1.0,1.0,1.0,32.0,64.0,1.0,4.0,6.0,1.0,1.0,5.0,6.0,6.0,2.0,2.0,5.0,5.0,5.0,6.0,6.0,4.0,6.0,6.0,1.0,2.0,8.0,1.0,3.0,768.0,1.0,1.0,1.0,1.0,320.0,8.0,1.0,22699593331.0,43343116.4,19707000000.0,128.67811111111112,3136.0,10.0,2621440.0,9.838711159781967e+17
512.0,256000.0,3136.0,64.0,3.0,36.0,38.0,28.0,6.0,1.0,3.0,5.0,3.0,6.0,5.0,1.0,6.0,1.0,4.0,5.0,2.0,4.0,1.0,6.0,6.0,6.0,5.0,2.0,5.0,4.0,1.0,1.0,64.0,4.0,1.0,512.0,16.0,1.0,1.0,1.0,1.0,16.0,128.0,1.0,4.0,4.0,1.0,5.0,4.0,5.0,1.0,5.0,6.0,4.0,5.0,5.0,6.0,3.0,3.0,2.0,3.0,6.0,512.0,16.0,1.0,16.0,256.0,1.0,1.0,1.0,1.0,1.0,10.0,1.0,10356531743.0,41459325.0,19706800000.0,125.18933333333332,3136.0,10.0,549888.0,4.293748154058535e+17
128.0,2048000.0,3136.0,64.0,3.0,36.0,16.0,36.0,2.0,1.0,3.0,6.0,4.0,4.0,3.0,2.0,4.0,5.0,3.0,3.0,5.0,2.0,4.0,4.0,6.0,6.0,3.0,6.0,2.0,4.0,2.0,6.0,2048.0,128.0,1.0,128.0,2.0,1.0,1.0,1.0,1.0,4.0,8.0,1.0,3.0,2.0,5.0,5.0,5.0,2.0,4.0,2.0,6.0,6.0,4.0,5.0,2.0,5.0,3.0,4.0,6.0,4.0,4.0,8.0,1.0,512.0,128.0,1.0,1.0,1.0,1.0,64.0,8.0,1.0,5102321607.0,43702845.0,19706800000.0,125.408,3136.0,10.0,698368.0,2.229859703308719e+17
64000.0,128000.0,3136.0,64.0,3.0,34.0,4.0,4.0,4.0,5.0,2.0,6.0,5.0,2.0,2.0,4.0,6.0,5.0,6.0,1.0,4.0,3.0,3.0,6.0,6.0,3.0,6.0,5.0,3.0,2.0,2.0,2.0,512.0,2048.0,1.0,4.0,1.0,1.0,1.0,1.0,1.0,16.0,2.0,1.0,4.0,2.0,5.0,2.0,6.0,5.0,3.0,6.0,6.0,5.0,3.0,2.0,2.0,2.0,1.0,1.0,4.0,6.0,32.0,8.0,1.0,16.0,2.0,1.0,1.0,1.0,1.0,10.0,10.0,1.0,292745584.0,37668554.0,19706800000.0,124.57477777777778,3136.0,10.0,541696.0,1.1027302839165536e+16
1024.0,128000.0,3136.0,64.0,3.0,6.0,36.0,6.0,5.0,1.0,6.0,2.0,3.0,6.0,5.0,2.0,4.0,4.0,6.0,2.0,5.0,2.0,1.0,2.0,5.0,2.0,4.0,2.0,5.0,2.0,4.0,2.0,16.0,32.0,1.0,1.0,1024.0,1.0,1.0,1.0,1.0,1.0,1.0,1.0,5.0,2.0,6.0,5.0,3.0,3.0,1.0,4.0,5.0,6.0,4.0,1.0,1.0,2.0,2.0,5.0,6.0,4.0,32.0,8.0,1.0,48.0,192.0,1.0,1.0,1.0,1.0,5.0,5.0,1.0,12493455419.0,57720840.0,19706700000.0,123.81788888888889,3136.0,10.0,69760.0,7.21132741287232e+17
16000.0,16000000.0,3136.0,64.0,3.0,22.0,26.0,18.0,5.0,5.0,5.0,4.0,3.0,2.0,1.0,1.0,2.0,1.0,5.0,4.0,5.0,3.0,6.0,3.0,3.0,5.0,5.0,1.0,5.0,5.0,2.0,4.0,256.0,4.0,1.0,128.0,128.0,1.0,1.0,1.0,1.0,64.0,64.0,1.0,3.0,3.0,1.0,6.0,4.0,5.0,3.0,4.0,4.0,3.0,5.0,2.0,1.0,4.0,2.0,5.0,3.0,2.0,4096.0,128.0,1.0,48.0,192.0,1.0,1.0,1.0,1.0,2.0,160.0,1.0,5838909688.0,32845676.7,19707000000.0,130.2577777777778,3136.0,10.0,2945024.0,1.9178293989254586e+17
2048000.0,32000.0,3136.0,64.0,3.0,34.0,42.0,16.0,3.0,2.0,5.0,3.0,4.0,4.0,1.0,1.0,2.0,4.0,6.0,1.0,6.0,5.0,6.0,2.0,5.0,1.0,2.0,4.0,3.0,3.0,4.0,1.0,4096.0,1024.0,1.0,1.0,16.0,1.0,1.0,1.0,1.0,2.0,16.0,1.0,2.0,6.0,1.0,1.0,4.0,3.0,3.0,3.0,2.0,4.0,6.0,2.0,6.0,1.0,4.0,3.0,1.0,3.0,32.0,4096.0,1.0,12.0,1.0,1.0,1.0,1.0,1.0,64.0,8.0,1.0,9408883612.0,39715909.0,19706800000.0,125.28177777777778,3136.0,10.0,624128.0,3.736823653257833e+17
2048.0,128000.0,3136.0,64.0,3.0,32.0,18.0,6.0,2.0,4.0,1.0,2.0,3.0,1.0,3.0,5.0,5.0,4.0,1.0,2.0,6.0,6.0,5.0,1.0,4.0,6.0,2.0,5.0,6.0,2.0,6.0,4.0,2.0,2.0,1.0,16.0,8.0,1.0,1.0,1.0,1.0,2.0,4.0,1.0,5.0,4.0,2.0,2.0,1.0,5.0,4.0,3.0,3.0,6.0,3.0,4.0,6.0,6.0,1.0,4.0,1.0,4.0,16.0,16.0,1.0,3072.0,384.0,1.0,1.0,1.0,1.0,64.0,160.0,1.0,2720054873.0,53139610.0,19706900000.0,125.76566666666668,3136.0,10.0,1086464.0,1.4454265512981952e+17
256000.0,16000.0,3136.0,64.0,3.0,18.0,22.0,16.0,2.0,3.0,2.0,4.0,6.0,2.0,2.0,3.0,5.0,3.0,5.0,2.0,5.0,5.0,3.0,2.0,5.0,6.0,1.0,4.0,2.0,2.0,1.0,1.0,16.0,32.0,1.0,16.0,512.0,1.0,1.0,1.0,1.0,2.0,32.0,1.0,2.0,4.0,4.0,3.0,1.0,1.0,2.0,2.0,4.0,6.0,3.0,4.0,2.0,2.0,3.0,6.0,3.0,3.0,64.0,2.0,1.0,6.0,1536.0,1.0,1.0,1.0,1.0,5.0,4.0,1.0,1055449272.0,52819898.0,19706800000.0,124.19433333333333,3136.0,10.0,212608.0,5.574872289121426e+16
128000.0,16000.0,3136.0,64.0,3.0,12.0,14.0,26.0,5.0,3.0,5.0,5.0,1.0,4.0,6.0,1.0,3.0,1.0,4.0,4.0,6.0,6.0,3.0,2.0,6.0,2.0,5.0,6.0,5.0,3.0,1.0,4.0,32.0,64.0,1.0,64.0,512.0,1.0,1.0,1.0,1.0,32.0,16.0,1.0,4.0,2.0,6.0,5.0,3.0,6.0,3.0,1.0,4.0,5.0,4.0,2.0,3.0,6.0,2.0,1.0,4.0,3.0,64.0,2048.0,1.0,32.0,192.0,1.0,1.0,1.0,1.0,16.0,40.0,1.0,10603588564.0,34427735.4,19706900000.0,128.25966666666667,3136.0,10.0,1915904.0,3.650575413718579e+17
32000.0,1024000.0,3136.0,64.0,3.0,22.0,26.0,38.0,3.0,5.0,5.0,5.0,5.0,5.0,5.0,5.0,6.0,1.0,3.0,2.0,2.0,1.0,5.0,2.0,3.0,1.0,4.0,5.0,1.0,6.0,4.0,6.0,16.0,16.0,1.0,2.0,2.0,1.0,1.0,1.0,1.0,64.0,4.0,1.0,5.0,6.0,4.0,3.0,4.0,2.0,6.0,3.0,3.0,1.0,5.0,4.0,3.0,2.0,5.0,3.0,1.0,4.0,8.0,2048.0,1.0,128.0,24.0,1.0,1.0,1.0,1.0,2.0,5.0,1.0,6724795831.0,39350450.0,19706800000.0,124.73322222222222,3136.0,10.0,546048.0,2.6462374210797395e+17
4096.0,1024000.0,3136.0,64.0,3.0,8.0,16.0,24.0,6.0,2.0,2.0,5.0,4.0,1.0,1.0,5.0,5.0,6.0,6.0,2.0,5.0,4.0,4.0,4.0,3.0,4.0,2.0,2.0,1.0,5.0,6.0,3.0,64.0,4096.0,1.0,64.0,16.0,1.0,1.0,1.0,1.0,1.0,4.0,1.0,4.0,3.0,5.0,5.0,5.0,6.0,5.0,6.0,5.0,1.0,3.0,2.0,6.0,4.0,6.0,1.0,1.0,4.0,16.0,512.0,1.0,8.0,16.0,1.0,1.0,1.0,1.0,160.0,8.0,1.0,4928675170.0,37482390.0,19706900000.0,127.31144444444443,3136.0,10.0,1446912.0,1.847385249052563e+17
128.0,64000.0,3136.0,64.0,3.0,6.0,8.0,32.0,1.0,6.0,6.0,6.0,2.0,3.0,6.0,1.0,3.0,2.0,2.0,4.0,6.0,5.0,1.0,2.0,1.0,1.0,1.0,4.0,1.0,5.0,2.0,4.0,4096.0,128.0,1.0,1.0,256.0,1.0,1.0,1.0,1.0,1.0,1.0,1.0,2.0,4.0,5.0,5.0,1.0,1.0,2.0,2.0,3.0,4.0,3.0,2.0,1.0,6.0,6.0,2.0,2.0,4.0,64.0,8.0,1.0,6.0,2.0,1.0,1.0,1.0,1.0,16.0,160.0,1.0,1404374360.0,57868010.0,19707000000.0,126.96966666666667,3136.0,10.0,2114560.0,8.12683495082236e+16
2048000.0,512000.0,3136.0,64.0,3.0,20.0,44.0,16.0,4.0,4.0,6.0,4.0,1.0,6.0,6.0,3.0,3.0,4.0,2.0,5.0,6.0,1.0,3.0,6.0,5.0,2.0,4.0,4.0,5.0,3.0,4.0,6.0,64.0,4.0,1.0,256.0,512.0,1.0,1.0,1.0,1.0,4.0,2.0,1.0,2.0,5.0,2.0,6.0,6.0,1.0,4.0,1.0,3.0,4.0,4.0,5.0,4.0,3.0,6.0,1.0,2.0,1.0,16.0,2048.0,1.0,48.0,768.0,1.0,1.0,1.0,1.0,5.0,80.0,1.0,1534102430.0,37240150.0,19707100000.0,130.68333333333334,3136.0,10.0,3596288.0,5.71302046085645e+16
128000.0,512000.0,3136.0,64.0,3.0,26.0,2.0,34.0,4.0,6.0,5.0,2.0,2.0,5.0,5.0,2.0,6.0,5.0,5.0,2.0,1.0,1.0,6.0,4.0,5.0,3.0,2.0,3.0,1.0,3.0,1.0,4.0,4.0,64.0,1.0,8.0,256.0,1.0,1.0,1.0,1.0,2.0,16.0,1.0,4.0,5.0,5.0,4.0,5.0,4.0,4.0,4.0,5.0,1.0,5.0,6.0,4.0,4.0,6.0,5.0,1.0,1.0,16.0,512.0,1.0,3072.0,768.0,1.0,1.0,1.0,1.0,16.0,2.0,1.0,12247802613.0,33881744.0,19707100000.0,129.99866666666668,3136.0,10.0,3260416.0,4.1497691269619706e+17
256000.0,64000.0,3136.0,64.0,3.0,48.0,32.0,28.0,1.0,3.0,2.0,4.0,3.0,3.0,2.0,1.0,2.0,2.0,5.0,4.0,2.0,3.0,2.0,5.0,3.0,5.0,5.0,4.0,3.0,5.0,1.0,4.0,128.0,4096.0,1.0,1.0,2.0,1.0,1.0,1.0,1.0,16.0,16.0,1.0,1.0,3.0,4.0,3.0,2.0,5.0,3.0,1.0,3.0,4.0,2.0,4.0,3.0,6.0,3.0,3.0,6.0,6.0,1024.0,128.0,1.0,12.0,12.0,1.0,1.0,1.0,1.0,80.0,64.0,1.0,10872246951.0,39316783.0,19706800000.0,125.312,3136.0,10.0,521856.0,4.2746177409487866e+17
256.0,32000.0,3136.0,64.0,3.0,2.0,14.0,32.0,1.0,1.0,3.0,5.0,4.0,2.0,2.0,6.0,4.0,3.0,4.0,5.0,1.0,3.0,1.0,6.0,6.0,2.0,3.0,3.0,2.0,6.0,6.0,6.0,128.0,64.0,1.0,64.0,32.0,1.0,1.0,1.0,1.0,64.0,128.0,1.0,6.0,6.0,5.0,2.0,4.0,3.0,3.0,5.0,3.0,1.0,4.0,5.0,3.0,1.0,4.0,3.0,3.0,2.0,4096.0,2.0,1.0,3072.0,6.0,1.0,1.0,1.0,1.0,20.0,20.0,1.0,8085631523.0,32925639.0,19709600000.0,175.86511111111113,3136.0,10.0,27172864.0,2.662245846133182e+17
2048000.0,2048000.0,3136.0,64.0,3.0,42.0,32.0,12.0,4.0,3.0,1.0,4.0,4.0,3.0,6.0,5.0,5.0,5.0,3.0,2.0,2.0,3.0,6.0,5.0,4.0,5.0,4.0,3.0,5.0,5.0,3.0,6.0,64.0,32.0,1.0,2048.0,2048.0,1.0,1.0,1.0,1.0,8.0,2.0,1.0,3.0,4.0,4.0,2.0,6.0,1.0,3.0,4.0,1.0,2.0,4.0,6.0,2.0,4.0,6.0,2.0,4.0,4.0,1024.0,16.0,1.0,1.0,16.0,1.0,1.0,1.0,1.0,10.0,10.0,1.0,1575008234.0,38017456.2,19707000000.0,127.37055555555557,3136.0,10.0,2138112.0,5.987780655073435e+16
256.0,16000.0,3136.0,64.0,3.0,16.0,32.0,44.0,4.0,5.0,3.0,6.0,5.0,6.0,3.0,4.0,4.0,1.0,2.0,3.0,6.0,4.0,6.0,3.0,1.0,6.0,6.0,4.0,4.0,1.0,3.0,6.0,2048.0,16.0,1.0,32.0,16.0,1.0,1.0,1.0,1.0,32.0,32.0,1.0,1.0,4.0,4.0,1.0,4.0,4.0,4.0,5.0,3.0,3.0,6.0,1.0,2.0,5.0,6.0,4.0,5.0,5.0,16.0,4.0,1.0,512.0,512.0,1.0,1.0,1.0,1.0,10.0,5.0,1.0,371516683.0,38474688.0,19706800000.0,124.36455555555557,3136.0,10.0,397312.0,1.4293988465219904e+16
16000.0,128000.0,3136.0,64.0,3.0,8.0,6.0,10.0,2.0,5.0,2.0,1.0,4.0,2.0,6.0,4.0,1.0,6.0,2.0,1.0,6.0,1.0,6.0,4.0,3.0,6.0,3.0,4.0,1.0,5.0,6.0,6.0,512.0,8.0,1.0,2.0,4.0,1.0,1.0,1.0,1.0,4.0,64.0,1.0,5.0,5.0,6.0,5.0,3.0,5.0,3.0,2.0,5.0,6.0,1.0,1.0,5.0,3.0,3.0,3.0,4.0,4.0,4.0,2048.0,1.0,48.0,24.0,1.0,1.0,1.0,1.0,32.0,10.0,1.0,12260514361.0,34406722.0,19706800000.0,124.42444444444443,3136.0,10.0,330752.0,4.2184410919593466e+17
8192.0,128000.0,3136.0,64.0,3.0,4.0,32.0,6.0,1.0,6.0,3.0,5.0,3.0,5.0,3.0,2.0,1.0,3.0,1.0,6.0,6.0,2.0,1.0,4.0,3.0,2.0,5.0,3.0,4.0,1.0,6.0,3.0,2048.0,128.0,1.0,128.0,512.0,1.0,1.0,1.0,1.0,4.0,64.0,1.0,6.0,5.0,3.0,2.0,3.0,3.0,2.0,2.0,4.0,6.0,2.0,3.0,1.0,5.0,4.0,5.0,3.0,4.0,2048.0,8.0,1.0,1536.0,192.0,1.0,1.0,1.0,1.0,64.0,20.0,1.0,1040224585.0,32512672.8,19707600000.0,144.35844444444444,3136.0,10.0,8585216.0,3.3820481570620788e+16
64000.0,32000000.0,3136.0,64.0,3.0,44.0,36.0,22.0,3.0,2.0,6.0,6.0,6.0,6.0,3.0,3.0,2.0,3.0,2.0,1.0,4.0,4.0,4.0,1.0,4.0,6.0,5.0,2.0,3.0,5.0,6.0,6.0,2.0,4.0,1.0,2.0,128.0,1.0,1.0,1.0,1.0,8.0,64.0,1.0,4.0,2.0,3.0,3.0,4.0,5.0,1.0,2.0,4.0,5.0,3.0,4.0,6.0,4.0,2.0,1.0,1.0,5.0,1.0,1.0,1.0,12.0,256.0,1.0,1.0,1.0,1.0,80.0,8.0,1.0,6458507273.0,124104470.0,19706700000.0,123.79055555555556,3136.0,10.0,41632.0,8.015296221068104e+17
256.0,4096000.0,3136.0,64.0,3.0,38.0,30.0,24.0,2.0,3.0,3.0,3.0,2.0,1.0,6.0,2.0,6.0,3.0,3.0,4.0,6.0,3.0,4.0,2.0,2.0,6.0,4.0,2.0,3.0,5.0,2.0,6.0,1024.0,2.0,1.0,2.0,4.0,1.0,1.0,1.0,1.0,32.0,128.0,1.0,6.0,6.0,6.0,4.0,5.0,2.0,5.0,6.0,5.0,5.0,2.0,5.0,4.0,3.0,5.0,4.0,4.0,5.0,128.0,1.0,1.0,1536.0,192.0,1.0,1.0,1.0,1.0,10.0,10.0,1.0,655641072.0,33187408.0,19706800000.0,124.91677777777778,3136.0,10.0,426496.0,2.1759027758021376e+16
32000.0,64000.0,3136.0,64.0,3.0,6.0,44.0,14.0,4.0,5.0,6.0,5.0,3.0,6.0,1.0,3.0,6.0,1.0,5.0,2.0,5.0,4.0,5.0,4.0,4.0,2.0,2.0,5.0,6.0,6.0,1.0,2.0,8.0,1.0,1.0,1024.0,32.0,1.0,1.0,1.0,1.0,1.0,4.0,1.0,6.0,3.0,3.0,6.0,2.0,1.0,2.0,5.0,1.0,3.0,2.0,4.0,5.0,3.0,4.0,2.0,1.0,6.0,1.0,2.0,1.0,192.0,1536.0,1.0,1.0,1.0,1.0,5.0,4.0,1.0,2274754577.0,86957126.0,19706700000.0,123.76188888888889,3136.0,10.0,24640.0,1.978061203712657e+17
4096.0,32000.0,3136.0,64.0,3.0,18.0,12.0,46.0,3.0,1.0,2.0,2.0,3.0,4.0,1.0,4.0,6.0,2.0,4.0,3.0,2.0,2.0,6.0,5.0,1.0,1.0,6.0,4.0,1.0,3.0,6.0,6.0,1.0,4096.0,1.0,32.0,1.0,1.0,1.0,1.0,1.0,4.0,2.0,1.0,2.0,2.0,6.0,1.0,2.0,3.0,3.0,6.0,2.0,5.0,3.0,3.0,2.0,1.0,5.0,2.0,2.0,4.0,64.0,512.0,1.0,256.0,8.0,1.0,1.0,1.0,1.0,320.0,1.0,1.0,3056969307.0,33237183.0,19706800000.0,125.58033333333333,3136.0,10.0,753664.0,1.0160504828214218e+17
64000.0,32000000.0,3136.0,64.0,3.0,2.0,2.0,14.0,5.0,4.0,5.0,2.0,3.0,1.0,4.0,5.0,4.0,1.0,6.0,6.0,1.0,3.0,2.0,3.0,1.0,2.0,2.0,1.0,3.0,6.0,2.0,4.0,2048.0,128.0,1.0,8.0,256.0,1.0,1.0,1.0,1.0,128.0,32.0,1.0,6.0,5.0,6.0,2.0,2.0,5.0,1.0,6.0,6.0,1.0,2.0,3.0,4.0,6.0,6.0,2.0,5.0,3.0,64.0,512.0,1.0,32.0,8.0,1.0,1.0,1.0,1.0,40.0,10.0,1.0,2332317939.0,34924263.0,19707100000.0,129.74255555555555,3136.0,10.0,3211264.0,8.145448510125395e+16
1024000.0,256000.0,3136.0,64.0,3.0,18.0,6.0,46.0,6.0,3.0,2.0,1.0,4.0,5.0,4.0,2.0,5.0,5.0,4.0,6.0,2.0,2.0,3.0,1.0,2.0,4.0,3.0,4.0,5.0,5.0,6.0,1.0,16.0,128.0,1.0,16.0,64.0,1.0,1.0,1.0,1.0,32.0,32.0,1.0,3.0,4.0,4.0,6.0,1.0,5.0,1.0,2.0,1.0,6.0,1.0,5.0,2.0,5.0,2.0,1.0,2.0,2.0,8.0,8.0,1.0,1024.0,1536.0,1.0,1.0,1.0,1.0,32.0,4.0,1.0,67418208.0,36534246.0,19706800000.0,124.82111111111111,3136.0,10.0,374272.0,2463073395951168.0
256.0,4096000.0,3136.0,64.0,3.0,6.0,4.0,36.0,1.0,3.0,1.0,3.0,4.0,2.0,2.0,5.0,1.0,3.0,5.0,5.0,4.0,4.0,6.0,2.0,3.0,6.0,2.0,2.0,5.0,5.0,3.0,4.0,4.0,4096.0,1.0,8.0,1.0,1.0,1.0,1.0,1.0,1.0,4.0,1.0,3.0,1.0,3.0,5.0,2.0,6.0,2.0,6.0,5.0,2.0,3.0,4.0,2.0,6.0,6.0,4.0,5.0,4.0,4096.0,256.0,1.0,1024.0,12.0,1.0,1.0,1.0,1.0,5.0,64.0,1.0,3253066269.0,35680207.0,19707700000.0,141.16855555555557,3136.0,10.0,9043968.0,1.1607007786263768e+17
256000.0,1024000.0,3136.0,64.0,3.0,46.0,24.0,14.0,6.0,6.0,2.0,6.0,5.0,5.0,5.0,3.0,6.0,6.0,6.0,1.0,4.0,3.0,3.0,6.0,5.0,6.0,5.0,4.0,5.0,3.0,6.0,1.0,256.0,2048.0,1.0,1024.0,256.0,1.0,1.0,1.0,1.0,2.0,16.0,1.0,2.0,1.0,6.0,2.0,1.0,5.0,6.0,5.0,3.0,2.0,6.0,6.0,6.0,2.0,4.0,4.0,5.0,1.0,1024.0,2048.0,1.0,3072.0,256.0,1.0,1.0,1.0,1.0,160.0,5.0,1.0,872461940.0,33036380.0,19709600000.0,189.42788888888887,3136.0,10.0,27459584.0,2.88229841853772e+16
4096.0,2048000.0,3136.0,64.0,3.0,12.0,38.0,14.0,5.0,5.0,4.0,6.0,4.0,5.0,3.0,2.0,4.0,2.0,2.0,6.0,3.0,4.0,4.0,3.0,3.0,5.0,4.0,5.0,3.0,5.0,5.0,2.0,32.0,256.0,1.0,2.0,8.0,1.0,1.0,1.0,1.0,1.0,32.0,1.0,3.0,6.0,2.0,4.0,6.0,2.0,4.0,5.0,3.0,1.0,2.0,5.0,2.0,4.0,4.0,1.0,4.0,1.0,256.0,2048.0,1.0,1536.0,8.0,1.0,1.0,1.0,1.0,1.0,4.0,1.0,131218637.0,34773366.7,19707400000.0,136.12611111111113,3136.0,10.0,6434816.0,4562913782275188.0
512.0,1024000.0,3136.0,64.0,3.0,12.0,40.0,42.0,3.0,1.0,4.0,6.0,1.0,1.0,6.0,2.0,2.0,5.0,5.0,3.0,6.0,2.0,3.0,6.0,4.0,4.0,4.0,2.0,1.0,4.0,5.0,6.0,16.0,2048.0,1.0,64.0,2.0,1.0,1.0,1.0,1.0,8.0,8.0,1.0,4.0,6.0,6.0,4.0,2.0,5.0,1.0,3.0,6.0,4.0,2.0,5.0,6.0,4.0,4.0,6.0,1.0,6.0,4.0,2048.0,1.0,768.0,128.0,1.0,1.0,1.0,1.0,160.0,64.0,1.0,645957851.0,34861229.0,19707200000.0,131.89344444444444,3136.0,10.0,4046848.0,2.251888456805888e+16
32000.0,16000.0,3136.0,64.0,3.0,40.0,6.0,30.0,4.0,1.0,4.0,5.0,1.0,3.0,3.0,2.0,1.0,5.0,2.0,2.0,3.0,5.0,1.0,5.0,5.0,4.0,4.0,5.0,6.0,6.0,2.0,4.0,8.0,1024.0,1.0,64.0,8.0,1.0,1.0,1.0,1.0,1.0,16.0,1.0,5.0,2.0,6.0,4.0,2.0,3.0,5.0,1.0,1.0,3.0,1.0,6.0,1.0,4.0,2.0,3.0,4.0,6.0,16.0,2.0,1.0,128.0,1024.0,1.0,1.0,1.0,1.0,320.0,1.0,1.0,5135995423.0,37870898.0,19706800000.0,125.6498888888889,3136.0,10.0,698368.0,1.9450475879289984e+17
2048000.0,64000.0,3136.0,64.0,3.0,20.0,8.0,10.0,5.0,3.0,2.0,1.0,5.0,5.0,3.0,1.0,6.0,1.0,2.0,6.0,6.0,1.0,4.0,1.0,1.0,2.0,3.0,6.0,5.0,3.0,6.0,4.0,128.0,512.0,1.0,8.0,64.0,1.0,1.0,1.0,1.0,2.0,4.0,1.0,1.0,4.0,2.0,6.0,4.0,3.0,5.0,2.0,2.0,4.0,1.0,2.0,2.0,6.0,6.0,2.0,6.0,5.0,1024.0,64.0,1.0,256.0,6.0,1.0,1.0,1.0,1.0,16.0,40.0,1.0,913782995.0,34103315.0,19707000000.0,129.22533333333334,3136.0,10.0,2445312.0,3.1163029320128424e+16
128.0,4096000.0,3136.0,64.0,3.0,26.0,30.0,48.0,3.0,6.0,6.0,6.0,1.0,1.0,2.0,5.0,3.0,1.0,1.0,4.0,6.0,4.0,2.0,3.0,3.0,6.0,2.0,1.0,1.0,3.0,2.0,6.0,16.0,1024.0,1.0,4.0,64.0,1.0,1.0,1.0,1.0,64.0,16.0,1.0,4.0,1.0,5.0,3.0,6.0,6.0,2.0,3.0,4.0,1.0,1.0,6.0,6.0,5.0,1.0,1.0,1.0,5.0,512.0,512.0,1.0,1536.0,768.0,1.0,1.0,1.0,1.0,64.0,1.0,1.0,10100262278.0,33496279.0,19706900000.0,127.61488888888888,3136.0,10.0,1835008.0,3.3832120323706355e+17
512.0,64000.0,3136.0,64.0,3.0,42.0,36.0,46.0,4.0,2.0,6.0,4.0,2.0,2.0,5.0,2.0,6.0,2.0,6.0,1.0,6.0,2.0,3.0,4.0,6.0,2.0,1.0,6.0,1.0,5.0,4.0,1.0,8.0,8.0,1.0,8.0,64.0,1.0,1.0,1.0,1.0,8.0,128.0,1.0,5.0,3.0,3.0,1.0,6.0,3.0,3.0,4.0,2.0,6.0,2.0,3.0,5.0,4.0,1.0,6.0,2.0,3.0,2.0,256.0,1.0,3.0,192.0,1.0,1.0,1.0,1.0,80.0,20.0,1.0,1150358647.0,35440032.0,19706800000.0,124.03888888888889,3136.0,10.0,169984.0,4.07687472611567e+16
512.0,64000.0,3136.0,64.0,3.0,38.0,40.0,20.0,6.0,1.0,5.0,6.0,2.0,2.0,3.0,1.0,5.0,6.0,1.0,3.0,2.0,5.0,2.0,6.0,1.0,6.0,6.0,4.0,1.0,2.0,2.0,3.0,1.0,16.0,1.0,256.0,2.0,1.0,1.0,1.0,1.0,8.0,128.0,1.0,5.0,2.0,2.0,4.0,4.0,2.0,3.0,6.0,5.0,3.0,6.0,3.0,6.0,5.0,2.0,3.0,6.0,4.0,256.0,128.0,1.0,8.0,3.0,1.0,1.0,1.0,1.0,40.0,64.0,1.0,923556146.0,34131256.0,19706800000.0,124.05377777777778,3136.0,10.0,111616.0,3.1522131249499376e+16
1024000.0,32000.0,3136.0,64.0,3.0,48.0,26.0,34.0,6.0,6.0,4.0,5.0,4.0,5.0,4.0,1.0,4.0,3.0,1.0,3.0,4.0,1.0,2.0,6.0,4.0,1.0,3.0,5.0,6.0,1.0,3.0,3.0,256.0,512.0,1.0,4.0,64.0,1.0,1.0,1.0,1.0,2.0,8.0,1.0,4.0,3.0,5.0,5.0,1.0,3.0,3.0,2.0,1.0,6.0,3.0,2.0,5.0,5.0,3.0,1.0,2.0,3.0,512.0,2048.0,1.0,48.0,384.0,1.0,1.0,1.0,1.0,2.0,1.0,1.0,1359478381.0,74933201.0,19707100000.0,130.08777777777777,3136.0,10.0,3163648.0,1.0187006677862758e+17
8192.0,16000000.0,3136.0,64.0,3.0,18.0,32.0,18.0,4.0,1.0,6.0,2.0,1.0,2.0,4.0,3.0,1.0,6.0,3.0,3.0,2.0,5.0,2.0,3.0,6.0,1.0,6.0,3.0,2.0,3.0,3.0,3.0,4096.0,64.0,1.0,256.0,1.0,1.0,1.0,1.0,1.0,4.0,2.0,1.0,3.0,3.0,4.0,2.0,1.0,3.0,4.0,6.0,2.0,3.0,1.0,1.0,3.0,5.0,6.0,6.0,2.0,5.0,4.0,1024.0,1.0,2.0,192.0,1.0,1.0,1.0,1.0,160.0,16.0,1.0,218829327.0,37028770.0,19707000000.0,128.45133333333334,3136.0,10.0,2131968.0,8102980818737790.0
128.0,8192000.0,3136.0,64.0,3.0,38.0,42.0,34.0,5.0,3.0,6.0,3.0,5.0,1.0,4.0,2.0,5.0,3.0,4.0,2.0,2.0,5.0,5.0,1.0,3.0,5.0,6.0,1.0,6.0,1.0,4.0,1.0,16.0,32.0,1.0,8.0,2048.0,1.0,1.0,1.0,1.0,8.0,2.0,1.0,2.0,6.0,6.0,4.0,1.0,1.0,3.0,1.0,1.0,1.0,1.0,3.0,1.0,4.0,6.0,6.0,4.0,6.0,128.0,32.0,1.0,256.0,48.0,1.0,1.0,1.0,1.0,16.0,320.0,1.0,493337420.0,34035303.0,19706800000.0,124.53166666666667,3136.0,10.0,311296.0,1.679088857093826e+16
512.0,128000.0,3136.0,64.0,3.0,18.0,44.0,42.0,5.0,4.0,4.0,4.0,5.0,2.0,3.0,3.0,2.0,4.0,3.0,5.0,5.0,4.0,1.0,1.0,5.0,3.0,4.0,4.0,1.0,5.0,3.0,3.0,32.0,1.0,1.0,16.0,16.0,1.0,1.0,1.0,1.0,4.0,4.0,1.0,4.0,6.0,5.0,3.0,2.0,5.0,3.0,5.0,2.0,1.0,2.0,6.0,2.0,5.0,3.0,1.0,5.0,4.0,128.0,1.0,1.0,3072.0,768.0,1.0,1.0,1.0,1.0,2.0,16.0,1.0,848826111.0,38568740.0,19706800000.0,125.3891111111111,3136.0,10.0,888832.0,3.273815358037014e+16
32000.0,32000.0,3136.0,64.0,3.0,28.0,32.0,42.0,4.0,5.0,1.0,1.0,4.0,1.0,1.0,2.0,3.0,1.0,5.0,5.0,4.0,4.0,1.0,5.0,6.0,5.0,2.0,5.0,5.0,4.0,3.0,4.0,16.0,1024.0,1.0,1.0,8.0,1.0,1.0,1.0,1.0,16.0,32.0,1.0,4.0,2.0,1.0,1.0,5.0,2.0,4.0,1.0,5.0,2.0,1.0,1.0,1.0,5.0,6.0,1.0,1.0,2.0,2048.0,4096.0,1.0,2.0,192.0,1.0,1.0,1.0,1.0,32.0,40.0,1.0,898687452.0,35075501.0,19706900000.0,127.60722222222222,3136.0,10.0,1915904.0,3.1521912621313452e+16
4096.0,128000.0,3136.0,64.0,3.0,4.0,40.0,48.0,3.0,6.0,1.0,4.0,5.0,1.0,4.0,2.0,2.0,6.0,2.0,5.0,4.0,4.0,6.0,1.0,6.0,4.0,6.0,3.0,3.0,1.0,1.0,4.0,2.0,128.0,1.0,1024.0,512.0,1.0,1.0,1.0,1.0,1.0,16.0,1.0,1.0,1.0,4.0,6.0,4.0,4.0,2.0,4.0,4.0,1.0,5.0,4.0,3.0,6.0,6.0,1.0,1.0,5.0,32.0,2048.0,1.0,3.0,512.0,1.0,1.0,1.0,1.0,80.0,40.0,1.0,2178181659.0,34525799.0,19707000000.0,128.94611111111112,3136.0,10.0,2506752.0,7.520346214412054e+16
64000.0,256000.0,3136.0,64.0,3.0,26.0,46.0,24.0,4.0,6.0,6.0,4.0,3.0,1.0,2.0,2.0,6.0,5.0,5.0,4.0,1.0,3.0,6.0,1.0,3.0,5.0,1.0,6.0,2.0,1.0,2.0,5.0,512.0,256.0,1.0,1024.0,8.0,1.0,1.0,1.0,1.0,4.0,4.0,1.0,3.0,6.0,2.0,1.0,2.0,4.0,6.0,6.0,1.0,4.0,5.0,3.0,3.0,5.0,2.0,3.0,5.0,4.0,128.0,4.0,1.0,64.0,2.0,1.0,1.0,1.0,1.0,20.0,8.0,1.0,251071156.0,39137940.0,19706900000.0,125.35577777777777,3136.0,10.0,1060864.0,9826407839258640.0
64000.0,256000.0,3136.0,64.0,3.0,30.0,12.0,2.0,1.0,6.0,3.0,4.0,5.0,2.0,3.0,1.0,3.0,6.0,3.0,2.0,6.0,5.0,3.0,1.0,1.0,2.0,3.0,2.0,4.0,4.0,2.0,3.0,512.0,2.0,1.0,2.0,16.0,1.0,1.0,1.0,1.0,64.0,4.0,1.0,2.0,5.0,4.0,4.0,6.0,5.0,5.0,3.0,1.0,6.0,1.0,6.0,1.0,6.0,4.0,1.0,4.0,3.0,4096.0,1.0,1.0,16.0,192.0,1.0,1.0,1.0,1.0,10.0,160.0,1.0,1319119316.0,32906027.0,19707000000.0,129.4568888888889,3136.0,10.0,2945024.0,4.340697582851754e+16
16000.0,128000.0,3136.0,64.0,3.0,8.0,22.0,32.0,3.0,2.0,3.0,3.0,5.0,5.0,3.0,2.0,5.0,2.0,4.0,2.0,1.0,4.0,5.0,6.0,4.0,2.0,5.0,5.0,1.0,2.0,3.0,1.0,16.0,1024.0,1.0,16.0,512.0,1.0,1.0,1.0,1.0,8.0,4.0,1.0,5.0,4.0,6.0,5.0,2.0,5.0,4.0,5.0,1.0,6.0,3.0,4.0,3.0,1.0,4.0,1.0,2.0,4.0,16.0,1.0,1.0,384.0,24.0,1.0,1.0,1.0,1.0,64.0,20.0,1.0,24484302519.0,38908999.5,19706900000.0,125.45044444444444,3136.0,10.0,1073152.0,9.526597144696197e+17
32000.0,128000.0,3136.0,64.0,3.0,38.0,34.0,26.0,6.0,1.0,4.0,1.0,5.0,4.0,1.0,5.0,6.0,1.0,1.0,2.0,3.0,5.0,2.0,2.0,1.0,6.0,6.0,5.0,1.0,3.0,5.0,2.0,2048.0,32.0,1.0,512.0,128.0,1.0,1.0,1.0,1.0,2.0,4.0,1.0,3.0,3.0,1.0,4.0,1.0,1.0,6.0,2.0,2.0,4.0,4.0,5.0,3.0,2.0,4.0,5.0,6.0,3.0,4096.0,8.0,1.0,128.0,16.0,1.0,1.0,1.0,1.0,320.0,20.0,1.0,22288276082.0,32462319.1,19707200000.0,137.36211111111112,3136.0,10.0,4231168.0,7.235291303627818e+17
2048.0,64000.0,3136.0,64.0,3.0,46.0,26.0,6.0,3.0,1.0,1.0,2.0,1.0,5.0,3.0,4.0,5.0,5.0,1.0,5.0,1.0,1.0,3.0,3.0,1.0,4.0,5.0,4.0,4.0,4.0,2.0,5.0,128.0,1024.0,1.0,1.0,16.0,1.0,1.0,1.0,1.0,32.0,32.0,1.0,1.0,2.0,1.0,2.0,2.0,5.0,1.0,6.0,6.0,3.0,3.0,4.0,4.0,5.0,5.0,5.0,6.0,3.0,2.0,256.0,1.0,1024.0,16.0,1.0,1.0,1.0,1.0,160.0,10.0,1.0,260629509.0,34551646.0,19706800000.0,125.62544444444444,3136.0,10.0,933888.0,9005178532121814.0
4096.0,32000000.0,3136.0,64.0,3.0,24.0,6.0,30.0,6.0,4.0,1.0,4.0,5.0,5.0,6.0,1.0,4.0,3.0,4.0,6.0,4.0,4.0,2.0,4.0,2.0,4.0,3.0,4.0,3.0,2.0,2.0,5.0,1.0,1024.0,1.0,2.0,1024.0,1.0,1.0,1.0,1.0,128.0,32.0,1.0,4.0,2.0,1.0,5.0,2.0,4.0,6.0,1.0,2.0,6.0,4.0,5.0,2.0,1.0,6.0,3.0,5.0,2.0,32.0,1.0,1.0,48.0,384.0,1.0,1.0,1.0,1.0,80.0,8.0,1.0,609361441.0,33491691.8,19707800000.0,139.641,3136.0,10.0,9699328.0,2.0408545576775884e+16
4096.0,4096000.0,3136.0,64.0,3.0,16.0,36.0,46.0,2.0,6.0,5.0,4.0,1.0,6.0,4.0,3.0,3.0,6.0,1.0,4.0,6.0,3.0,3.0,5.0,3.0,1.0,4.0,2.0,2.0,3.0,1.0,3.0,4.0,1.0,1.0,128.0,1024.0,1.0,1.0,1.0,1.0,2.0,2.0,1.0,3.0,5.0,3.0,1.0,2.0,5.0,4.0,5.0,3.0,2.0,4.0,1.0,2.0,4.0,1.0,1.0,6.0,2.0,16.0,4.0,1.0,3.0,4.0,1.0,1.0,1.0,1.0,320.0,64.0,1.0,15659630610.0,75288300.0,19706700000.0,123.72711111111111,3136.0,10.0,12928.0,1.178986967254863e+18
128000.0,256000.0,3136.0,64.0,3.0,12.0,8.0,46.0,1.0,5.0,1.0,2.0,5.0,6.0,2.0,3.0,3.0,1.0,1.0,3.0,2.0,4.0,6.0,5.0,3.0,5.0,6.0,2.0,1.0,2.0,6.0,3.0,8.0,1.0,1.0,4.0,1024.0,1.0,1.0,1.0,1.0,4.0,128.0,1.0,3.0,1.0,2.0,1.0,1.0,2.0,2.0,2.0,1.0,5.0,1.0,4.0,6.0,4.0,5.0,2.0,4.0,3.0,128.0,1024.0,1.0,32.0,64.0,1.0,1.0,1.0,1.0,80.0,80.0,1.0,553706236.0,35919172.0,19706800000.0,124.69822222222221,3136.0,10.0,305152.0,1.988866952835659e+16
1024000.0,32000.0,3136.0,64.0,3.0,32.0,16.0,24.0,1.0,6.0,3.0,4.0,6.0,6.0,3.0,4.0,4.0,2.0,6.0,1.0,4.0,2.0,1.0,5.0,5.0,5.0,3.0,3.0,2.0,5.0,6.0,1.0,2048.0,16.0,1.0,64.0,1024.0,1.0,1.0,1.0,1.0,16.0,64.0,1.0,4.0,2.0,6.0,2.0,4.0,4.0,2.0,2.0,2.0,5.0,1.0,6.0,5.0,4.0,3.0,6.0,1.0,2.0,256.0,1.0,1.0,1536.0,384.0,1.0,1.0,1.0,1.0,16.0,20.0,1.0,1041520732.0,32848196.9,19707200000.0,132.36222222222221,3136.0,10.0,4587520.0,3.421207808016813e+16
128000.0,128000.0,3136.0,64.0,3.0,32.0,16.0,42.0,6.0,1.0,2.0,4.0,6.0,4.0,1.0,6.0,6.0,5.0,6.0,4.0,2.0,1.0,6.0,6.0,5.0,6.0,1.0,5.0,3.0,6.0,4.0,1.0,16.0,1.0,1.0,1.0,512.0,1.0,1.0,1.0,1.0,1.0,4.0,1.0,2.0,3.0,5.0,6.0,3.0,4.0,2.0,5.0,3.0,2.0,6.0,1.0,6.0,4.0,5.0,2.0,5.0,4.0,4.0,8.0,1.0,24.0,768.0,1.0,1.0,1.0,1.0,10.0,5.0,1.0,3634479188.0,49278020.0,19706800000.0,123.91555555555556,3136.0,10.0,70144.0,1.7909993811584774e+17
1024.0,16000000.0,3136.0,64.0,3.0,46.0,36.0,6.0,3.0,2.0,6.0,6.0,2.0,6.0,3.0,1.0,5.0,4.0,6.0,6.0,4.0,6.0,5.0,5.0,1.0,1.0,1.0,6.0,1.0,4.0,1.0,2.0,512.0,1.0,1.0,4.0,8.0,1.0,1.0,1.0,1.0,1.0,32.0,1.0,6.0,6.0,6.0,2.0,3.0,6.0,2.0,3.0,3.0,4.0,4.0,4.0,6.0,4.0,4.0,2.0,5.0,6.0,4.0,1.0,1.0,4.0,12.0,1.0,1.0,1.0,1.0,32.0,2.0,1.0,27494219809.0,61418711.0,19706700000.0,123.74877777777778,3136.0,10.0,41472.0,1.6886595406194463e+18
128000.0,64000.0,3136.0,64.0,3.0,34.0,36.0,4.0,2.0,4.0,3.0,6.0,5.0,3.0,4.0,6.0,2.0,4.0,2.0,6.0,3.0,6.0,6.0,3.0,3.0,5.0,3.0,2.0,2.0,1.0,3.0,1.0,2048.0,512.0,1.0,256.0,1.0,1.0,1.0,1.0,1.0,4.0,128.0,1.0,1.0,2.0,2.0,6.0,6.0,2.0,4.0,6.0,1.0,1.0,6.0,4.0,5.0,2.0,5.0,2.0,3.0,4.0,32.0,64.0,1.0,768.0,768.0,1.0,1.0,1.0,1.0,40.0,64.0,1.0,5303715231.0,33945598.2,19706900000.0,127.40433333333333,3136.0,10.0,1638400.0,1.800377861987462e+17
256.0,64000.0,3136.0,64.0,3.0,18.0,12.0,16.0,4.0,3.0,6.0,3.0,1.0,4.0,6.0,2.0,4.0,3.0,3.0,5.0,4.0,2.0,1.0,1.0,1.0,1.0,4.0,4.0,2.0,2.0,5.0,5.0,64.0,512.0,1.0,1024.0,16.0,1.0,1.0,1.0,1.0,4.0,16.0,1.0,6.0,2.0,5.0,4.0,1.0,3.0,3.0,4.0,5.0,4.0,4.0,6.0,4.0,4.0,2.0,4.0,2.0,4.0,512.0,1024.0,1.0,32.0,48.0,1.0,1.0,1.0,1.0,2.0,2.0,1.0,665701117.0,78327676.0,19706900000.0,125.56277777777778,3136.0,10.0,1097728.0,5.21428214052141e+16
64000.0,16000.0,3136.0,64.0,3.0,4.0,16.0,12.0,3.0,2.0,6.0,4.0,1.0,4.0,5.0,1.0,2.0,2.0,1.0,4.0,4.0,5.0,5.0,2.0,1.0,1.0,2.0,6.0,4.0,2.0,2.0,4.0,512.0,4096.0,1.0,4.0,128.0,1.0,1.0,1.0,1.0,128.0,16.0,1.0,2.0,3.0,1.0,5.0,6.0,5.0,5.0,5.0,2.0,2.0,1.0,5.0,4.0,2.0,2.0,1.0,5.0,1.0,512.0,4096.0,1.0,12.0,1.0,1.0,1.0,1.0,1.0,5.0,32.0,1.0,9353656670.0,35081111.8,19707000000.0,127.641,3136.0,10.0,2129920.0,3.281366753790857e+17
2048.0,128000.0,3136.0,64.0,3.0,40.0,36.0,40.0,5.0,6.0,6.0,6.0,4.0,1.0,5.0,4.0,3.0,5.0,2.0,5.0,6.0,4.0,3.0,3.0,1.0,6.0,4.0,3.0,2.0,2.0,5.0,2.0,256.0,2.0,1.0,64.0,512.0,1.0,1.0,1.0,1.0,8.0,8.0,1.0,2.0,2.0,1.0,4.0,5.0,6.0,1.0,1.0,1.0,5.0,1.0,1.0,5.0,3.0,6.0,6.0,2.0,3.0,512.0,2048.0,1.0,16.0,768.0,1.0,1.0,1.0,1.0,16.0,80.0,1.0,239628574.0,35100532.0,19707100000.0,130.99666666666667,3136.0,10.0,3596288.0,8411090429801368.0
2048000.0,1024000.0,3136.0,64.0,3.0,2.0,46.0,38.0,2.0,1.0,1.0,1.0,2.0,3.0,6.0,6.0,6.0,1.0,2.0,6.0,6.0,4.0,1.0,5.0,5.0,4.0,6.0,6.0,2.0,6.0,3.0,1.0,8.0,256.0,1.0,128.0,512.0,1.0,1.0,1.0,1.0,16.0,32.0,1.0,6.0,1.0,5.0,6.0,5.0,4.0,2.0,5.0,4.0,6.0,2.0,6.0,3.0,3.0,4.0,4.0,3.0,4.0,2.0,32.0,1.0,64.0,1536.0,1.0,1.0,1.0,1.0,5.0,10.0,1.0,45543684.0,39729331.9,19706800000.0,124.40922222222221,3136.0,10.0,311296.0,1809420137584719.5
128.0,512000.0,3136.0,64.0,3.0,2.0,20.0,40.0,6.0,3.0,4.0,3.0,6.0,4.0,6.0,5.0,4.0,5.0,3.0,6.0,5.0,3.0,4.0,2.0,5.0,2.0,1.0,3.0,4.0,1.0,6.0,6.0,128.0,1024.0,1.0,2048.0,512.0,1.0,1.0,1.0,1.0,64.0,2.0,1.0,2.0,1.0,6.0,2.0,5.0,1.0,6.0,3.0,5.0,1.0,6.0,5.0,5.0,5.0,5.0,3.0,2.0,5.0,4096.0,4.0,1.0,512.0,12.0,1.0,1.0,1.0,1.0,4.0,8.0,1.0,22385849244.0,41881163.8,19708100000.0,152.16222222222223,3136.0,10.0,13238272.0,9.375454189900701e+17
128.0,256000.0,3136.0,64.0,3.0,6.0,8.0,16.0,2.0,1.0,2.0,5.0,4.0,5.0,4.0,5.0,4.0,6.0,1.0,3.0,5.0,4.0,6.0,4.0,5.0,1.0,1.0,1.0,3.0,3.0,5.0,5.0,512.0,4.0,1.0,2.0,256.0,1.0,1.0,1.0,1.0,16.0,1.0,1.0,1.0,5.0,1.0,3.0,2.0,2.0,2.0,1.0,1.0,6.0,1.0,5.0,2.0,5.0,4.0,3.0,5.0,1.0,64.0,2.0,1.0,1.0,256.0,1.0,1.0,1.0,1.0,64.0,8.0,1.0,4848619832.0,34235061.4,19706800000.0,124.84211111111111,3136.0,10.0,458752.0,1.6599279765377766e+17
8192.0,32000.0,3136.0,64.0,3.0,44.0,40.0,4.0,2.0,4.0,6.0,4.0,1.0,6.0,2.0,5.0,4.0,6.0,2.0,6.0,4.0,6.0,2.0,6.0,4.0,2.0,3.0,4.0,2.0,5.0,4.0,2.0,4.0,1.0,1.0,4.0,1.0,1.0,1.0,1.0,1.0,64.0,128.0,1.0,5.0,5.0,4.0,5.0,6.0,2.0,1.0,4.0,6.0,2.0,1.0,4.0,3.0,1.0,2.0,1.0,3.0,4.0,2048.0,2048.0,1.0,3.0,48.0,1.0,1.0,1.0,1.0,1.0,5.0,1.0,12419367091.0,43966490.0,19706800000.0,124.10333333333332,3136.0,10.0,217568.0,5.460359790127806e+17
1024.0,256000.0,3136.0,64.0,3.0,40.0,48.0,46.0,6.0,1.0,5.0,5.0,2.0,3.0,2.0,3.0,5.0,3.0,2.0,3.0,6.0,4.0,5.0,1.0,5.0,4.0,4.0,3.0,1.0,3.0,5.0,5.0,4096.0,2.0,1.0,32.0,16.0,1.0,1.0,1.0,1.0,32.0,128.0,1.0,6.0,1.0,3.0,4.0,3.0,2.0,6.0,1.0,1.0,4.0,6.0,2.0,3.0,4.0,5.0,3.0,5.0,1.0,32.0,16.0,1.0,3.0,512.0,1.0,1.0,1.0,1.0,80.0,64.0,1.0,24442343527.0,35886331.8,19706900000.0,125.93522222222222,3136.0,10.0,1318912.0,8.771460497795041e+17
128.0,64000.0,3136.0,64.0,3.0,26.0,10.0,30.0,3.0,2.0,6.0,1.0,3.0,4.0,6.0,3.0,1.0,1.0,6.0,5.0,3.0,2.0,4.0,6.0,5.0,2.0,6.0,6.0,5.0,2.0,4.0,2.0,2.0,2.0,1.0,2048.0,16.0,1.0,1.0,1.0,1.0,32.0,2.0,1.0,1.0,6.0,4.0,6.0,5.0,2.0,5.0,2.0,5.0,4.0,4.0,4.0,4.0,5.0,3.0,5.0,5.0,5.0,128.0,64.0,1.0,128.0,768.0,1.0,1.0,1.0,1.0,320.0,10.0,1.0,1122257001.0,42419610.0,19706800000.0,125.3728888888889,3136.0,10.0,770048.0,4.760570430218961e+16
1024000.0,16000000.0,3136.0,64.0,3.0,6.0,14.0,46.0,4.0,2.0,4.0,3.0,1.0,3.0,6.0,2.0,1.0,6.0,2.0,2.0,5.0,2.0,5.0,4.0,3.0,4.0,4.0,3.0,4.0,1.0,1.0,5.0,1024.0,256.0,1.0,4.0,512.0,1.0,1.0,1.0,1.0,32.0,1.0,1.0,6.0,3.0,4.0,4.0,3.0,3.0,6.0,4.0,6.0,6.0,4.0,4.0,6.0,4.0,1.0,1.0,6.0,4.0,16.0,4.0,1.0,24.0,16.0,1.0,1.0,1.0,1.0,160.0,320.0,1.0,6108130180.0,34170350.0,19707200000.0,130.68044444444445,3136.0,10.0,4489216.0,2.08716946096163e+17
4096.0,32000.0,3136.0,64.0,3.0,36.0,20.0,30.0,4.0,6.0,3.0,2.0,1.0,4.0,1.0,4.0,5.0,1.0,1.0,2.0,3.0,4.0,3.0,5.0,3.0,3.0,4.0,1.0,2.0,4.0,2.0,6.0,64.0,32.0,1.0,256.0,2.0,1.0,1.0,1.0,1.0,16.0,8.0,1.0,1.0,4.0,1.0,4.0,2.0,5.0,5.0,5.0,6.0,4.0,3.0,6.0,5.0,4.0,5.0,3.0,6.0,6.0,2048.0,1.0,1.0,2.0,48.0,1.0,1.0,1.0,1.0,20.0,4.0,1.0,991530797.0,33346312.0,19706800000.0,125.03422222222221,3136.0,10.0,558976.0,3.3063895314370664e+16
256000.0,1024000.0,3136.0,64.0,3.0,26.0,36.0,30.0,6.0,6.0,2.0,5.0,6.0,5.0,5.0,3.0,4.0,4.0,2.0,4.0,2.0,4.0,2.0,6.0,5.0,4.0,2.0,4.0,5.0,5.0,4.0,6.0,2048.0,64.0,1.0,32.0,128.0,1.0,1.0,1.0,1.0,4.0,1.0,1.0,2.0,3.0,4.0,4.0,3.0,6.0,2.0,4.0,2.0,3.0,3.0,1.0,5.0,6.0,6.0,6.0,3.0,4.0,4.0,16.0,1.0,512.0,8.0,1.0,1.0,1.0,1.0,40.0,80.0,1.0,552998615.0,40729640.0,19706900000.0,125.57255555555557,3136.0,10.0,1082368.0,2.25234345094486e+16
4096.0,32000.0,3136.0,64.0,3.0,22.0,38.0,42.0,3.0,1.0,1.0,2.0,6.0,3.0,6.0,6.0,6.0,1.0,1.0,2.0,3.0,4.0,1.0,6.0,3.0,1.0,3.0,3.0,2.0,4.0,6.0,6.0,32.0,8.0,1.0,32.0,4.0,1.0,1.0,1.0,1.0,128.0,4.0,1.0,5.0,4.0,2.0,5.0,4.0,3.0,3.0,5.0,3.0,6.0,1.0,6.0,1.0,1.0,6.0,5.0,1.0,3.0,512.0,16.0,1.0,256.0,2.0,1.0,1.0,1.0,1.0,32.0,20.0,1.0,625183736.0,35591973.0,19706800000.0,124.3081111111111,3136.0,10.0,311296.0,2.225152265175113e+16
128000.0,1024000.0,3136.0,64.0,3.0,42.0,24.0,48.0,5.0,2.0,3.0,1.0,5.0,4.0,4.0,5.0,1.0,5.0,1.0,2.0,4.0,6.0,2.0,4.0,4.0,4.0,1.0,4.0,2.0,2.0,1.0,5.0,128.0,32.0,1.0,128.0,64.0,1.0,1.0,1.0,1.0,16.0,1.0,1.0,1.0,6.0,2.0,1.0,6.0,5.0,1.0,4.0,4.0,3.0,3.0,2.0,1.0,2.0,6.0,3.0,2.0,4.0,1.0,1024.0,1.0,8.0,768.0,1.0,1.0,1.0,1.0,4.0,320.0,1.0,12528922171.0,33799323.0,19707300000.0,133.28644444444444,3136.0,10.0,4947968.0,4.2346908729949024e+17
16000.0,32000000.0,3136.0,64.0,3.0,46.0,26.0,2.0,5.0,6.0,4.0,1.0,2.0,6.0,3.0,2.0,3.0,6.0,4.0,5.0,4.0,5.0,3.0,1.0,1.0,1.0,5.0,5.0,4.0,1.0,2.0,5.0,1.0,4.0,1.0,2.0,2.0,1.0,1.0,1.0,1.0,8.0,2.0,1.0,1.0,1.0,2.0,1.0,4.0,6.0,6.0,1.0,3.0,1.0,5.0,6.0,1.0,5.0,5.0,6.0,3.0,1.0,1.0,256.0,1.0,12.0,3.0,1.0,1.0,1.0,1.0,2.0,320.0,1.0,11307864208.0,39748460.0,19706800000.0,124.024,3136.0,10.0,177664.0,4.494701881571197e+17
256000.0,128000.0,3136.0,64.0,3.0,34.0,30.0,12.0,2.0,3.0,3.0,2.0,1.0,5.0,4.0,3.0,1.0,2.0,6.0,4.0,6.0,6.0,2.0,5.0,1.0,6.0,4.0,4.0,1.0,6.0,5.0,2.0,1024.0,1.0,1.0,128.0,8.0,1.0,1.0,1.0,1.0,128.0,2.0,1.0,5.0,5.0,2.0,6.0,1.0,1.0,2.0,4.0,3.0,3.0,2.0,2.0,5.0,2.0,1.0,5.0,5.0,4.0,512.0,512.0,1.0,768.0,768.0,1.0,1.0,1.0,1.0,2.0,5.0,1.0,24445725899.0,50275578.0,19706800000.0,126.06944444444444,3136.0,10.0,799232.0,1.2290229992017946e+18
1024000.0,32000000.0,3136.0,64.0,3.0,46.0,38.0,30.0,3.0,1.0,2.0,5.0,3.0,5.0,3.0,2.0,4.0,4.0,6.0,3.0,3.0,6.0,6.0,2.0,1.0,1.0,2.0,6.0,1.0,5.0,1.0,5.0,128.0,1.0,1.0,128.0,1024.0,1.0,1.0,1.0,1.0,4.0,1.0,1.0,1.0,3.0,5.0,1.0,5.0,1.0,4.0,3.0,4.0,2.0,5.0,3.0,3.0,1.0,5.0,3.0,2.0,5.0,1024.0,2.0,1.0,3072.0,1.0,1.0,1.0,1.0,1.0,64.0,16.0,1.0,14612964689.0,35006966.0,19707500000.0,138.18155555555558,3136.0,10.0,7340032.0,5.1155555802702355e+17
512000.0,256000.0,3136.0,64.0,3.0,44.0,2.0,48.0,6.0,1.0,4.0,4.0,2.0,1.0,1.0,3.0,6.0,3.0,3.0,6.0,1.0,6.0,6.0,2.0,6.0,1.0,4.0,6.0,2.0,4.0,4.0,3.0,4096.0,1.0,1.0,2048.0,1024.0,1.0,1.0,1.0,1.0,8.0,32.0,1.0,5.0,2.0,5.0,1.0,2.0,3.0,4.0,5.0,4.0,6.0,1.0,1.0,4.0,5.0,3.0,5.0,2.0,5.0,8.0,256.0,1.0,16.0,96.0,1.0,1.0,1.0,1.0,80.0,40.0,1.0,5554041218.0,33191891.8,19708500000.0,152.80377777777778,3136.0,10.0,17170432.0,1.8434913516059622e+17
2048000.0,4096000.0,3136.0,64.0,3.0,8.0,48.0,18.0,3.0,6.0,3.0,4.0,6.0,4.0,5.0,2.0,3.0,5.0,6.0,4.0,1.0,6.0,2.0,3.0,4.0,4.0,4.0,4.0,3.0,2.0,5.0,5.0,2.0,4096.0,1.0,2.0,128.0,1.0,1.0,1.0,1.0,16.0,16.0,1.0,1.0,5.0,1.0,5.0,2.0,4.0,4.0,4.0,1.0,3.0,6.0,4.0,1.0,3.0,4.0,3.0,2.0,6.0,512.0,16.0,1.0,512.0,4.0,1.0,1.0,1.0,1.0,2.0,4.0,1.0,494440861.0,53776943.0,19706900000.0,126.51866666666668,3136.0,10.0,1183744.0,2.6589517998867924e+16
256000.0,256000.0,3136.0,64.0,3.0,20.0,22.0,26.0,1.0,5.0,5.0,5.0,6.0,4.0,3.0,6.0,2.0,5.0,3.0,6.0,1.0,4.0,2.0,5.0,6.0,5.0,1.0,4.0,1.0,3.0,6.0,4.0,1024.0,4.0,1.0,32.0,2048.0,1.0,1.0,1.0,1.0,16.0,32.0,1.0,5.0,3.0,5.0,6.0,5.0,6.0,6.0,3.0,4.0,5.0,3.0,2.0,4.0,2.0,5.0,6.0,4.0,5.0,4096.0,64.0,1.0,32.0,1024.0,1.0,1.0,1.0,1.0,1.0,5.0,1.0,1711766880.0,44985526.0,19707600000.0,146.59255555555555,3136.0,10.0,8439808.0,7.700473348617888e+16
4096.0,512000.0,3136.0,64.0,3.0,42.0,2.0,2.0,6.0,2.0,5.0,6.0,3.0,6.0,4.0,1.0,2.0,5.0,6.0,4.0,6.0,4.0,5.0,3.0,4.0,2.0,1.0,5.0,3.0,3.0,5.0,5.0,64.0,64.0,1.0,2.0,4.0,1.0,1.0,1.0,1.0,1.0,1.0,1.0,2.0,6.0,4.0,2.0,1.0,3.0,1.0,4.0,4.0,1.0,3.0,3.0,2.0,3.0,4.0,2.0,3.0,1.0,256.0,2.0,1.0,1536.0,6.0,1.0,1.0,1.0,1.0,40.0,1.0,1.0,1378232487.0,42355530.0,19708100000.0,148.73966666666666,3136.0,10.0,13033472.0,5.837576745010311e+16
32000.0,8192000.0,3136.0,64.0,3.0,14.0,8.0,26.0,1.0,2.0,1.0,1.0,2.0,1.0,5.0,5.0,6.0,3.0,4.0,6.0,4.0,3.0,6.0,6.0,4.0,1.0,2.0,2.0,2.0,3.0,4.0,2.0,4.0,512.0,1.0,2.0,2048.0,1.0,1.0,1.0,1.0,128.0,2.0,1.0,6.0,2.0,5.0,3.0,3.0,3.0,4.0,3.0,6.0,4.0,6.0,3.0,6.0,5.0,2.0,6.0,1.0,5.0,16.0,512.0,1.0,12.0,64.0,1.0,1.0,1.0,1.0,20.0,64.0,1.0,4346538905.0,33802196.2,19707000000.0,128.17066666666668,3136.0,10.0,2752512.0,1.4692256085774317e+17
16000.0,512000.0,3136.0,64.0,3.0,32.0,40.0,26.0,3.0,6.0,3.0,4.0,3.0,6.0,3.0,1.0,3.0,6.0,1.0,5.0,2.0,1.0,6.0,4.0,1.0,2.0,2.0,1.0,6.0,5.0,1.0,1.0,32.0,256.0,1.0,16.0,1024.0,1.0,1.0,1.0,1.0,16.0,4.0,1.0,4.0,3.0,2.0,2.0,3.0,1.0,2.0,6.0,5.0,2.0,4.0,4.0,3.0,3.0,1.0,6.0,4.0,3.0,16.0,64.0,1.0,12.0,16.0,1.0,1.0,1.0,1.0,2.0,16.0,1.0,15207226713.0,40404739.0,19706800000.0,124.55855555555556,3136.0,10.0,565248.0,6.144440262525929e+17
4096.0,512000.0,3136.0,64.0,3.0,44.0,8.0,26.0,2.0,5.0,2.0,6.0,6.0,5.0,2.0,6.0,3.0,4.0,5.0,1.0,6.0,1.0,1.0,4.0,3.0,1.0,4.0,5.0,6.0,5.0,3.0,2.0,32.0,32.0,1.0,32.0,1.0,1.0,1.0,1.0,1.0,128.0,128.0,1.0,1.0,1.0,2.0,3.0,1.0,1.0,3.0,6.0,2.0,1.0,6.0,1.0,3.0,5.0,1.0,5.0,1.0,3.0,2.0,2.0,1.0,128.0,16.0,1.0,1.0,1.0,1.0,4.0,64.0,1.0,4579442701.0,76740227.0,19706800000.0,123.872,3136.0,10.0,83712.0,3.5142747240823315e+17
4096.0,64000.0,3136.0,64.0,3.0,6.0,26.0,40.0,1.0,3.0,6.0,2.0,5.0,5.0,6.0,5.0,4.0,6.0,3.0,5.0,2.0,2.0,6.0,2.0,2.0,5.0,3.0,5.0,4.0,3.0,6.0,3.0,128.0,16.0,1.0,1024.0,8.0,1.0,1.0,1.0,1.0,1.0,128.0,1.0,6.0,5.0,1.0,3.0,1.0,5.0,2.0,2.0,3.0,4.0,2.0,6.0,3.0,3.0,1.0,5.0,4.0,2.0,128.0,64.0,1.0,256.0,6.0,1.0,1.0,1.0,1.0,16.0,8.0,1.0,3941949436.0,33598215.0,19706800000.0,124.68666666666667,3136.0,10.0,557056.0,1.3244246466985674e+17
16000.0,4096000.0,3136.0,64.0,3.0,16.0,44.0,40.0,5.0,4.0,4.0,1.0,1.0,6.0,4.0,5.0,4.0,4.0,3.0,6.0,4.0,6.0,2.0,6.0,2.0,4.0,1.0,5.0,1.0,1.0,5.0,5.0,4096.0,32.0,1.0,64.0,2.0,1.0,1.0,1.0,1.0,2.0,4.0,1.0,4.0,2.0,5.0,2.0,5.0,5.0,3.0,1.0,2.0,4.0,2.0,5.0,2.0,4.0,1.0,2.0,6.0,1.0,4.0,32.0,1.0,8.0,384.0,1.0,1.0,1.0,1.0,4.0,80.0,1.0,385380733.0,35616295.0,19706800000.0,124.7131111111111,3136.0,10.0,557568.0,1.3725833873844236e+16
8192.0,1024000.0,3136.0,64.0,3.0,4.0,42.0,34.0,3.0,5.0,6.0,4.0,6.0,1.0,4.0,6.0,6.0,5.0,3.0,1.0,5.0,1.0,6.0,1.0,6.0,6.0,6.0,5.0,2.0,6.0,6.0,3.0,32.0,2.0,1.0,8.0,2048.0,1.0,1.0,1.0,1.0,128.0,16.0,1.0,1.0,2.0,1.0,4.0,6.0,5.0,6.0,5.0,3.0,5.0,5.0,6.0,6.0,3.0,5.0,4.0,4.0,3.0,32.0,2048.0,1.0,192.0,4.0,1.0,1.0,1.0,1.0,16.0,16.0,1.0,5596647812.0,38623863.0,19706800000.0,126.34533333333333,3136.0,10.0,858112.0,2.1616415834993776e+17
16000.0,512000.0,3136.0,64.0,3.0,8.0,22.0,6.0,5.0,6.0,3.0,5.0,5.0,2.0,4.0,4.0,4.0,4.0,4.0,6.0,5.0,3.0,1.0,1.0,3.0,3.0,4.0,6.0,2.0,4.0,4.0,6.0,2.0,4.0,1.0,1.0,1.0,1.0,1.0,1.0,1.0,1.0,1.0,1.0,4.0,1.0,3.0,2.0,2.0,2.0,3.0,1.0,2.0,5.0,4.0,5.0,1.0,6.0,3.0,2.0,3.0,6.0,1024.0,4096.0,1.0,1536.0,768.0,1.0,1.0,1.0,1.0,4.0,10.0,1.0,6299495224.0,56886040.0,19708100000.0,148.01722222222222,3136.0,10.0,12695552.0,3.5835333729227296e+17
2048.0,1024000.0,3136.0,64.0,3.0,22.0,38.0,18.0,1.0,3.0,1.0,1.0,6.0,2.0,2.0,6.0,6.0,4.0,6.0,3.0,2.0,4.0,5.0,6.0,4.0,5.0,5.0,6.0,4.0,4.0,5.0,2.0,256.0,32.0,1.0,2048.0,2.0,1.0,1.0,1.0,1.0,32.0,32.0,1.0,2.0,3.0,4.0,6.0,1.0,4.0,1.0,5.0,1.0,2.0,3.0,5.0,6.0,2.0,5.0,5.0,5.0,1.0,4096.0,2048.0,1.0,384.0,6.0,1.0,1.0,1.0,1.0,80.0,2.0,1.0,742501091.0,33758258.0,19707100000.0,132.92055555555555,3136.0,10.0,3862528.0,2.506554339525948e+16
8192.0,16000000.0,3136.0,64.0,3.0,36.0,40.0,26.0,1.0,4.0,5.0,4.0,4.0,3.0,2.0,4.0,2.0,6.0,6.0,1.0,6.0,2.0,2.0,6.0,6.0,2.0,3.0,3.0,6.0,4.0,1.0,6.0,1024.0,512.0,1.0,16.0,128.0,1.0,1.0,1.0,1.0,8.0,32.0,1.0,6.0,1.0,3.0,6.0,5.0,1.0,5.0,6.0,6.0,1.0,6.0,2.0,4.0,1.0,6.0,1.0,2.0,4.0,2.0,2048.0,1.0,3072.0,1.0,1.0,1.0,1.0,1.0,20.0,160.0,1.0,197338659.0,33099618.0,19708200000.0,151.45588888888886,3136.0,10.0,14221312.0,6531834229532262.0
512.0,2048000.0,3136.0,64.0,3.0,42.0,34.0,40.0,6.0,4.0,3.0,5.0,3.0,4.0,4.0,6.0,6.0,2.0,1.0,1.0,3.0,2.0,2.0,5.0,5.0,2.0,3.0,2.0,6.0,6.0,6.0,5.0,8.0,256.0,1.0,64.0,2.0,1.0,1.0,1.0,1.0,64.0,16.0,1.0,1.0,2.0,4.0,1.0,5.0,6.0,2.0,4.0,3.0,1.0,6.0,3.0,1.0,6.0,6.0,4.0,6.0,3.0,8.0,512.0,1.0,16.0,128.0,1.0,1.0,1.0,1.0,20.0,2.0,1.0,1271867209.0,33552526.0,19706800000.0,124.48788888888889,3136.0,10.0,308224.0,4.267435759851994e+16
32000.0,16000.0,3136.0,64.0,3.0,46.0,4.0,40.0,2.0,3.0,3.0,1.0,2.0,2.0,4.0,3.0,1.0,4.0,3.0,5.0,4.0,4.0,4.0,6.0,6.0,4.0,6.0,6.0,6.0,1.0,2.0,2.0,1024.0,2048.0,1.0,512.0,512.0,1.0,1.0,1.0,1.0,1.0,128.0,1.0,1.0,1.0,3.0,3.0,5.0,2.0,5.0,5.0,4.0,6.0,2.0,3.0,4.0,3.0,1.0,6.0,4.0,1.0,256.0,256.0,1.0,48.0,32.0,1.0,1.0,1.0,1.0,10.0,80.0,1.0,6979599295.0,33678043.8,19707000000.0,128.044,3136.0,10.0,2752512.0,2.350592507634591e+17
256.0,4096000.0,3136.0,64.0,3.0,22.0,40.0,36.0,1.0,6.0,3.0,5.0,5.0,4.0,3.0,5.0,2.0,5.0,6.0,5.0,4.0,3.0,1.0,3.0,2.0,3.0,3.0,4.0,2.0,6.0,3.0,3.0,32.0,1.0,1.0,2.0,8.0,1.0,1.0,1.0,1.0,32.0,4.0,1.0,2.0,1.0,5.0,1.0,3.0,5.0,2.0,6.0,2.0,2.0,2.0,1.0,6.0,1.0,2.0,5.0,6.0,2.0,128.0,64.0,1.0,256.0,64.0,1.0,1.0,1.0,1.0,20.0,10.0,1.0,3120977989.0,36645521.0,19706800000.0,123.87633333333333,3136.0,10.0,96256.0,1.1436986443643726e+17
512000.0,32000000.0,3136.0,64.0,3.0,20.0,32.0,22.0,3.0,5.0,6.0,3.0,6.0,2.0,3.0,6.0,1.0,5.0,1.0,3.0,4.0,4.0,2.0,4.0,4.0,5.0,3.0,4.0,2.0,1.0,1.0,3.0,1024.0,256.0,1.0,8.0,64.0,1.0,1.0,1.0,1.0,64.0,1.0,1.0,1.0,6.0,5.0,6.0,5.0,3.0,1.0,5.0,6.0,4.0,6.0,4.0,5.0,4.0,5.0,2.0,3.0,3.0,64.0,4.0,1.0,768.0,384.0,1.0,1.0,1.0,1.0,2.0,320.0,1.0,1488194075.0,34303199.0,19706800000.0,125.30655555555556,3136.0,10.0,630784.0,5.104981750534593e+16
256.0,64000.0,3136.0,64.0,3.0,30.0,14.0,46.0,4.0,5.0,3.0,6.0,5.0,2.0,3.0,5.0,4.0,5.0,2.0,4.0,1.0,4.0,2.0,2.0,5.0,2.0,1.0,2.0,4.0,3.0,5.0,4.0,32.0,16.0,1.0,2.0,32.0,1.0,1.0,1.0,1.0,64.0,4.0,1.0,5.0,1.0,6.0,6.0,3.0,1.0,3.0,3.0,6.0,6.0,6.0,1.0,3.0,1.0,2.0,6.0,6.0,2.0,8.0,256.0,1.0,96.0,8.0,1.0,1.0,1.0,1.0,64.0,8.0,1.0,942970009.0,34278107.0,19706800000.0,124.15144444444444,3136.0,10.0,229376.0,3.2323226866292964e+16
512.0,256000.0,3136.0,64.0,3.0,36.0,20.0,18.0,5.0,5.0,3.0,6.0,5.0,5.0,1.0,1.0,6.0,1.0,4.0,6.0,3.0,4.0,6.0,4.0,3.0,2.0,3.0,4.0,1.0,3.0,6.0,1.0,16.0,2.0,1.0,8.0,64.0,1.0,1.0,1.0,1.0,4.0,4.0,1.0,2.0,4.0,1.0,3.0,2.0,2.0,1.0,4.0,2.0,6.0,1.0,3.0,4.0,2.0,5.0,4.0,2.0,3.0,4.0,128.0,1.0,384.0,32.0,1.0,1.0,1.0,1.0,32.0,8.0,1.0,25547915.0,35001811.0,19706800000.0,124.38522222222223,3136.0,10.0,360448.0,894223292274065.0
128000.0,8192000.0,3136.0,64.0,3.0,16.0,44.0,32.0,3.0,5.0,1.0,4.0,1.0,2.0,3.0,3.0,3.0,5.0,4.0,1.0,3.0,1.0,5.0,6.0,6.0,3.0,3.0,3.0,6.0,2.0,1.0,5.0,128.0,32.0,1.0,2048.0,4.0,1.0,1.0,1.0,1.0,1.0,64.0,1.0,3.0,5.0,4.0,1.0,5.0,4.0,6.0,4.0,5.0,4.0,5.0,5.0,5.0,4.0,5.0,5.0,5.0,4.0,2.0,128.0,1.0,256.0,256.0,1.0,1.0,1.0,1.0,64.0,64.0,1.0,12130498868.0,33610625.0,19706900000.0,125.65511111111111,3136.0,10.0,1081344.0,4.077136485152725e+17
512000.0,32000.0,3136.0,64.0,3.0,30.0,44.0,2.0,1.0,1.0,3.0,3.0,2.0,4.0,3.0,3.0,2.0,6.0,5.0,4.0,2.0,6.0,4.0,3.0,6.0,2.0,3.0,2.0,2.0,5.0,2.0,2.0,1024.0,1.0,1.0,2048.0,1024.0,1.0,1.0,1.0,1.0,128.0,16.0,1.0,2.0,4.0,6.0,4.0,1.0,6.0,4.0,3.0,1.0,1.0,4.0,5.0,2.0,5.0,5.0,6.0,2.0,6.0,128.0,2.0,1.0,4.0,24.0,1.0,1.0,1.0,1.0,4.0,5.0,1.0,29462367030.0,54598438.0,19707300000.0,131.33533333333335,3136.0,10.0,4980736.0,1.6085992196206991e+18
256.0,512000.0,3136.0,64.0,3.0,32.0,8.0,46.0,1.0,6.0,6.0,2.0,4.0,4.0,5.0,3.0,5.0,5.0,1.0,5.0,5.0,6.0,2.0,3.0,4.0,2.0,1.0,2.0,4.0,2.0,4.0,6.0,512.0,8.0,1.0,128.0,2048.0,1.0,1.0,1.0,1.0,4.0,8.0,1.0,1.0,6.0,1.0,5.0,4.0,3.0,1.0,4.0,1.0,6.0,1.0,3.0,6.0,1.0,5.0,2.0,3.0,4.0,256.0,256.0,1.0,8.0,24.0,1.0,1.0,1.0,1.0,10.0,16.0,1.0,1947315028.0,41790696.2,19707000000.0,127.00222222222222,3136.0,10.0,2138112.0,8.13796507408425e+16
128000.0,8192000.0,3136.0,64.0,3.0,30.0,28.0,40.0,3.0,2.0,2.0,5.0,6.0,2.0,5.0,2.0,2.0,2.0,3.0,1.0,6.0,6.0,4.0,4.0,2.0,3.0,1.0,5.0,5.0,6.0,5.0,5.0,16.0,1.0,1.0,128.0,256.0,1.0,1.0,1.0,1.0,16.0,4.0,1.0,5.0,5.0,2.0,5.0,5.0,4.0,3.0,3.0,4.0,6.0,2.0,4.0,3.0,1.0,2.0,2.0,6.0,1.0,256.0,4.0,1.0,384.0,4.0,1.0,1.0,1.0,1.0,16.0,8.0,1.0,378122925.0,34212621.0,19706800000.0,124.12488888888889,3136.0,10.0,217088.0,1.2936576324436424e+16
128.0,256000.0,3136.0,64.0,3.0,38.0,38.0,22.0,1.0,3.0,6.0,2.0,1.0,3.0,4.0,5.0,2.0,6.0,6.0,5.0,5.0,2.0,5.0,2.0,6.0,5.0,6.0,2.0,6.0,5.0,6.0,6.0,256.0,256.0,1.0,4.0,32.0,1.0,1.0,1.0,1.0,2.0,1.0,1.0,2.0,5.0,1.0,2.0,4.0,1.0,2.0,2.0,1.0,6.0,4.0,3.0,1.0,6.0,2.0,4.0,5.0,5.0,2.0,1.0,1.0,512.0,768.0,1.0,1.0,1.0,1.0,5.0,2.0,1.0,16662396945.0,86149270.0,19706700000.0,123.73066666666668,3136.0,10.0,17536.0,1.4354533332619802e+18
128.0,4096000.0,3136.0,64.0,3.0,18.0,18.0,44.0,6.0,6.0,6.0,4.0,4.0,6.0,1.0,1.0,5.0,4.0,1.0,4.0,6.0,3.0,3.0,1.0,2.0,3.0,3.0,4.0,4.0,5.0,1.0,3.0,64.0,8.0,1.0,1.0,8.0,1.0,1.0,1.0,1.0,32.0,4.0,1.0,2.0,6.0,5.0,4.0,2.0,2.0,1.0,4.0,4.0,3.0,5.0,5.0,3.0,5.0,5.0,3.0,3.0,4.0,256.0,2048.0,1.0,192.0,8.0,1.0,1.0,1.0,1.0,10.0,40.0,1.0,1029318268.0,33105382.0,19706900000.0,127.37966666666667,3136.0,10.0,1915904.0,3.4075974461718376e+16
1024000.0,64000.0,3136.0,64.0,3.0,16.0,30.0,28.0,5.0,3.0,5.0,5.0,2.0,4.0,1.0,1.0,4.0,2.0,6.0,1.0,1.0,6.0,1.0,5.0,5.0,1.0,6.0,3.0,2.0,2.0,1.0,4.0,16.0,512.0,1.0,8.0,8.0,1.0,1.0,1.0,1.0,64.0,32.0,1.0,3.0,4.0,1.0,6.0,4.0,4.0,4.0,6.0,5.0,2.0,5.0,2.0,6.0,4.0,4.0,6.0,5.0,2.0,64.0,16.0,1.0,2.0,8.0,1.0,1.0,1.0,1.0,5.0,320.0,1.0,8574909945.0,44079339.0,19706800000.0,124.275,3136.0,10.0,222208.0,3.7797636236012634e+17
64000.0,32000000.0,3136.0,64.0,3.0,40.0,38.0,4.0,1.0,4.0,6.0,1.0,4.0,2.0,2.0,3.0,2.0,2.0,1.0,5.0,2.0,1.0,3.0,1.0,6.0,3.0,2.0,3.0,5.0,6.0,3.0,2.0,256.0,128.0,1.0,64.0,512.0,1.0,1.0,1.0,1.0,1.0,2.0,1.0,1.0,2.0,3.0,2.0,3.0,5.0,5.0,3.0,1.0,4.0,4.0,2.0,1.0,4.0,4.0,5.0,1.0,6.0,64.0,256.0,1.0,2.0,48.0,1.0,1.0,1.0,1.0,8.0,4.0,1.0,958726337.0,45353818.0,19706800000.0,124.14633333333333,3136.0,10.0,265216.0,4.3481899800104664e+16
1024000.0,512000.0,3136.0,64.0,3.0,24.0,30.0,20.0,2.0,5.0,3.0,3.0,6.0,5.0,1.0,3.0,4.0,5.0,1.0,4.0,6.0,5.0,4.0,6.0,6.0,5.0,5.0,2.0,1.0,2.0,3.0,2.0,2.0,4096.0,1.0,1.0,4.0,1.0,1.0,1.0,1.0,16.0,64.0,1.0,3.0,1.0,3.0,3.0,1.0,6.0,6.0,1.0,1.0,5.0,5.0,3.0,5.0,1.0,3.0,6.0,4.0,5.0,128.0,256.0,1.0,128.0,384.0,1.0,1.0,1.0,1.0,32.0,4.0,1.0,7818392078.0,35238277.0,19706800000.0,124.99366666666667,3136.0,10.0,557568.0,2.755066657391696e+17
512000.0,32000.0,3136.0,64.0,3.0,14.0,6.0,30.0,5.0,1.0,6.0,6.0,3.0,2.0,5.0,1.0,6.0,2.0,2.0,1.0,3.0,2.0,6.0,2.0,6.0,4.0,4.0,3.0,5.0,4.0,5.0,3.0,512.0,32.0,1.0,2.0,256.0,1.0,1.0,1.0,1.0,8.0,16.0,1.0,4.0,6.0,5.0,6.0,6.0,2.0,1.0,4.0,6.0,2.0,5.0,6.0,3.0,6.0,4.0,3.0,5.0,2.0,4096.0,4096.0,1.0,12.0,512.0,1.0,1.0,1.0,1.0,32.0,32.0,1.0,1461226739.0,33618459.0,19707200000.0,132.727,3136.0,10.0,4489216.0,4.91241912147752e+16
256.0,32000.0,3136.0,64.0,3.0,38.0,14.0,44.0,3.0,4.0,1.0,1.0,2.0,1.0,6.0,6.0,2.0,3.0,3.0,4.0,3.0,4.0,3.0,4.0,5.0,4.0,2.0,2.0,3.0,6.0,3.0,6.0,128.0,16.0,1.0,4.0,2048.0,1.0,1.0,1.0,1.0,32.0,4.0,1.0,5.0,4.0,3.0,4.0,1.0,4.0,3.0,4.0,1.0,1.0,3.0,3.0,5.0,3.0,4.0,3.0,5.0,3.0,4.0,4096.0,1.0,1536.0,2.0,1.0,1.0,1.0,1.0,320.0,320.0,1.0,1510529659.0,32519504.1,19708400000.0,158.99266666666665,3136.0,10.0,16187392.0,4.9121675439022104e+16
8192.0,16000000.0,3136.0,64.0,3.0,22.0,46.0,34.0,2.0,5.0,2.0,6.0,3.0,4.0,1.0,5.0,1.0,4.0,3.0,6.0,5.0,2.0,1.0,5.0,1.0,1.0,4.0,2.0,6.0,4.0,2.0,2.0,4.0,4096.0,1.0,256.0,512.0,1.0,1.0,1.0,1.0,4.0,2.0,1.0,1.0,3.0,3.0,6.0,1.0,6.0,6.0,6.0,3.0,6.0,4.0,1.0,2.0,2.0,2.0,3.0,6.0,5.0,4.0,4.0,1.0,8.0,4.0,1.0,1.0,1.0,1.0,64.0,64.0,1.0,7125863333.0,66128433.4,19707200000.0,130.23355555555557,3136.0,10.0,4268032.0,4.712221788337925e+17
256000.0,1024000.0,3136.0,64.0,3.0,44.0,48.0,24.0,5.0,2.0,1.0,2.0,5.0,1.0,2.0,6.0,6.0,3.0,3.0,3.0,2.0,6.0,1.0,4.0,6.0,1.0,6.0,2.0,3.0,1.0,6.0,5.0,2.0,2048.0,1.0,32.0,32.0,1.0,1.0,1.0,1.0,64.0,2.0,1.0,1.0,2.0,5.0,2.0,6.0,3.0,5.0,6.0,1.0,2.0,2.0,3.0,3.0,5.0,3.0,3.0,5.0,2.0,16.0,2.0,1.0,512.0,128.0,1.0,1.0,1.0,1.0,80.0,5.0,1.0,630734875.0,36482331.0,19706800000.0,125.12544444444444,3136.0,10.0,790528.0,2.3010678482993624e+16
256.0,4096000.0,3136.0,64.0,3.0,20.0,26.0,8.0,5.0,1.0,4.0,5.0,4.0,2.0,4.0,2.0,2.0,4.0,2.0,3.0,2.0,4.0,1.0,3.0,5.0,4.0,1.0,5.0,2.0,4.0,2.0,3.0,2048.0,128.0,1.0,16.0,512.0,1.0,1.0,1.0,1.0,8.0,8.0,1.0,5.0,5.0,2.0,3.0,2.0,6.0,3.0,5.0,4.0,4.0,6.0,4.0,6.0,2.0,5.0,6.0,5.0,2.0,8.0,64.0,1.0,1.0,2.0,1.0,1.0,1.0,1.0,8.0,1.0,1.0,2209708980.0,79352582.0,19707200000.0,130.26466666666667,3136.0,10.0,4268032.0,1.7534611303158637e+17
32000.0,64000.0,3136.0,64.0,3.0,16.0,8.0,16.0,6.0,4.0,2.0,1.0,4.0,3.0,3.0,2.0,3.0,2.0,1.0,4.0,2.0,6.0,2.0,2.0,2.0,3.0,5.0,4.0,6.0,6.0,1.0,6.0,512.0,16.0,1.0,2048.0,32.0,1.0,1.0,1.0,1.0,16.0,4.0,1.0,4.0,5.0,2.0,4.0,2.0,1.0,3.0,4.0,1.0,1.0,5.0,3.0,4.0,2.0,2.0,1.0,2.0,6.0,4096.0,16.0,1.0,128.0,512.0,1.0,1.0,1.0,1.0,10.0,320.0,1.0,5100568565.0,32492581.8,19708500000.0,163.40133333333335,3136.0,10.0,16973824.0,1.6573064132477114e+17
256000.0,8192000.0,3136.0,64.0,3.0,36.0,10.0,40.0,1.0,3.0,5.0,2.0,1.0,3.0,6.0,6.0,4.0,6.0,2.0,3.0,2.0,2.0,5.0,1.0,2.0,2.0,2.0,2.0,3.0,5.0,3.0,4.0,8.0,4.0,1.0,2048.0,8.0,1.0,1.0,1.0,1.0,8.0,4.0,1.0,5.0,4.0,6.0,2.0,6.0,5.0,3.0,3.0,4.0,2.0,1.0,3.0,1.0,5.0,5.0,5.0,5.0,4.0,4.0,4.0,1.0,1536.0,1536.0,1.0,1.0,1.0,1.0,80.0,4.0,1.0,10288775207.0,56331082.0,19706800000.0,124.28,3136.0,10.0,258688.0,5.79577839865084e+17
512.0,8192000.0,3136.0,64.0,3.0,10.0,24.0,48.0,6.0,5.0,6.0,5.0,1.0,2.0,4.0,3.0,2.0,4.0,5.0,2.0,6.0,5.0,2.0,5.0,5.0,3.0,5.0,4.0,2.0,1.0,6.0,6.0,128.0,2.0,1.0,2048.0,16.0,1.0,1.0,1.0,1.0,1.0,32.0,1.0,5.0,4.0,4.0,6.0,4.0,6.0,1.0,1.0,1.0,6.0,6.0,3.0,5.0,5.0,1.0,1.0,5.0,1.0,2.0,32.0,1.0,128.0,384.0,1.0,1.0,1.0,1.0,40.0,5.0,1.0,3460322261.0,35902582.6,19706900000.0,125.68,3136.0,10.0,1196032.0,1.2423450579817126e+17
128000.0,8192000.0,3136.0,64.0,3.0,46.0,42.0,24.0,4.0,1.0,5.0,5.0,4.0,2.0,5.0,1.0,2.0,1.0,4.0,4.0,6.0,2.0,5.0,4.0,4.0,5.0,1.0,4.0,5.0,5.0,6.0,1.0,1.0,4096.0,1.0,32.0,2.0,1.0,1.0,1.0,1.0,128.0,32.0,1.0,2.0,4.0,6.0,4.0,6.0,1.0,2.0,5.0,3.0,4.0,2.0,4.0,2.0,5.0,5.0,6.0,5.0,4.0,16.0,8.0,1.0,768.0,128.0,1.0,1.0,1.0,1.0,4.0,160.0,1.0,5043661917.0,38235091.8,19706900000.0,126.23355555555557,3136.0,10.0,1318912.0,1.9284487640465898e+17
512000.0,256000.0,3136.0,64.0,3.0,46.0,34.0,46.0,4.0,3.0,6.0,1.0,2.0,2.0,4.0,4.0,6.0,5.0,1.0,5.0,1.0,3.0,4.0,1.0,4.0,1.0,3.0,6.0,6.0,4.0,1.0,2.0,128.0,16.0,1.0,2.0,1.0,1.0,1.0,1.0,1.0,128.0,1.0,1.0,5.0,6.0,6.0,3.0,5.0,5.0,3.0,3.0,2.0,5.0,3.0,4.0,4.0,1.0,1.0,3.0,6.0,4.0,8.0,64.0,1.0,3.0,1.0,1.0,1.0,1.0,1.0,32.0,64.0,1.0,3081830434.0,64630075.0,19706700000.0,123.75222222222222,3136.0,10.0,33792.0,1.9917893208670256e+17
128000.0,64000.0,3136.0,64.0,3.0,20.0,36.0,16.0,3.0,5.0,6.0,3.0,2.0,5.0,3.0,1.0,2.0,4.0,3.0,5.0,2.0,5.0,5.0,6.0,1.0,5.0,2.0,2.0,2.0,3.0,2.0,4.0,4096.0,4096.0,1.0,1024.0,2.0,1.0,1.0,1.0,1.0,16.0,2.0,1.0,3.0,4.0,4.0,3.0,1.0,6.0,1.0,5.0,4.0,1.0,6.0,3.0,1.0,3.0,6.0,5.0,2.0,6.0,128.0,1.0,1.0,24.0,16.0,1.0,1.0,1.0,1.0,8.0,160.0,1.0,3586190244.0,37452982.0,19707600000.0,136.9017777777778,3136.0,10.0,8552448.0,1.3431351865710762e+17
32000.0,8192000.0,3136.0,64.0,3.0,34.0,2.0,22.0,1.0,4.0,3.0,4.0,4.0,4.0,1.0,1.0,5.0,6.0,6.0,4.0,3.0,1.0,4.0,2.0,6.0,6.0,5.0,3.0,1.0,1.0,4.0,3.0,256.0,16.0,1.0,64.0,512.0,1.0,1.0,1.0,1.0,128.0,128.0,1.0,4.0,4.0,4.0,1.0,1.0,1.0,1.0,1.0,2.0,2.0,5.0,5.0,2.0,3.0,1.0,5.0,4.0,2.0,64.0,8.0,1.0,64.0,16.0,1.0,1.0,1.0,1.0,10.0,320.0,1.0,12221710076.0,33885352.6,19706800000.0,124.55933333333333,3136.0,10.0,458752.0,4.141369553002328e+17
64000.0,32000000.0,3136.0,64.0,3.0,22.0,6.0,40.0,4.0,1.0,1.0,4.0,4.0,6.0,2.0,5.0,3.0,4.0,6.0,3.0,6.0,2.0,2.0,2.0,2.0,2.0,6.0,1.0,5.0,2.0,1.0,5.0,32.0,256.0,1.0,2.0,2.0,1.0,1.0,1.0,1.0,4.0,1.0,1.0,2.0,3.0,1.0,5.0,4.0,2.0,5.0,4.0,6.0,3.0,1.0,1.0,3.0,4.0,5.0,6.0,1.0,6.0,256.0,512.0,1.0,256.0,64.0,1.0,1.0,1.0,1.0,2.0,5.0,1.0,13164529883.0,65541030.0,19706800000.0,124.20511111111111,3136.0,10.0,269824.0,8.628168479975995e+17
2048000.0,64000.0,3136.0,64.0,3.0,30.0,22.0,34.0,6.0,3.0,3.0,3.0,2.0,2.0,5.0,3.0,2.0,5.0,6.0,1.0,4.0,5.0,1.0,4.0,5.0,6.0,1.0,2.0,5.0,2.0,4.0,4.0,256.0,4096.0,1.0,16.0,2048.0,1.0,1.0,1.0,1.0,4.0,8.0,1.0,5.0,4.0,3.0,3.0,6.0,2.0,6.0,5.0,1.0,1.0,3.0,3.0,2.0,3.0,1.0,1.0,5.0,6.0,2.0,4.0,1.0,768.0,8.0,1.0,1.0,1.0,1.0,1.0,32.0,1.0,471738769.0,37938631.8,19708500000.0,149.70233333333334,3136.0,10.0,16875520.0,1.7897123462876252e+16
256000.0,16000.0,3136.0,64.0,3.0,38.0,30.0,16.0,3.0,2.0,5.0,1.0,4.0,5.0,4.0,3.0,4.0,3.0,6.0,5.0,6.0,4.0,3.0,3.0,2.0,1.0,3.0,5.0,2.0,1.0,4.0,3.0,2.0,4.0,1.0,2.0,64.0,1.0,1.0,1.0,1.0,1.0,2.0,1.0,4.0,1.0,2.0,3.0,3.0,4.0,3.0,5.0,6.0,5.0,5.0,2.0,3.0,4.0,4.0,1.0,6.0,5.0,256.0,32.0,1.0,512.0,12.0,1.0,1.0,1.0,1.0,4.0,160.0,1.0,4396782807.0,37938880.0,19706800000.0,124.65766666666667,3136.0,10.0,507904.0,1.6680901530083616e+17
32000.0,2048000.0,3136.0,64.0,3.0,38.0,40.0,44.0,1.0,1.0,4.0,2.0,5.0,2.0,6.0,2.0,6.0,5.0,2.0,1.0,4.0,2.0,1.0,4.0,1.0,2.0,1.0,3.0,5.0,2.0,6.0,6.0,1.0,32.0,1.0,2048.0,4.0,1.0,1.0,1.0,1.0,128.0,4.0,1.0,1.0,4.0,1.0,4.0,1.0,1.0,5.0,4.0,4.0,1.0,3.0,6.0,4.0,1.0,5.0,5.0,1.0,2.0,2.0,64.0,1.0,12.0,2.0,1.0,1.0,1.0,1.0,320.0,2.0,1.0,27212726911.0,41937873.0,19706800000.0,124.79644444444443,3136.0,10.0,663552.0,1.1412438851772003e+18
128.0,4096000.0,3136.0,64.0,3.0,2.0,18.0,10.0,4.0,1.0,3.0,2.0,6.0,5.0,6.0,2.0,1.0,6.0,6.0,1.0,2.0,6.0,5.0,3.0,5.0,4.0,3.0,6.0,2.0,3.0,6.0,4.0,2048.0,8.0,1.0,32.0,64.0,1.0,1.0,1.0,1.0,128.0,32.0,1.0,5.0,6.0,5.0,5.0,6.0,5.0,3.0,2.0,5.0,1.0,6.0,4.0,2.0,2.0,3.0,3.0,5.0,3.0,8.0,8.0,1.0,384.0,8.0,1.0,1.0,1.0,1.0,64.0,16.0,1.0,24447914754.0,43458223.8,19706800000.0,125.0218888888889,3136.0,10.0,802816.0,1.0624629508226538e+18
1024.0,64000.0,3136.0,64.0,3.0,38.0,24.0,28.0,3.0,1.0,3.0,6.0,3.0,2.0,5.0,1.0,5.0,3.0,5.0,1.0,2.0,1.0,1.0,4.0,3.0,1.0,3.0,5.0,3.0,5.0,6.0,2.0,4.0,128.0,1.0,64.0,32.0,1.0,1.0,1.0,1.0,128.0,32.0,1.0,5.0,6.0,4.0,2.0,4.0,5.0,2.0,6.0,3.0,4.0,3.0,2.0,6.0,1.0,5.0,1.0,5.0,4.0,128.0,2048.0,1.0,192.0,1536.0,1.0,1.0,1.0,1.0,2.0,32.0,1.0,646017311.0,32676815.0,19707500000.0,137.60066666666665,3136.0,10.0,7208960.0,2.1109788158344464e+16
128000.0,16000000.0,3136.0,64.0,3.0,48.0,28.0,46.0,5.0,6.0,1.0,6.0,2.0,1.0,3.0,5.0,6.0,2.0,2.0,5.0,4.0,6.0,5.0,2.0,3.0,2.0,3.0,6.0,6.0,1.0,4.0,5.0,256.0,1.0,1.0,64.0,128.0,1.0,1.0,1.0,1.0,1.0,32.0,1.0,2.0,5.0,6.0,4.0,5.0,1.0,3.0,5.0,2.0,1.0,4.0,3.0,3.0,6.0,4.0,2.0,5.0,4.0,64.0,4096.0,1.0,1.0,1536.0,1.0,1.0,1.0,1.0,16.0,160.0,1.0,1442944679.0,32702142.0,19708400000.0,154.88511111111112,3136.0,10.0,16187392.0,4.718738179080242e+16
128.0,32000000.0,3136.0,64.0,3.0,32.0,10.0,12.0,4.0,1.0,3.0,2.0,3.0,1.0,3.0,3.0,2.0,2.0,6.0,2.0,2.0,1.0,4.0,3.0,4.0,2.0,6.0,6.0,1.0,6.0,6.0,6.0,4096.0,8.0,1.0,256.0,8.0,1.0,1.0,1.0,1.0,8.0,128.0,1.0,6.0,4.0,1.0,2.0,1.0,3.0,5.0,4.0,6.0,2.0,1.0,5.0,5.0,4.0,6.0,6.0,1.0,5.0,16.0,4.0,1.0,768.0,32.0,1.0,1.0,1.0,1.0,2.0,80.0,1.0,5092863309.0,32749611.8,19707100000.0,130.19477777777777,3136.0,10.0,3211264.0,1.6678929632021344e+17
1024.0,2048000.0,3136.0,64.0,3.0,28.0,24.0,30.0,1.0,4.0,1.0,4.0,3.0,5.0,1.0,2.0,5.0,2.0,3.0,6.0,1.0,1.0,5.0,5.0,5.0,6.0,1.0,3.0,4.0,1.0,6.0,4.0,8.0,16.0,1.0,64.0,2.0,1.0,1.0,1.0,1.0,128.0,16.0,1.0,2.0,5.0,5.0,4.0,1.0,2.0,5.0,3.0,4.0,5.0,1.0,2.0,2.0,3.0,4.0,4.0,6.0,2.0,1024.0,4.0,1.0,512.0,16.0,1.0,1.0,1.0,1.0,40.0,8.0,1.0,351668045.0,35664021.0,19706900000.0,125.96322222222221,3136.0,10.0,1171456.0,1.2541896541908944e+16
128.0,2048000.0,3136.0,64.0,3.0,6.0,2.0,24.0,3.0,5.0,4.0,4.0,6.0,4.0,2.0,1.0,1.0,5.0,3.0,1.0,1.0,2.0,3.0,1.0,6.0,4.0,6.0,1.0,6.0,6.0,3.0,6.0,4.0,32.0,1.0,2048.0,16.0,1.0,1.0,1.0,1.0,128.0,2.0,1.0,1.0,4.0,3.0,1.0,3.0,6.0,3.0,4.0,1.0,6.0,3.0,5.0,2.0,5.0,4.0,2.0,1.0,1.0,256.0,16.0,1.0,3.0,1536.0,1.0,1.0,1.0,1.0,2.0,80.0,1.0,12335449968.0,33407783.0,19706900000.0,126.75755555555556,3136.0,10.0,1073152.0,4.121000357383009e+17
64000.0,4096000.0,3136.0,64.0,3.0,28.0,34.0,4.0,5.0,3.0,2.0,6.0,3.0,4.0,3.0,1.0,5.0,1.0,3.0,1.0,5.0,2.0,2.0,1.0,6.0,6.0,4.0,6.0,6.0,6.0,2.0,6.0,4.0,128.0,1.0,128.0,32.0,1.0,1.0,1.0,1.0,64.0,64.0,1.0,1.0,6.0,5.0,2.0,1.0,2.0,3.0,4.0,2.0,4.0,1.0,2.0,4.0,3.0,3.0,1.0,4.0,1.0,256.0,4.0,1.0,12.0,24.0,1.0,1.0,1.0,1.0,320.0,2.0,1.0,180644029.0,36523649.0,19706800000.0,124.2008888888889,3136.0,10.0,191488.0,6597779109141821.0
1024000.0,64000.0,3136.0,64.0,3.0,26.0,4.0,22.0,6.0,4.0,2.0,6.0,6.0,3.0,6.0,5.0,6.0,5.0,5.0,6.0,1.0,1.0,5.0,2.0,2.0,6.0,4.0,4.0,6.0,3.0,6.0,4.0,32.0,32.0,1.0,16.0,64.0,1.0,1.0,1.0,1.0,1.0,64.0,1.0,3.0,3.0,3.0,6.0,4.0,4.0,3.0,4.0,3.0,3.0,2.0,3.0,3.0,3.0,5.0,3.0,2.0,4.0,8.0,4.0,1.0,64.0,256.0,1.0,1.0,1.0,1.0,20.0,80.0,1.0,193451358.0,33813592.0,19706800000.0,124.57488888888889,3136.0,10.0,294912.0,6541285291257936.0
2048000.0,32000.0,3136.0,64.0,3.0,24.0,32.0,48.0,1.0,3.0,6.0,1.0,5.0,6.0,6.0,5.0,6.0,5.0,1.0,3.0,3.0,2.0,4.0,6.0,2.0,3.0,3.0,5.0,6.0,4.0,5.0,4.0,16.0,2048.0,1.0,1024.0,8.0,1.0,1.0,1.0,1.0,2.0,8.0,1.0,5.0,4.0,5.0,4.0,5.0,5.0,5.0,2.0,1.0,6.0,2.0,2.0,3.0,3.0,2.0,6.0,1.0,2.0,32.0,16.0,1.0,192.0,32.0,1.0,1.0,1.0,1.0,320.0,16.0,1.0,1185264550.0,35178147.7,19707200000.0,130.488,3136.0,10.0,4243456.0,4.169541140347404e+16
1024000.0,1024000.0,3136.0,64.0,3.0,16.0,12.0,10.0,3.0,4.0,1.0,6.0,1.0,4.0,4.0,1.0,5.0,2.0,2.0,1.0,1.0,3.0,2.0,2.0,2.0,5.0,5.0,4.0,6.0,1.0,6.0,5.0,4.0,4096.0,1.0,4.0,32.0,1.0,1.0,1.0,1.0,4.0,32.0,1.0,1.0,3.0,4.0,3.0,3.0,6.0,6.0,2.0,2.0,5.0,4.0,6.0,6.0,2.0,6.0,4.0,1.0,4.0,256.0,256.0,1.0,384.0,6.0,1.0,1.0,1.0,1.0,1.0,20.0,1.0,254323942.0,33005561.8,19706900000.0,126.86744444444444,3136.0,10.0,1318912.0,8394104584900616.0
2048000.0,128000.0,3136.0,64.0,3.0,16.0,6.0,40.0,5.0,2.0,2.0,6.0,1.0,1.0,4.0,6.0,4.0,5.0,1.0,1.0,1.0,2.0,2.0,5.0,4.0,4.0,2.0,5.0,6.0,5.0,2.0,6.0,8.0,16.0,1.0,4.0,128.0,1.0,1.0,1.0,1.0,2.0,2.0,1.0,4.0,5.0,1.0,5.0,4.0,6.0,2.0,6.0,3.0,1.0,6.0,6.0,3.0,6.0,4.0,2.0,1.0,3.0,4.0,256.0,1.0,1536.0,1536.0,1.0,1.0,1.0,1.0,5.0,64.0,1.0,62243804.0,34751443.0,19706900000.0,127.40633333333332,3136.0,10.0,1933312.0,2163062006809172.0
512000.0,32000000.0,3136.0,64.0,3.0,28.0,14.0,8.0,1.0,6.0,5.0,6.0,2.0,3.0,1.0,1.0,5.0,5.0,1.0,3.0,4.0,1.0,1.0,1.0,6.0,1.0,1.0,2.0,2.0,5.0,2.0,5.0,4096.0,64.0,1.0,4.0,256.0,1.0,1.0,1.0,1.0,128.0,32.0,1.0,4.0,6.0,4.0,4.0,1.0,4.0,6.0,6.0,2.0,4.0,2.0,4.0,3.0,3.0,1.0,4.0,3.0,2.0,1024.0,4.0,1.0,24.0,1.0,1.0,1.0,1.0,1.0,2.0,32.0,1.0,524334157.0,35131821.8,19707100000.0,129.987,3136.0,10.0,3211264.0,1.842081416737722e+16
64000.0,4096000.0,3136.0,64.0,3.0,38.0,14.0,30.0,3.0,5.0,3.0,5.0,3.0,1.0,1.0,2.0,4.0,5.0,5.0,5.0,3.0,5.0,3.0,3.0,6.0,6.0,3.0,6.0,2.0,2.0,3.0,3.0,2048.0,2048.0,1.0,64.0,128.0,1.0,1.0,1.0,1.0,64.0,2.0,1.0,1.0,3.0,4.0,4.0,2.0,2.0,2.0,3.0,6.0,1.0,6.0,1.0,6.0,3.0,1.0,2.0,5.0,4.0,1.0,4096.0,1.0,512.0,384.0,1.0,1.0,1.0,1.0,160.0,160.0,1.0,8623633017.0,32570464.7,19707500000.0,139.03288888888886,3136.0,10.0,7143424.0,2.80875734765953e+17
16000.0,64000.0,3136.0,64.0,3.0,30.0,30.0,28.0,2.0,4.0,5.0,6.0,2.0,4.0,3.0,5.0,4.0,1.0,5.0,5.0,1.0,2.0,2.0,3.0,4.0,6.0,6.0,4.0,1.0,1.0,1.0,5.0,64.0,8.0,1.0,128.0,512.0,1.0,1.0,1.0,1.0,2.0,8.0,1.0,1.0,3.0,2.0,4.0,4.0,4.0,1.0,3.0,2.0,4.0,3.0,5.0,2.0,3.0,5.0,4.0,5.0,1.0,1.0,128.0,1.0,384.0,256.0,1.0,1.0,1.0,1.0,20.0,40.0,1.0,5437013909.0,34236004.0,19706800000.0,124.25,3136.0,10.0,221184.0,1.8614162993657965e+17
32000.0,2048000.0,3136.0,64.0,3.0,14.0,22.0,8.0,3.0,4.0,6.0,3.0,2.0,2.0,6.0,1.0,1.0,6.0,6.0,5.0,2.0,3.0,5.0,5.0,5.0,3.0,2.0,5.0,3.0,1.0,5.0,2.0,16.0,128.0,1.0,16.0,32.0,1.0,1.0,1.0,1.0,128.0,4.0,1.0,6.0,2.0,4.0,4.0,4.0,1.0,2.0,1.0,4.0,1.0,6.0,1.0,4.0,2.0,2.0,2.0,4.0,5.0,64.0,1024.0,1.0,256.0,512.0,1.0,1.0,1.0,1.0,80.0,4.0,1.0,6109171846.0,33416695.0,19706900000.0,126.23966666666666,3136.0,10.0,1294336.0,2.0414833228036896e+17
64000.0,128000.0,3136.0,64.0,3.0,30.0,10.0,12.0,3.0,4.0,3.0,6.0,5.0,5.0,4.0,6.0,2.0,1.0,4.0,2.0,2.0,6.0,5.0,3.0,4.0,3.0,3.0,2.0,2.0,4.0,1.0,4.0,1.0,32.0,1.0,2048.0,8.0,1.0,1.0,1.0,1.0,2.0,8.0,1.0,1.0,1.0,2.0,2.0,3.0,3.0,6.0,6.0,2.0,4.0,1.0,5.0,4.0,5.0,3.0,5.0,5.0,2.0,128.0,1.0,1.0,384.0,12.0,1.0,1.0,1.0,1.0,64.0,40.0,1.0,396363757.0,33714184.0,19706800000.0,125.517,3136.0,10.0,663552.0,1.3363080634429288e+16
1024.0,2048000.0,3136.0,64.0,3.0,42.0,10.0,8.0,3.0,1.0,1.0,3.0,6.0,3.0,5.0,1.0,6.0,2.0,1.0,2.0,5.0,3.0,5.0,4.0,4.0,1.0,3.0,3.0,2.0,5.0,5.0,1.0,4096.0,8.0,1.0,256.0,2048.0,1.0,1.0,1.0,1.0,32.0,2.0,1.0,2.0,1.0,1.0,5.0,1.0,3.0,2.0,1.0,2.0,6.0,4.0,5.0,4.0,3.0,5.0,2.0,3.0,4.0,64.0,512.0,1.0,8.0,3.0,1.0,1.0,1.0,1.0,320.0,64.0,1.0,751297522.0,32639881.8,19708500000.0,150.66488888888887,3136.0,10.0,17170432.0,2.45222623147129e+16
2048000.0,32000000.0,3136.0,64.0,3.0,10.0,40.0,22.0,1.0,2.0,1.0,6.0,4.0,6.0,2.0,5.0,4.0,1.0,1.0,1.0,1.0,5.0,5.0,6.0,6.0,5.0,1.0,6.0,3.0,4.0,5.0,6.0,8.0,64.0,1.0,1.0,2.0,1.0,1.0,1.0,1.0,64.0,8.0,1.0,5.0,6.0,4.0,6.0,5.0,4.0,6.0,1.0,6.0,1.0,1.0,6.0,3.0,5.0,4.0,3.0,3.0,4.0,2048.0,2048.0,1.0,1024.0,1536.0,1.0,1.0,1.0,1.0,80.0,64.0,1.0,2646640236.0,37882460.0,19707600000.0,139.06533333333334,3136.0,10.0,8011776.0,1.0026124287466056e+17
64000.0,8192000.0,3136.0,64.0,3.0,38.0,4.0,22.0,3.0,4.0,5.0,2.0,5.0,4.0,3.0,6.0,3.0,6.0,4.0,4.0,6.0,2.0,1.0,6.0,4.0,3.0,6.0,6.0,4.0,4.0,2.0,2.0,256.0,256.0,1.0,16.0,512.0,1.0,1.0,1.0,1.0,2.0,4.0,1.0,6.0,6.0,3.0,1.0,2.0,4.0,2.0,4.0,4.0,2.0,3.0,3.0,5.0,6.0,1.0,2.0,1.0,5.0,1.0,2.0,1.0,192.0,384.0,1.0,1.0,1.0,1.0,10.0,1.0,1.0,1267744945.0,80409990.0,19706800000.0,124.11233333333332,3136.0,10.0,268288.0,1.0193935835000054e+17
2048.0,8192000.0,3136.0,64.0,3.0,10.0,22.0,24.0,5.0,6.0,4.0,6.0,1.0,2.0,2.0,4.0,2.0,5.0,6.0,2.0,2.0,6.0,6.0,3.0,4.0,2.0,6.0,6.0,1.0,4.0,5.0,4.0,32.0,1024.0,1.0,1.0,128.0,1.0,1.0,1.0,1.0,4.0,1.0,1.0,5.0,1.0,5.0,6.0,1.0,1.0,6.0,3.0,5.0,1.0,5.0,3.0,1.0,4.0,6.0,3.0,1.0,5.0,64.0,256.0,1.0,64.0,256.0,1.0,1.0,1.0,1.0,40.0,10.0,1.0,1303063938.0,34143833.0,19706800000.0,124.79977777777778,3136.0,10.0,335872.0,4.449159748739435e+16
512.0,16000.0,3136.0,64.0,3.0,16.0,8.0,12.0,5.0,2.0,4.0,4.0,6.0,4.0,4.0,5.0,2.0,2.0,4.0,1.0,4.0,1.0,3.0,3.0,3.0,5.0,2.0,3.0,3.0,3.0,3.0,3.0,2048.0,16.0,1.0,4.0,1024.0,1.0,1.0,1.0,1.0,128.0,64.0,1.0,1.0,4.0,3.0,6.0,1.0,2.0,6.0,4.0,2.0,2.0,1.0,4.0,6.0,2.0,6.0,3.0,5.0,4.0,2.0,16.0,1.0,3.0,48.0,1.0,1.0,1.0,1.0,64.0,4.0,1.0,3158854649.0,40909155.9,19707300000.0,131.33922222222222,3136.0,10.0,4980736.0,1.2922607730138077e+17
4096.0,8192000.0,3136.0,64.0,3.0,8.0,2.0,36.0,1.0,5.0,4.0,6.0,1.0,6.0,4.0,6.0,4.0,5.0,4.0,3.0,6.0,2.0,4.0,6.0,3.0,6.0,5.0,1.0,5.0,6.0,2.0,6.0,4.0,2.0,1.0,2.0,16.0,1.0,1.0,1.0,1.0,64.0,2.0,1.0,5.0,4.0,4.0,6.0,3.0,2.0,2.0,2.0,6.0,2.0,6.0,4.0,4.0,4.0,1.0,5.0,6.0,6.0,8.0,16.0,1.0,2.0,2.0,1.0,1.0,1.0,1.0,1.0,16.0,1.0,1879441422.0,43690580.0,19706700000.0,123.71322222222221,3136.0,10.0,11584.0,8.211388580320477e+16
512000.0,32000.0,3136.0,64.0,3.0,6.0,32.0,4.0,4.0,6.0,3.0,5.0,5.0,1.0,3.0,6.0,4.0,1.0,6.0,6.0,6.0,6.0,5.0,5.0,2.0,5.0,5.0,1.0,5.0,2.0,6.0,4.0,32.0,1.0,1.0,4.0,2048.0,1.0,1.0,1.0,1.0,1.0,8.0,1.0,2.0,4.0,3.0,2.0,1.0,3.0,2.0,6.0,2.0,1.0,2.0,6.0,6.0,2.0,6.0,1.0,2.0,4.0,2.0,2048.0,1.0,1024.0,8.0,1.0,1.0,1.0,1.0,40.0,20.0,1.0,88331168.0,33107474.0,19707400000.0,136.50811111111113,3136.0,10.0,6160384.0,2924421847949632.0
32000.0,32000000.0,3136.0,64.0,3.0,40.0,6.0,24.0,5.0,5.0,6.0,5.0,3.0,5.0,1.0,1.0,6.0,4.0,3.0,6.0,5.0,5.0,5.0,2.0,1.0,4.0,5.0,6.0,4.0,5.0,1.0,2.0,16.0,2.0,1.0,2.0,128.0,1.0,1.0,1.0,1.0,128.0,1.0,1.0,6.0,1.0,2.0,3.0,2.0,4.0,4.0,5.0,6.0,4.0,3.0,3.0,2.0,2.0,3.0,5.0,2.0,1.0,1024.0,4096.0,1.0,3.0,128.0,1.0,1.0,1.0,1.0,80.0,40.0,1.0,2362003832.0,34467226.0,19706900000.0,127.05111111111111,3136.0,10.0,1724416.0,8.141171989041003e+16
32000.0,16000.0,3136.0,64.0,3.0,44.0,8.0,8.0,6.0,6.0,2.0,1.0,2.0,4.0,2.0,6.0,2.0,2.0,2.0,3.0,4.0,5.0,1.0,3.0,4.0,1.0,2.0,1.0,6.0,2.0,4.0,6.0,1.0,128.0,1.0,256.0,8.0,1.0,1.0,1.0,1.0,32.0,2.0,1.0,5.0,2.0,1.0,2.0,5.0,6.0,1.0,1.0,6.0,4.0,3.0,5.0,2.0,3.0,2.0,4.0,1.0,2.0,128.0,64.0,1.0,6.0,192.0,1.0,1.0,1.0,1.0,320.0,320.0,1.0,96475253.0,32539701.6,19707200000.0,135.60011111111112,3136.0,10.0,4317184.0,3139275944404505.0
512000.0,32000000.0,3136.0,64.0,3.0,32.0,12.0,20.0,5.0,6.0,6.0,3.0,6.0,2.0,3.0,2.0,2.0,6.0,6.0,5.0,4.0,5.0,2.0,1.0,5.0,6.0,6.0,2.0,4.0,3.0,1.0,3.0,2048.0,2048.0,1.0,32.0,512.0,1.0,1.0,1.0,1.0,8.0,64.0,1.0,6.0,3.0,1.0,5.0,6.0,4.0,6.0,5.0,1.0,2.0,3.0,2.0,1.0,5.0,1.0,6.0,1.0,3.0,2.0,16.0,1.0,2.0,2.0,1.0,1.0,1.0,1.0,32.0,32.0,1.0,1569475049.0,40595921.0,19707000000.0,127.40344444444443,3136.0,10.0,2424832.0,6.371428510067513e+16
512.0,4096000.0,3136.0,64.0,3.0,8.0,16.0,6.0,5.0,4.0,5.0,1.0,2.0,3.0,3.0,1.0,1.0,1.0,2.0,2.0,4.0,6.0,2.0,4.0,1.0,2.0,5.0,4.0,3.0,4.0,1.0,2.0,4096.0,1.0,1.0,2048.0,8.0,1.0,1.0,1.0,1.0,4.0,16.0,1.0,3.0,4.0,3.0,5.0,2.0,2.0,6.0,4.0,2.0,4.0,4.0,4.0,1.0,6.0,6.0,3.0,1.0,4.0,64.0,4096.0,1.0,16.0,64.0,1.0,1.0,1.0,1.0,5.0,2.0,1.0,6319612935.0,50304311.8,19708500000.0,150.79466666666664,3136.0,10.0,16973824.0,3.179037795375531e+17
16000.0,1024000.0,3136.0,64.0,3.0,6.0,30.0,16.0,5.0,1.0,5.0,6.0,5.0,5.0,4.0,2.0,5.0,3.0,6.0,4.0,5.0,1.0,6.0,6.0,5.0,2.0,3.0,2.0,2.0,1.0,2.0,2.0,32.0,4.0,1.0,1.0,128.0,1.0,1.0,1.0,1.0,1.0,2.0,1.0,4.0,2.0,3.0,4.0,4.0,6.0,2.0,6.0,4.0,6.0,3.0,5.0,1.0,6.0,5.0,1.0,3.0,3.0,4096.0,128.0,1.0,1536.0,3.0,1.0,1.0,1.0,1.0,320.0,10.0,1.0,1362530309.0,34530619.0,19708400000.0,154.7277777777778,3136.0,10.0,16187392.0,4.704901497603127e+16
4096.0,512000.0,3136.0,64.0,3.0,36.0,30.0,32.0,1.0,6.0,5.0,5.0,1.0,4.0,3.0,3.0,6.0,2.0,2.0,2.0,3.0,3.0,4.0,4.0,6.0,1.0,2.0,2.0,6.0,6.0,2.0,1.0,256.0,256.0,1.0,32.0,4.0,1.0,1.0,1.0,1.0,16.0,8.0,1.0,3.0,2.0,2.0,6.0,6.0,6.0,1.0,3.0,6.0,4.0,2.0,6.0,4.0,1.0,3.0,5.0,4.0,6.0,16.0,64.0,1.0,192.0,64.0,1.0,1.0,1.0,1.0,64.0,2.0,1.0,6848603182.0,35578679.0,19706700000.0,123.83255555555556,3136.0,10.0,57344.0,2.4366425421075658e+17
256.0,64000.0,3136.0,64.0,3.0,14.0,30.0,40.0,4.0,4.0,2.0,1.0,2.0,1.0,3.0,5.0,1.0,4.0,6.0,4.0,6.0,3.0,3.0,1.0,4.0,2.0,1.0,3.0,1.0,6.0,3.0,6.0,1024.0,128.0,1.0,1.0,4.0,1.0,1.0,1.0,1.0,1.0,4.0,1.0,3.0,2.0,6.0,4.0,5.0,6.0,4.0,4.0,1.0,4.0,1.0,3.0,6.0,5.0,2.0,6.0,2.0,2.0,256.0,1024.0,1.0,192.0,128.0,1.0,1.0,1.0,1.0,320.0,320.0,1.0,7249994595.0,39868160.0,19707000000.0,127.98822222222222,3136.0,10.0,2220032.0,2.890439445125952e+17
512000.0,16000000.0,3136.0,64.0,3.0,22.0,28.0,16.0,5.0,5.0,6.0,5.0,2.0,2.0,3.0,6.0,4.0,5.0,4.0,4.0,5.0,5.0,5.0,5.0,2.0,1.0,2.0,1.0,4.0,6.0,3.0,5.0,2048.0,8.0,1.0,64.0,1.0,1.0,1.0,1.0,1.0,64.0,16.0,1.0,3.0,3.0,5.0,4.0,3.0,2.0,4.0,2.0,6.0,1.0,6.0,2.0,3.0,2.0,3.0,4.0,1.0,3.0,4096.0,256.0,1.0,6.0,12.0,1.0,1.0,1.0,1.0,40.0,5.0,1.0,379117220.0,34816202.0,19706800000.0,125.31777777777778,3136.0,10.0,532480.0,1.319942171319844e+16
512000.0,32000.0,3136.0,64.0,3.0,6.0,42.0,46.0,1.0,6.0,4.0,4.0,2.0,3.0,1.0,6.0,6.0,6.0,4.0,2.0,4.0,1.0,2.0,6.0,2.0,1.0,6.0,3.0,5.0,5.0,5.0,5.0,1.0,4096.0,1.0,8.0,64.0,1.0,1.0,1.0,1.0,128.0,16.0,1.0,4.0,3.0,3.0,3.0,6.0,3.0,6.0,1.0,6.0,5.0,4.0,4.0,4.0,3.0,4.0,4.0,1.0,1.0,1024.0,128.0,1.0,32.0,384.0,1.0,1.0,1.0,1.0,10.0,80.0,1.0,406901220.0,32713621.8,19706900000.0,128.05933333333334,3136.0,10.0,1589248.0,1.3311212621038596e+16
